#
# There is insufficient memory for the Java Runtime Environment to continue.
# Native memory allocation (malloc) failed to allocate 32744 bytes. Error detail: Chunk::new
# Possible reasons:
#   The system is out of physical RAM or swap space
#   This process is running with CompressedOops enabled, and the Java Heap may be blocking the growth of the native heap
# Possible solutions:
#   Reduce memory load on the system
#   Increase physical memory or swap space
#   Check if swap backing store is full
#   Decrease Java heap size (-Xmx/-Xms)
#   Decrease number of Java threads
#   Decrease Java thread stack sizes (-Xss)
#   Set larger code cache with -XX:ReservedCodeCacheSize=
#   JVM is running with Unscaled Compressed Oops mode in which the Java heap is
#     placed in the first 4GB address space. The Java Heap base address is the
#     maximum limit for the native heap growth. Please use -XX:HeapBaseMinAddress
#     to set the Java Heap base and to place the Java Heap above 4GB virtual address.
# This output file may be truncated or incomplete.
#
#  Out of Memory Error (arena.cpp:168), pid=25344, tid=15996
#
# JRE version: OpenJDK Runtime Environment Temurin-21.0.10+7 (21.0.10+7) (build 21.0.10+7-LTS)
# Java VM: OpenJDK 64-Bit Server VM Temurin-21.0.10+7 (21.0.10+7-LTS, mixed mode, sharing, tiered, compressed oops, compressed class ptrs, g1 gc, windows-amd64)
# No core dump will be written. Minidumps are not enabled by default on client versions of Windows
#

---------------  S U M M A R Y ------------

Command Line: --add-modules=ALL-SYSTEM --add-opens=java.base/java.util=ALL-UNNAMED --add-opens=java.base/java.lang=ALL-UNNAMED --add-opens=java.base/sun.nio.fs=ALL-UNNAMED -Declipse.application=org.eclipse.jdt.ls.core.id1 -Dosgi.bundles.defaultStartLevel=4 -Declipse.product=org.eclipse.jdt.ls.core.product -Djava.import.generatesMetadataFilesAtProjectRoot=false -DDetectVMInstallationsJob.disabled=true -Dfile.encoding=utf8 -Xlog:disable -Xms256m -Xmx1024m -javaagent:c:\Users\anshm\.vscode\extensions\redhat.java-1.53.0-win32-x64\lombok\lombok-1.18.39-4050.jar c:\Users\anshm\.vscode\extensions\redhat.java-1.53.0-win32-x64\server\plugins\org.eclipse.equinox.launcher_1.7.100.v20251111-0406.jar -configuration c:\Users\anshm\AppData\Roaming\Code\User\globalStorage\redhat.java\1.53.0\config_ss_win -data c:\Users\anshm\AppData\Roaming\Code\User\workspaceStorage\ebb9056eb621576684825bd64064f457\redhat.java\ss_ws --pipe=\\.\pipe\lsp-9595033c3ea4ac223e022ad2b27e9c99-sock

Host: Intel(R) Core(TM) i5-10200H CPU @ 2.40GHz, 8 cores, 7G,  Windows 11 , 64 bit Build 26100 (10.0.26100.7920)
Time: Sat Mar 14 12:38:47 2026 India Standard Time elapsed time: 11.638468 seconds (0d 0h 0m 11s)

---------------  T H R E A D  ---------------

Current thread (0x00000120df8dbea0):  JavaThread "Start Level: Equinox Container: 926b8895-f8be-4060-b60a-748c29bfc264" daemon [_thread_in_vm, id=15996, stack(0x0000000975800000,0x0000000975900000) (1024K)]

Stack: [0x0000000975800000,0x0000000975900000]
Native frames: (J=compiled Java code, j=interpreted, Vv=VM code, C=native code)
V  [jvm.dll+0x6d7a39]
V  [jvm.dll+0x8b4b26]
V  [jvm.dll+0x8b70de]
V  [jvm.dll+0x8b77c3]
V  [jvm.dll+0x284346]
V  [jvm.dll+0xc66ed]
V  [jvm.dll+0xc6c31]
V  [jvm.dll+0x887e34]
V  [jvm.dll+0x3e9143]
V  [jvm.dll+0x480579]
C  0x00000120cf5254be

The last pc belongs to native nmethod (printed below).
Java frames: (J=compiled Java code, j=interpreted, Vv=VM code)
J 435  java.lang.ClassLoader.findLoadedClass0(Ljava/lang/String;)Ljava/lang/Class; java.base@21.0.10 (0 bytes) @ 0x00000120cf525427 [0x00000120cf5253c0+0x0000000000000067]
J 741 c1 java.lang.ClassLoader.findLoadedClass(Ljava/lang/String;)Ljava/lang/Class; java.base@21.0.10 (15 bytes) @ 0x00000120c7b4e9e4 [0x00000120c7b4e8e0+0x0000000000000104]
j  org.eclipse.osgi.internal.loader.ModuleClassLoader.defineClass(Ljava/lang/String;[BLorg/eclipse/osgi/internal/loader/classpath/ClasspathEntry;)Lorg/eclipse/osgi/internal/loader/ModuleClassLoader$DefineClassResult;+17
j  org.eclipse.osgi.internal.loader.classpath.ClasspathManager.defineClass(Ljava/lang/String;[BLorg/eclipse/osgi/internal/loader/classpath/ClasspathEntry;Lorg/eclipse/osgi/storage/bundlefile/BundleEntry;Ljava/util/List;)Ljava/lang/Class;+424
j  org.eclipse.osgi.internal.loader.classpath.ClasspathManager.findClassImpl(Ljava/lang/String;Lorg/eclipse/osgi/internal/loader/classpath/ClasspathEntry;Ljava/util/List;)Ljava/lang/Class;+288
j  org.eclipse.osgi.internal.loader.classpath.ClasspathManager.findLocalClassImpl(Ljava/lang/String;[Lorg/eclipse/osgi/internal/loader/classpath/ClasspathEntry;Ljava/util/List;)Ljava/lang/Class;+30
j  org.eclipse.osgi.internal.loader.classpath.ClasspathManager.findLocalClassImpl(Ljava/lang/String;Ljava/util/List;)Ljava/lang/Class;+69
j  org.eclipse.osgi.internal.loader.classpath.ClasspathManager.findLocalClass(Ljava/lang/String;)Ljava/lang/Class;+113
j  org.eclipse.osgi.internal.loader.ModuleClassLoader.findLocalClass(Ljava/lang/String;)Ljava/lang/Class;+5
j  org.eclipse.osgi.internal.loader.BundleLoader.findLocalClass(Ljava/lang/String;)Ljava/lang/Class;+65
j  org.eclipse.osgi.internal.loader.sources.SingleSourcePackage.loadClass(Ljava/lang/String;)Ljava/lang/Class;+5
J 1931 c1 org.eclipse.osgi.internal.loader.BundleLoader.findClass0(Ljava/lang/String;ZZ)Ljava/lang/Class; (490 bytes) @ 0x00000120c7d9f274 [0x00000120c7d9c1e0+0x0000000000003094]
J 1887 c1 org.eclipse.osgi.internal.loader.BundleLoader.findClass(Ljava/lang/String;)Ljava/lang/Class; (8 bytes) @ 0x00000120c7d8804c [0x00000120c7d87fc0+0x000000000000008c]
J 1891 c1 org.eclipse.osgi.internal.loader.ModuleClassLoader.loadClass(Ljava/lang/String;Z)Ljava/lang/Class; (36 bytes) @ 0x00000120c7d89f4c [0x00000120c7d89d20+0x000000000000022c]
J 1018 c1 java.lang.ClassLoader.loadClass(Ljava/lang/String;)Ljava/lang/Class; java.base@21.0.10 (7 bytes) @ 0x00000120c7bc7f54 [0x00000120c7bc7e40+0x0000000000000114]
v  ~StubRoutines::call_stub 0x00000120cef6100d
J 1129  java.lang.ClassLoader.defineClass1(Ljava/lang/ClassLoader;Ljava/lang/String;[BIILjava/security/ProtectionDomain;Ljava/lang/String;)Ljava/lang/Class; java.base@21.0.10 (0 bytes) @ 0x00000120cf578e91 [0x00000120cf578dc0+0x00000000000000d1]
J 1814 c1 java.lang.ClassLoader.defineClass(Ljava/lang/String;[BIILjava/security/ProtectionDomain;)Ljava/lang/Class; java.base@21.0.10 (43 bytes) @ 0x00000120c7d65c7c [0x00000120c7d65920+0x000000000000035c]
j  org.eclipse.osgi.internal.loader.ModuleClassLoader.defineClass(Ljava/lang/String;[BLorg/eclipse/osgi/internal/loader/classpath/ClasspathEntry;)Lorg/eclipse/osgi/internal/loader/ModuleClassLoader$DefineClassResult;+37
j  org.eclipse.osgi.internal.loader.classpath.ClasspathManager.defineClass(Ljava/lang/String;[BLorg/eclipse/osgi/internal/loader/classpath/ClasspathEntry;Lorg/eclipse/osgi/storage/bundlefile/BundleEntry;Ljava/util/List;)Ljava/lang/Class;+424
j  org.eclipse.osgi.internal.loader.classpath.ClasspathManager.findClassImpl(Ljava/lang/String;Lorg/eclipse/osgi/internal/loader/classpath/ClasspathEntry;Ljava/util/List;)Ljava/lang/Class;+288
j  org.eclipse.osgi.internal.loader.classpath.ClasspathManager.findLocalClassImpl(Ljava/lang/String;[Lorg/eclipse/osgi/internal/loader/classpath/ClasspathEntry;Ljava/util/List;)Ljava/lang/Class;+30
j  org.eclipse.osgi.internal.loader.classpath.ClasspathManager.findLocalClassImpl(Ljava/lang/String;Ljava/util/List;)Ljava/lang/Class;+69
j  org.eclipse.osgi.internal.loader.classpath.ClasspathManager.findLocalClass(Ljava/lang/String;)Ljava/lang/Class;+113
j  org.eclipse.osgi.internal.loader.ModuleClassLoader.findLocalClass(Ljava/lang/String;)Ljava/lang/Class;+5
j  org.eclipse.osgi.internal.loader.BundleLoader.findLocalClass(Ljava/lang/String;)Ljava/lang/Class;+65
J 1931 c1 org.eclipse.osgi.internal.loader.BundleLoader.findClass0(Ljava/lang/String;ZZ)Ljava/lang/Class; (490 bytes) @ 0x00000120c7d9f36c [0x00000120c7d9c1e0+0x000000000000318c]
J 1887 c1 org.eclipse.osgi.internal.loader.BundleLoader.findClass(Ljava/lang/String;)Ljava/lang/Class; (8 bytes) @ 0x00000120c7d8804c [0x00000120c7d87fc0+0x000000000000008c]
J 1891 c1 org.eclipse.osgi.internal.loader.ModuleClassLoader.loadClass(Ljava/lang/String;Z)Ljava/lang/Class; (36 bytes) @ 0x00000120c7d89f4c [0x00000120c7d89d20+0x000000000000022c]
J 1018 c1 java.lang.ClassLoader.loadClass(Ljava/lang/String;)Ljava/lang/Class; java.base@21.0.10 (7 bytes) @ 0x00000120c7bc7f54 [0x00000120c7bc7e40+0x0000000000000114]
v  ~StubRoutines::call_stub 0x00000120cef6100d
j  org.eclipse.core.internal.registry.osgi.Activator.start(Lorg/osgi/framework/BundleContext;)V+19
j  org.eclipse.osgi.internal.framework.BundleContextImpl$2.run()Ljava/lang/Void;+23
j  org.eclipse.osgi.internal.framework.BundleContextImpl$2.run()Ljava/lang/Object;+1
J 1163 c1 java.security.AccessController.executePrivileged(Ljava/security/PrivilegedExceptionAction;Ljava/security/AccessControlContext;Ljava/lang/Class;)Ljava/lang/Object; java.base@21.0.10 (65 bytes) @ 0x00000120c7c0cbc4 [0x00000120c7c0ca60+0x0000000000000164]
j  java.security.AccessController.doPrivileged(Ljava/security/PrivilegedExceptionAction;)Ljava/lang/Object;+9 java.base@21.0.10
j  org.eclipse.osgi.internal.framework.BundleContextImpl.startActivator(Lorg/osgi/framework/BundleActivator;)V+9
j  org.eclipse.osgi.internal.framework.BundleContextImpl.start()V+141
j  org.eclipse.osgi.internal.framework.EquinoxBundle.startWorker0()V+35
j  org.eclipse.osgi.internal.framework.EquinoxBundle$EquinoxModule.startWorker()V+4
j  org.eclipse.osgi.container.Module.doStart([Lorg/eclipse/osgi/container/Module$StartOptions;)Lorg/eclipse/osgi/container/ModuleContainerAdaptor$ModuleEvent;+200
j  org.eclipse.osgi.container.Module.start([Lorg/eclipse/osgi/container/Module$StartOptions;)V+460
j  org.eclipse.osgi.framework.util.SecureAction.start(Lorg/eclipse/osgi/container/Module;[Lorg/eclipse/osgi/container/Module$StartOptions;)V+8
j  org.eclipse.osgi.internal.hooks.EclipseLazyStarter.postFindLocalClass(Ljava/lang/String;Ljava/lang/Class;Lorg/eclipse/osgi/internal/loader/classpath/ClasspathManager;)V+173
j  org.eclipse.osgi.internal.loader.classpath.ClasspathManager.findLocalClass(Ljava/lang/String;)Ljava/lang/Class;+148
j  org.eclipse.osgi.internal.loader.ModuleClassLoader.findLocalClass(Ljava/lang/String;)Ljava/lang/Class;+5
j  org.eclipse.osgi.internal.loader.BundleLoader.findLocalClass(Ljava/lang/String;)Ljava/lang/Class;+65
j  org.eclipse.osgi.internal.loader.sources.SingleSourcePackage.loadClass(Ljava/lang/String;)Ljava/lang/Class;+5
j  org.eclipse.osgi.internal.loader.sources.MultiSourcePackage.loadClass(Ljava/lang/String;)Ljava/lang/Class;+26
j  org.eclipse.osgi.internal.loader.BundleLoader.findClass0(Ljava/lang/String;ZZ)Ljava/lang/Class;+315
J 1887 c1 org.eclipse.osgi.internal.loader.BundleLoader.findClass(Ljava/lang/String;)Ljava/lang/Class; (8 bytes) @ 0x00000120c7d8804c [0x00000120c7d87fc0+0x000000000000008c]
J 1891 c1 org.eclipse.osgi.internal.loader.ModuleClassLoader.loadClass(Ljava/lang/String;Z)Ljava/lang/Class; (36 bytes) @ 0x00000120c7d89f4c [0x00000120c7d89d20+0x000000000000022c]
J 1018 c1 java.lang.ClassLoader.loadClass(Ljava/lang/String;)Ljava/lang/Class; java.base@21.0.10 (7 bytes) @ 0x00000120c7bc7f54 [0x00000120c7bc7e40+0x0000000000000114]
v  ~StubRoutines::call_stub 0x00000120cef6100d
j  java.lang.Class.getDeclaredConstructors0(Z)[Ljava/lang/reflect/Constructor;+0 java.base@21.0.10
j  java.lang.Class.privateGetDeclaredConstructors(Z)[Ljava/lang/reflect/Constructor;+52 java.base@21.0.10
j  java.lang.Class.getConstructors()[Ljava/lang/reflect/Constructor;+20 java.base@21.0.10
j  org.apache.felix.scr.impl.inject.internal.ComponentConstructorImpl.<init>(Lorg/apache/felix/scr/impl/metadata/ComponentMetadata;Ljava/lang/Class;Lorg/apache/felix/scr/impl/logger/ComponentLogger;)V+212
j  org.apache.felix.scr.impl.inject.internal.ComponentMethodsImpl.initComponentMethods(Lorg/apache/felix/scr/impl/metadata/ComponentMetadata;Ljava/lang/Class;Lorg/apache/felix/scr/impl/logger/ComponentLogger;)V+306
j  org.apache.felix.scr.impl.manager.AbstractComponentManager.initDependencyManagers(Lorg/apache/felix/scr/impl/manager/ComponentContextImpl;)V+76
j  org.apache.felix.scr.impl.manager.AbstractComponentManager.collectDependencies(Lorg/apache/felix/scr/impl/manager/ComponentContextImpl;)Z+2
j  org.apache.felix.scr.impl.manager.SingleComponentManager.getServiceInternal(Lorg/osgi/framework/ServiceRegistration;)Z+25
j  org.apache.felix.scr.impl.manager.AbstractComponentManager.activateInternal()V+438
j  org.apache.felix.scr.impl.manager.AbstractComponentManager.enableInternal()V+179
j  org.apache.felix.scr.impl.manager.AbstractComponentManager.enable(Z)Lorg/osgi/util/promise/Promise;+12
j  org.apache.felix.scr.impl.manager.ConfigurableComponentHolder.enableComponents(Z)Lorg/osgi/util/promise/Promise;+275
j  org.apache.felix.scr.impl.BundleComponentActivator.initialEnable()V+107
j  org.apache.felix.scr.impl.Activator.loadComponents(Lorg/osgi/framework/Bundle;)V+392
j  org.apache.felix.scr.impl.Activator.access$200(Lorg/apache/felix/scr/impl/Activator;Lorg/osgi/framework/Bundle;)V+2
j  org.apache.felix.scr.impl.Activator$ScrExtension.start()V+72
j  org.apache.felix.scr.impl.AbstractExtender.createExtension(Lorg/osgi/framework/Bundle;)V+71
j  org.apache.felix.scr.impl.AbstractExtender.modifiedBundle(Lorg/osgi/framework/Bundle;Lorg/osgi/framework/BundleEvent;Lorg/osgi/framework/Bundle;)V+115
j  org.apache.felix.scr.impl.AbstractExtender.addingBundle(Lorg/osgi/framework/Bundle;Lorg/osgi/framework/BundleEvent;)Lorg/osgi/framework/Bundle;+4
j  org.apache.felix.scr.impl.AbstractExtender.addingBundle(Lorg/osgi/framework/Bundle;Lorg/osgi/framework/BundleEvent;)Ljava/lang/Object;+3
j  org.osgi.util.tracker.BundleTracker$Tracked.customizerAdding(Lorg/osgi/framework/Bundle;Lorg/osgi/framework/BundleEvent;)Ljava/lang/Object;+9
j  org.osgi.util.tracker.BundleTracker$Tracked.customizerAdding(Ljava/lang/Object;Ljava/lang/Object;)Ljava/lang/Object;+9
j  org.osgi.util.tracker.AbstractTracked.trackAdding(Ljava/lang/Object;Ljava/lang/Object;)V+8
j  org.osgi.util.tracker.AbstractTracked.track(Ljava/lang/Object;Ljava/lang/Object;)V+83
j  org.osgi.util.tracker.BundleTracker$Tracked.bundleChanged(Lorg/osgi/framework/BundleEvent;)V+35
j  org.eclipse.osgi.internal.framework.BundleContextImpl.dispatchEvent(Ljava/lang/Object;Ljava/lang/Object;ILjava/lang/Object;)V+166
j  org.eclipse.osgi.framework.eventmgr.EventManager.dispatchEvent(Ljava/util/Set;Lorg/eclipse/osgi/framework/eventmgr/EventDispatcher;ILjava/lang/Object;)V+48
j  org.eclipse.osgi.framework.eventmgr.ListenerQueue.dispatchEventSynchronous(ILjava/lang/Object;)V+67
j  org.eclipse.osgi.internal.framework.EquinoxEventPublisher.publishBundleEventPrivileged(Lorg/osgi/framework/BundleEvent;)V+547
j  org.eclipse.osgi.internal.framework.EquinoxEventPublisher.publishBundleEvent(Lorg/osgi/framework/BundleEvent;)V+8
j  org.eclipse.osgi.internal.framework.EquinoxEventPublisher.publishBundleEvent(ILorg/osgi/framework/Bundle;Lorg/osgi/framework/Bundle;)V+15
j  org.eclipse.osgi.internal.framework.EquinoxContainerAdaptor.publishModuleEvent(Lorg/eclipse/osgi/container/ModuleContainerAdaptor$ModuleEvent;Lorg/eclipse/osgi/container/Module;Lorg/eclipse/osgi/container/Module;)V+29
j  org.eclipse.osgi.container.Module.publishEvent(Lorg/eclipse/osgi/container/ModuleContainerAdaptor$ModuleEvent;)V+13
j  org.eclipse.osgi.container.Module.start([Lorg/eclipse/osgi/container/Module$StartOptions;)V+588
j  org.eclipse.osgi.container.ModuleContainer$ContainerStartLevel$2.run()V+83
j  org.eclipse.osgi.internal.framework.EquinoxContainerAdaptor$1$1.execute(Ljava/lang/Runnable;)V+1
j  org.eclipse.osgi.container.ModuleContainer$ContainerStartLevel.incStartLevel(ILjava/util/List;Z)V+193
j  org.eclipse.osgi.container.ModuleContainer$ContainerStartLevel.incStartLevel(ILjava/util/List;Ljava/util/List;Ljava/util/List;Ljava/util/List;)V+4
j  org.eclipse.osgi.container.ModuleContainer$ContainerStartLevel.doContainerStartLevel(Lorg/eclipse/osgi/container/Module;I[Lorg/osgi/framework/FrameworkListener;)V+358
j  org.eclipse.osgi.container.ModuleContainer$ContainerStartLevel.dispatchEvent(Lorg/eclipse/osgi/container/Module;[Lorg/osgi/framework/FrameworkListener;ILjava/lang/Integer;)V+32
j  org.eclipse.osgi.container.ModuleContainer$ContainerStartLevel.dispatchEvent(Ljava/lang/Object;Ljava/lang/Object;ILjava/lang/Object;)V+15
j  org.eclipse.osgi.framework.eventmgr.EventManager.dispatchEvent(Ljava/util/Set;Lorg/eclipse/osgi/framework/eventmgr/EventDispatcher;ILjava/lang/Object;)V+48
j  org.eclipse.osgi.framework.eventmgr.EventManager$EventThread.run()V+26
v  ~StubRoutines::call_stub 0x00000120cef6100d

Compiled method (n/a) 11756  435     n 0       java.lang.ClassLoader::findLoadedClass0 (native)
 total in heap  [0x00000120cf525210,0x00000120cf525738] = 1320
 relocation     [0x00000120cf525370,0x00000120cf5253a8] = 56
 main code      [0x00000120cf5253c0,0x00000120cf525733] = 883
 stub code      [0x00000120cf525733,0x00000120cf525738] = 5

[Constant Pool (empty)]

[MachCode]
[Entry Point]
  # {method} {0x0000012080434d70} 'findLoadedClass0' '(Ljava/lang/String;)Ljava/lang/Class;' in 'java/lang/ClassLoader'
  # this:     rdx:rdx   = 'java/lang/ClassLoader'
  # parm0:    r8:r8     = 'java/lang/String'
  #           [sp+0x70]  (sp of caller)
  0x00000120cf5253c0: 448b 5208 | 49bb 0000 | 0080 2001 | 0000 4d03 | d349 3bc2 | 0f84 0600 

  0x00000120cf5253d8: ;   {runtime_call ic_miss_stub}
  0x00000120cf5253d8: 0000 e9a1 | 93a8 ff90 
[Verified Entry Point]
  0x00000120cf5253e0: 8984 2400 | 80ff ff55 | 488b ec48 | 83ec 6090 | 4181 7f20 | 0100 0000 

  0x00000120cf5253f8: ;   {runtime_call StubRoutines (final stubs)}
  0x00000120cf5253f8: 7405 e8a1 | 10a7 ff4c | 8944 2428 | 4983 f800 | 4c8d 4424 | 284c 0f44 | 4424 2848 | 8954 2420 
  0x00000120cf525418: 4883 fa00 | 488d 5424 | 2048 0f44 | 5424 20c5 

  0x00000120cf525428: ;   {internal_word}
  0x00000120cf525428: f877 49ba | 2754 52cf | 2001 0000 | 4d89 97a8 | 0300 0049 | 89a7 a003 

  0x00000120cf525440: ;   {external_word}
  0x00000120cf525440: 0000 49ba | c65c a63f | fe7f 0000 | 4180 3a00 | 0f84 4a00 | 0000 5241 

  0x00000120cf525458: ;   {metadata({method} {0x0000012080434d70} 'findLoadedClass0' '(Ljava/lang/String;)Ljava/lang/Class;' in 'java/lang/ClassLoader')}
  0x00000120cf525458: 5048 ba68 | 4d43 8020 | 0100 0049 | 8bcf 4883 | ec20 40f6 | c40f 0f84 | 1900 0000 | 4883 ec08 
  0x00000120cf525478: ;   {runtime_call}
  0x00000120cf525478: 48b8 50e1 | 4f3f fe7f | 0000 ffd0 | 4883 c408 | e90c 0000 

  0x00000120cf52548c: ;   {runtime_call}
  0x00000120cf52548c: 0048 b850 | e14f 3ffe | 7f00 00ff | d048 83c4 | 2041 585a | 498d 8fc0 | 0300 0041 | c787 4c04 
  0x00000120cf5254ac: 0000 0400 

  0x00000120cf5254b0: ;   {runtime_call}
  0x00000120cf5254b0: 0000 48b8 | 701a c58c | fe7f 0000 | ffd0 c5f8 | 7741 c787 | 4c04 0000 | 0500 0000 | f083 4424 
  0x00000120cf5254d0: c000 493b | af50 0400 | 000f 870e | 0000 0041 | 83bf 4804 | 0000 000f | 842b 0000 | 00c5 f877 
  0x00000120cf5254f0: 4889 45f8 | 498b cf4c | 8be4 4883 | ec20 4883 

  0x00000120cf525500: ;   {runtime_call}
  0x00000120cf525500: e4f0 48b8 | d052 1b3f | fe7f 0000 | ffd0 498b | e44d 33e4 | 488b 45f8 | 41c7 874c | 0400 0008 
  0x00000120cf525520: 0000 0041 | 83bf c804 | 0000 020f | 84d5 0100 

  0x00000120cf525530: ;   {external_word}
  0x00000120cf525530: 0049 bac6 | 5ca6 3ffe | 7f00 0041 | 803a 000f | 844c 0000 | 0048 8945 

  0x00000120cf525548: ;   {metadata({method} {0x0000012080434d70} 'findLoadedClass0' '(Ljava/lang/String;)Ljava/lang/Class;' in 'java/lang/ClassLoader')}
  0x00000120cf525548: f848 ba68 | 4d43 8020 | 0100 0049 | 8bcf 4883 | ec20 40f6 | c40f 0f84 | 1900 0000 | 4883 ec08 
  0x00000120cf525568: ;   {runtime_call}
  0x00000120cf525568: 48b8 50e1 | 4f3f fe7f | 0000 ffd0 | 4883 c408 | e90c 0000 

  0x00000120cf52557c: ;   {runtime_call}
  0x00000120cf52557c: 0048 b850 | e14f 3ffe | 7f00 00ff | d048 83c4 | 2048 8b45 | f849 c787 | a003 0000 | 0000 0000 
  0x00000120cf52559c: 49c7 87a8 | 0300 0000 | 0000 00c5 | f877 4885 | c00f 8430 | 0100 00a8 | 030f 8508 | 0000 0048 
  0x00000120cf5255bc: 8b00 e920 | 0100 00a8 | 010f 8509 | 0000 0048 | 8b40 fee9 | 0f01 0000 | 488b 40ff | 4180 7f40 
  0x00000120cf5255dc: 000f 8400 | 0100 0048 | 83f8 000f | 84f6 0000 | 0049 8b4f | 2848 83f9 | 000f 8414 | 0000 0048 
  0x00000120cf5255fc: 83e9 0849 | 894f 2849 | 034f 3848 | 8901 e9d4 | 0000 0048 | 83ec 7048 | 8904 2448 | 894c 2408 
  0x00000120cf52561c: 4889 5424 | 104c 8944 | 2418 4c89 | 4c24 204c | 8954 2428 | 4c89 5c24 | 30c5 fb11 | 4424 40c5 
  0x00000120cf52563c: fb11 4c24 | 48c5 fb11 | 5424 50c5 | fb11 5c24 | 58c5 fb11 | 6424 60c5 | fb11 6c24 | 6849 8bd7 
  0x00000120cf52565c: 488b c848 | 83ec 2040 | f6c4 0f0f | 8419 0000 | 0048 83ec 

  0x00000120cf525670: ;   {runtime_call}
  0x00000120cf525670: 0848 b8f0 | a00e 3ffe | 7f00 00ff | d048 83c4 | 08e9 0c00 

  0x00000120cf525684: ;   {runtime_call}
  0x00000120cf525684: 0000 48b8 | f0a0 0e3f | fe7f 0000 | ffd0 4883 | c420 c5fb | 106c 2468 | c5fb 1064 | 2460 c5fb 
  0x00000120cf5256a4: 105c 2458 | c5fb 1054 | 2450 c5fb | 104c 2448 | c5fb 1044 | 2440 4c8b | 5c24 304c | 8b54 2428 
  0x00000120cf5256c4: 4c8b 4c24 | 204c 8b44 | 2418 488b | 5424 1048 | 8b4c 2408 | 488b 0424 | 4883 c470 | c5f8 7749 
  0x00000120cf5256e4: 8b8f 3004 | 0000 c781 | 0001 0000 | 0000 0000 | c949 837f | 0800 0f85 | 0100 0000 

  0x00000120cf525700: ;   {runtime_call StubRoutines (initial stubs)}
  0x00000120cf525700: c3e9 fab7 | a3ff c5f8 | 7748 8945 | f84c 8be4 | 4883 ec20 | 4883 e4f0 

  0x00000120cf525718: ;   {runtime_call}
  0x00000120cf525718: 48b8 a018 | 503f fe7f | 0000 ffd0 | 498b e44d | 33e4 488b | 45f8 e9fe | fdff fff4 | f4f4 f4f4 
[/MachCode]


Compiled method (c1) 11766  741       3       java.lang.ClassLoader::findLoadedClass (15 bytes)
 total in heap  [0x00000120c7b4e710,0x00000120c7b4eb50] = 1088
 relocation     [0x00000120c7b4e870,0x00000120c7b4e8c8] = 88
 main code      [0x00000120c7b4e8e0,0x00000120c7b4ea78] = 408
 stub code      [0x00000120c7b4ea78,0x00000120c7b4eac8] = 80
 metadata       [0x00000120c7b4eac8,0x00000120c7b4ead0] = 8
 scopes data    [0x00000120c7b4ead0,0x00000120c7b4eaf8] = 40
 scopes pcs     [0x00000120c7b4eaf8,0x00000120c7b4eb48] = 80
 dependencies   [0x00000120c7b4eb48,0x00000120c7b4eb50] = 8

[Constant Pool (empty)]

[MachCode]
[Entry Point]
  # {method} {0x00000120804353e0} 'findLoadedClass' '(Ljava/lang/String;)Ljava/lang/Class;' in 'java/lang/ClassLoader'
  # this:     rdx:rdx   = 'java/lang/ClassLoader'
  # parm0:    r8:r8     = 'java/lang/String'
  #           [sp+0x40]  (sp of caller)
  0x00000120c7b4e8e0: 448b 5208 | 49bb 0000 | 0080 2001 | 0000 4d03 | d34c 3bd0 

  0x00000120c7b4e8f4: ;   {runtime_call ic_miss_stub}
  0x00000120c7b4e8f4: 0f85 86fe | 4507 660f | 1f44 0000 
[Verified Entry Point]
  0x00000120c7b4e900: 8984 2400 | 80ff ff55 | 4883 ec30 | 4181 7f20 | 0100 0000 

  0x00000120c7b4e914: ;   {runtime_call StubRoutines (final stubs)}
  0x00000120c7b4e914: 7405 e885 

  0x00000120c7b4e918: ;   {metadata(method data for {method} {0x00000120804353e0} 'findLoadedClass' '(Ljava/lang/String;)Ljava/lang/Class;' in 'java/lang/ClassLoader')}
  0x00000120c7b4e918: 7b44 0748 | be20 df23 | db20 0100 | 008b becc | 0000 0083 | c702 89be | cc00 0000 | 81e7 fe07 
  0x00000120c7b4e938: 0000 85ff | 0f84 bd00 | 0000 4889 

  0x00000120c7b4e944: ;   {metadata(method data for {method} {0x00000120804353e0} 'findLoadedClass' '(Ljava/lang/String;)Ljava/lang/Class;' in 'java/lang/ClassLoader')}
  0x00000120c7b4e944: 5424 1848 | be20 df23 | db20 0100 | 0048 8386 | 1001 0000 | 0149 8bd0 | 4c89 4424 | 2066 0f1f 
  0x00000120c7b4e964: ;   {static_call}
  0x00000120c7b4e964: 4400 00e8 

  0x00000120c7b4e968: ; ImmutableOopMap {[24]=Oop [32]=Oop }
                      ;*invokestatic checkName {reexecute=0 rethrow=0 return_oop=0}
                      ; - java.lang.ClassLoader::findLoadedClass@1
  0x00000120c7b4e968: 5409 f7ff 

  0x00000120c7b4e96c: ;   {other}
  0x00000120c7b4e96c: 0f1f 8400 | 5c02 0000 

  0x00000120c7b4e974: ;   {metadata(method data for {method} {0x00000120804353e0} 'findLoadedClass' '(Ljava/lang/String;)Ljava/lang/Class;' in 'java/lang/ClassLoader')}
  0x00000120c7b4e974: 85c0 48b8 | 20df 23db | 2001 0000 | 49c7 c020 | 0100 0075 | 0749 c7c0 | 3001 0000 | 4a8b 1400 
  0x00000120c7b4e994: 488d 5201 | 4a89 1400 | 0f85 1d00 

  0x00000120c7b4e9a0: ;   {oop(nullptr)}
  0x00000120c7b4e9a0: 0000 48b8 | 0000 0000 | 0000 0000 | 4883 c430 

  0x00000120c7b4e9b0: ;   {poll_return}
  0x00000120c7b4e9b0: 5d49 3ba7 | 5004 0000 | 0f87 6200 | 0000 c34c | 8b44 2420 | 488b 5424 | 1848 8bf2 

  0x00000120c7b4e9cc: ;   {metadata(method data for {method} {0x00000120804353e0} 'findLoadedClass' '(Ljava/lang/String;)Ljava/lang/Class;' in 'java/lang/ClassLoader')}
  0x00000120c7b4e9cc: 48bf 20df | 23db 2001 | 0000 4883 | 8740 0100 

  0x00000120c7b4e9dc: ;   {optimized virtual_call}
  0x00000120c7b4e9dc: 0001 90e8 

  0x00000120c7b4e9e0: ; ImmutableOopMap {}
                      ;*invokevirtual findLoadedClass0 {reexecute=0 rethrow=0 return_oop=0}
                      ; - java.lang.ClassLoader::findLoadedClass@11
  0x00000120c7b4e9e0: fc69 9d07 

  0x00000120c7b4e9e4: ;   {other}
  0x00000120c7b4e9e4: 0f1f 8400 | d402 0001 | 4883 c430 

  0x00000120c7b4e9f0: ;   {poll_return}
  0x00000120c7b4e9f0: 5d49 3ba7 | 5004 0000 | 0f87 3800 

  0x00000120c7b4e9fc: ;   {metadata({method} {0x00000120804353e0} 'findLoadedClass' '(Ljava/lang/String;)Ljava/lang/Class;' in 'java/lang/ClassLoader')}
  0x00000120c7b4e9fc: 0000 c349 | bad8 5343 | 8020 0100 | 004c 8954 | 2408 48c7 | 0424 ffff 

  0x00000120c7b4ea14: ;   {runtime_call counter_overflow Runtime1 stub}
  0x00000120c7b4ea14: ffff e8e5 

  0x00000120c7b4ea18: ; ImmutableOopMap {rdx=Oop r8=Oop }
                      ;*synchronization entry
                      ; - java.lang.ClassLoader::findLoadedClass@-1
  0x00000120c7b4ea18: 1f52 07e9 | 22ff ffff 

  0x00000120c7b4ea20: ;   {internal_word}
  0x00000120c7b4ea20: 49ba b1e9 | b4c7 2001 | 0000 4d89 | 9768 0400 

  0x00000120c7b4ea30: ;   {runtime_call SafepointBlob}
  0x00000120c7b4ea30: 00e9 4a6a 

  0x00000120c7b4ea34: ;   {internal_word}
  0x00000120c7b4ea34: 4607 49ba | f1e9 b4c7 | 2001 0000 | 4d89 9768 

  0x00000120c7b4ea44: ;   {runtime_call SafepointBlob}
  0x00000120c7b4ea44: 0400 00e9 | 346a 4607 | 498b 8700 | 0500 0049 | c787 0005 | 0000 0000 | 0000 49c7 | 8708 0500 
  0x00000120c7b4ea64: 0000 0000 | 0048 83c4 

  0x00000120c7b4ea6c: ;   {runtime_call unwind_exception Runtime1 stub}
  0x00000120c7b4ea6c: 305d e98d | 9b51 07f4 | f4f4 f4f4 
[Stub Code]
  0x00000120c7b4ea78: ;   {no_reloc}
  0x00000120c7b4ea78: 48bb 0000 | 0000 0000 

  0x00000120c7b4ea80: ;   {runtime_call nmethod}
  0x00000120c7b4ea80: 0000 e9fb 

  0x00000120c7b4ea84: ;   {static_stub}
  0x00000120c7b4ea84: ffff ff48 | bb00 0000 | 0000 0000 

  0x00000120c7b4ea90: ;   {runtime_call nmethod}
  0x00000120c7b4ea90: 00e9 fbff 

  0x00000120c7b4ea94: ;   {runtime_call handle_exception_from_callee Runtime1 stub}
  0x00000120c7b4ea94: ffff e865 

  0x00000120c7b4ea98: ;   {external_word}
  0x00000120c7b4ea98: d451 0748 | b940 537c | 3ffe 7f00 | 0048 83e4 

  0x00000120c7b4eaa8: ;   {runtime_call}
  0x00000120c7b4eaa8: f048 b8b0 | c33e 3ffe | 7f00 00ff 

  0x00000120c7b4eab4: ;   {section_word}
  0x00000120c7b4eab4: d0f4 49ba | b6ea b4c7 | 2001 0000 

  0x00000120c7b4eac0: ;   {runtime_call DeoptimizationBlob}
  0x00000120c7b4eac0: 4152 e959 | 5c46 07f4 
[/MachCode]


Compiled method (c1) 11780 1931   !   3       org.eclipse.osgi.internal.loader.BundleLoader::findClass0 (490 bytes)
 total in heap  [0x00000120c7d9b910,0x00000120c7da2528] = 27672
 relocation     [0x00000120c7d9ba70,0x00000120c7d9c1c8] = 1880
 main code      [0x00000120c7d9c1e0,0x00000120c7da0960] = 18304
 stub code      [0x00000120c7da0960,0x00000120c7da0ca8] = 840
 oops           [0x00000120c7da0ca8,0x00000120c7da0ce0] = 56
 metadata       [0x00000120c7da0ce0,0x00000120c7da0df0] = 272
 scopes data    [0x00000120c7da0df0,0x00000120c7da1878] = 2696
 scopes pcs     [0x00000120c7da1878,0x00000120c7da22a8] = 2608
 dependencies   [0x00000120c7da22a8,0x00000120c7da2300] = 88
 handler table  [0x00000120c7da2300,0x00000120c7da2420] = 288
 nul chk table  [0x00000120c7da2420,0x00000120c7da2528] = 264

[Constant Pool (empty)]

[MachCode]
[Entry Point]
  # {method} {0x00000120db58c878} 'findClass0' '(Ljava/lang/String;ZZ)Ljava/lang/Class;' in 'org/eclipse/osgi/internal/loader/BundleLoader'
  # this:     rdx:rdx   = 'org/eclipse/osgi/internal/loader/BundleLoader'
  # parm0:    r8:r8     = 'java/lang/String'
  # parm1:    r9        = boolean
  # parm2:    rdi       = boolean
  #           [sp+0x180]  (sp of caller)
  0x00000120c7d9c1e0: 448b 5208 | 49bb 0000 | 0080 2001 | 0000 4d03 | d34c 3bd0 

  0x00000120c7d9c1f4: ;   {runtime_call ic_miss_stub}
  0x00000120c7d9c1f4: 0f85 8625 | 2107 660f | 1f44 0000 
[Verified Entry Point]
  0x00000120c7d9c200: 8984 2400 | 80ff ff55 | 4881 ec70 | 0100 0090 | 4181 7f20 | 0100 0000 

  0x00000120c7d9c218: ;   {runtime_call StubRoutines (final stubs)}
  0x00000120c7d9c218: 7405 e881 | a21f 0748 | 8994 24a8 | 0000 004c | 8984 24a0 | 0000 0044 | 898c 24b0 

  0x00000120c7d9c234: ;   {metadata(method data for {method} {0x00000120db58c878} 'findClass0' '(Ljava/lang/String;ZZ)Ljava/lang/Class;' in 'org/eclipse/osgi/internal/loader/BundleLoader')}
  0x00000120c7d9c234: 0000 0048 | be80 707b | db20 0100 | 008b 9ecc | 0000 0083 | c302 899e | cc00 0000 | 81e3 fe07 
  0x00000120c7d9c254: 0000 85db | 0f84 f43c | 0000 4585 

  0x00000120c7d9c260: ;   {metadata(method data for {method} {0x00000120db58c878} 'findClass0' '(Ljava/lang/String;ZZ)Ljava/lang/Class;' in 'org/eclipse/osgi/internal/loader/BundleLoader')}
  0x00000120c7d9c260: c948 be80 | 707b db20 | 0100 0048 | c7c3 2001 | 0000 7507 | 48c7 c310 | 0100 0048 | 8b04 1e48 
  0x00000120c7d9c280: 8d40 0148 | 8904 1e0f | 850c 0000 | 0089 bc24 | b400 0000 | e9ec 0000 | 008b 7248 

  0x00000120c7d9c29c: ;   {metadata(method data for {method} {0x00000120db58c878} 'findClass0' '(Ljava/lang/String;ZZ)Ljava/lang/Class;' in 'org/eclipse/osgi/internal/loader/BundleLoader')}
  0x00000120c7d9c29c: 4885 f648 | be80 707b | db20 0100 | 0048 c7c3 | 3001 0000 | 7407 48c7 | c340 0100 | 0048 8b04 
  0x00000120c7d9c2bc: 1e48 8d40 | 0148 8904 | 1e89 bc24 | b400 0000 | 0f84 b300 | 0000 493b | 0049 8bf0 

  0x00000120c7d9c2d8: ;   {metadata(method data for {method} {0x00000120db58c878} 'findClass0' '(Ljava/lang/String;ZZ)Ljava/lang/Class;' in 'org/eclipse/osgi/internal/loader/BundleLoader')}
  0x00000120c7d9c2d8: 48bb 8070 | 7bdb 2001 | 0000 4883 | 8350 0100 

  0x00000120c7d9c2e8: ;   {metadata(method data for {method} {0x0000012080453e38} 'startsWith' '(Ljava/lang/String;)Z' in 'java/lang/String')}
  0x00000120c7d9c2e8: 0001 48be | f872 09db | 2001 0000 | 8b9e cc00 | 0000 83c3 | 0289 9ecc | 0000 0081 | e3fe ff1f 
  0x00000120c7d9c308: 0085 db0f | 8467 3c00 | 0049 8bf0 

  0x00000120c7d9c314: ;   {metadata(method data for {method} {0x0000012080453e38} 'startsWith' '(Ljava/lang/String;)Z' in 'java/lang/String')}
  0x00000120c7d9c314: 48bb f872 | 09db 2001 | 0000 4883 | 8310 0100 | 0001 498b 

  0x00000120c7d9c328: ;   {oop("java."{0x00000000c01f7cd0})}
  0x00000120c7d9c328: f049 b8d0 | 7c1f c000 | 0000 0041 | b900 0000 | 0048 8bd6 

  0x00000120c7d9c33c: ;   {optimized virtual_call}
  0x00000120c7d9c33c: 6666 90e8 

  0x00000120c7d9c340: ; ImmutableOopMap {[160]=Oop [168]=Oop }
                      ;*invokevirtual startsWith {reexecute=0 rethrow=0 return_oop=0}
                      ; - java.lang.String::startsWith@3
                      ; - org.eclipse.osgi.internal.loader.BundleLoader::findClass0@14 (line 466)
  0x00000120c7d9c340: 1cf0 7c07 

  0x00000120c7d9c344: ;   {other}
  0x00000120c7d9c344: 0f1f 8400 | 340a 0000 | 83e0 0185 

  0x00000120c7d9c350: ;   {metadata(method data for {method} {0x00000120db58c878} 'findClass0' '(Ljava/lang/String;ZZ)Ljava/lang/Class;' in 'org/eclipse/osgi/internal/loader/BundleLoader')}
  0x00000120c7d9c350: c048 b980 | 707b db20 | 0100 0049 | c7c0 9801 | 0000 7507 | 49c7 c088 | 0100 004e | 8b0c 014d 
  0x00000120c7d9c370: 8d49 014e | 890c 010f | 8519 3900 | 004c 8b84 | 24a0 0000 

  0x00000120c7d9c384: ;   {metadata(method data for {method} {0x00000120db58c878} 'findClass0' '(Ljava/lang/String;ZZ)Ljava/lang/Class;' in 'org/eclipse/osgi/internal/loader/BundleLoader')}
  0x00000120c7d9c384: 0048 b980 | 707b db20 | 0100 0048 | 8381 e001 

  0x00000120c7d9c394: ;   {metadata(method data for {method} {0x00000120db58ac20} 'getPackageName' '(Ljava/lang/String;)Ljava/lang/String;' in 'org/eclipse/osgi/internal/loader/BundleLoader')}
  0x00000120c7d9c394: 0000 0148 | b9e0 627a | db20 0100 | 0044 8b89 | cc00 0000 | 4183 c102 | 4489 89cc | 0000 0041 
  0x00000120c7d9c3b4: 81e1 feff | 1f00 4585 | c90f 84d6 | 3b00 004d 

  0x00000120c7d9c3c4: ;   {metadata(method data for {method} {0x00000120db58ac20} 'getPackageName' '(Ljava/lang/String;)Ljava/lang/String;' in 'org/eclipse/osgi/internal/loader/BundleLoader')}
  0x00000120c7d9c3c4: 85c0 48b9 | e062 7adb | 2001 0000 | 49c7 c110 | 0100 0074 | 0749 c7c1 | 2001 0000 | 4a8b 1409 
  0x00000120c7d9c3e4: 488d 5201 | 4a89 1409 | 0f84 5801 | 0000 493b | 0049 8bc8 

  0x00000120c7d9c3f8: ;   {metadata(method data for {method} {0x00000120db58ac20} 'getPackageName' '(Ljava/lang/String;)Ljava/lang/String;' in 'org/eclipse/osgi/internal/loader/BundleLoader')}
  0x00000120c7d9c3f8: 49b9 e062 | 7adb 2001 | 0000 4983 | 8130 0100 

  0x00000120c7d9c408: ;   {metadata(method data for {method} {0x0000012080453d30} 'lastIndexOf' '(I)I' in 'java/lang/String')}
  0x00000120c7d9c408: 0001 48b9 | 588f 09db | 2001 0000 | 448b 89cc | 0000 0041 | 83c1 0244 | 8989 cc00 | 0000 4181 
  0x00000120c7d9c428: e1fe ff1f | 0045 85c9 | 0f84 893b | 0000 498b 

  0x00000120c7d9c438: ;   {metadata(method data for {method} {0x0000012080453d30} 'lastIndexOf' '(I)I' in 'java/lang/String')}
  0x00000120c7d9c438: c849 b958 | 8f09 db20 | 0100 0049 | 8381 1001 

  0x00000120c7d9c448: ;   {metadata(method data for {method} {0x000001208000ee90} 'length' '()I' in 'java/lang/String')}
  0x00000120c7d9c448: 0000 0148 | b938 f500 | db20 0100 | 0044 8b89 | cc00 0000 | 4183 c102 | 4489 89cc | 0000 0041 
  0x00000120c7d9c468: 81e1 feff | 1f00 4585 | c90f 8469 | 3b00 0041 | 8b48 1444 | 8b49 0c49 

  0x00000120c7d9c480: ;   {metadata(method data for {method} {0x000001208000ee90} 'length' '()I' in 'java/lang/String')}
  0x00000120c7d9c480: 8bc8 48ba | 38f5 00db | 2001 0000 | 4883 8210 | 0100 0001 

  0x00000120c7d9c494: ;   {metadata(method data for {method} {0x0000012080455018} 'coder' '()B' in 'java/lang/String')}
  0x00000120c7d9c494: 48b9 c0f3 | 00db 2001 | 0000 8b91 | cc00 0000 | 83c2 0289 | 91cc 0000 | 0081 e2fe | ff1f 0085 
  0x00000120c7d9c4b4: d20f 844b 

  0x00000120c7d9c4b8: ;   {metadata(method data for {method} {0x0000012080455018} 'coder' '()B' in 'java/lang/String')}
  0x00000120c7d9c4b8: 3b00 0048 | b9c0 f300 | db20 0100 | 00ff 8120 | 0100 0041 | 0fbe 4810 

  0x00000120c7d9c4d0: ;   {metadata(method data for {method} {0x0000012080455018} 'coder' '()B' in 'java/lang/String')}
  0x00000120c7d9c4d0: 48ba c0f3 | 00db 2001 | 0000 ff82 | 3001 0000 | c1e1 18c1 | f918 41d3 | f949 8bd0 

  0x00000120c7d9c4ec: ;   {metadata(method data for {method} {0x0000012080453d30} 'lastIndexOf' '(I)I' in 'java/lang/String')}
  0x00000120c7d9c4ec: 48be 588f | 09db 2001 | 0000 4883 | 8648 0100 | 0001 41ff | c949 8bf0 | 41b8 2e00 | 0000 488b 
  0x00000120c7d9c50c: ;   {optimized virtual_call}
  0x00000120c7d9c50c: d666 90e8 

  0x00000120c7d9c510: ; ImmutableOopMap {[160]=Oop [168]=Oop }
                      ;*invokevirtual lastIndexOf {reexecute=0 rethrow=0 return_oop=0}
                      ; - java.lang.String::lastIndexOf@8
                      ; - org.eclipse.osgi.internal.loader.BundleLoader::getPackageName@7 (line 143)
                      ; - org.eclipse.osgi.internal.loader.BundleLoader::findClass0@30 (line 473)
  0x00000120c7d9c510: 6ca9 d1ff 

  0x00000120c7d9c514: ;   {other}
  0x00000120c7d9c514: 0f1f 8400 | 040c 0001 

  0x00000120c7d9c51c: ;   {metadata(method data for {method} {0x00000120db58ac20} 'getPackageName' '(Ljava/lang/String;)Ljava/lang/String;' in 'org/eclipse/osgi/internal/loader/BundleLoader')}
  0x00000120c7d9c51c: 85c0 49b8 | e062 7adb | 2001 0000 | 49c7 c178 | 0100 007f | 0749 c7c1 | 6801 0000 | 4b8b 1408 
  0x00000120c7d9c53c: 488d 5201 | 4b89 1408 | 0f8f 0f00 

  0x00000120c7d9c548: ;   {oop("."{0x00000000c00b1d60})}
  0x00000120c7d9c548: 0000 48be | 601d 0bc0 | 0000 0000 | e93e 0000 | 004c 8b84 | 24a0 0000 

  0x00000120c7d9c560: ;   {metadata(method data for {method} {0x00000120db58ac20} 'getPackageName' '(Ljava/lang/String;)Ljava/lang/String;' in 'org/eclipse/osgi/internal/loader/BundleLoader')}
  0x00000120c7d9c560: 0049 b9e0 | 627a db20 | 0100 0049 | 8381 8801 | 0000 0141 | b800 0000 | 004c 8bc8 | 488b 9424 
  0x00000120c7d9c580: a000 0000 

  0x00000120c7d9c584: ;   {optimized virtual_call}
  0x00000120c7d9c584: 6666 90e8 

  0x00000120c7d9c588: ; ImmutableOopMap {[160]=Oop [168]=Oop }
                      ;*invokevirtual substring {reexecute=0 rethrow=0 return_oop=0}
                      ; - org.eclipse.osgi.internal.loader.BundleLoader::getPackageName@18 (line 145)
                      ; - org.eclipse.osgi.internal.loader.BundleLoader::findClass0@30 (line 473)
  0x00000120c7d9c588: 7467 7b07 

  0x00000120c7d9c58c: ;   {other}
  0x00000120c7d9c58c: 0f1f 8400 | 7c0c 0002 | 488b f048 | 8b94 24a8 | 0000 0044 | 8b42 1849 | 3b00 498b 

  0x00000120c7d9c5a8: ;   {metadata(method data for {method} {0x00000120db58c878} 'findClass0' '(Ljava/lang/String;ZZ)Ljava/lang/Class;' in 'org/eclipse/osgi/internal/loader/BundleLoader')}
  0x00000120c7d9c5a8: f848 bb80 | 707b db20 | 0100 0048 | 8383 0802 

  0x00000120c7d9c5b8: ;   {metadata(method data for {method} {0x00000120db4e54e8} 'loaderWithPackage' '(Ljava/lang/String;)Ljava/lang/String;' in 'org/eclipse/osgi/internal/debug/Debug')}
  0x00000120c7d9c5b8: 0000 0148 | bf88 8a98 | db20 0100 | 008b 9fcc | 0000 0083 | c302 899f | cc00 0000 | 81e3 feff 
  0x00000120c7d9c5d8: 1f00 85db | 0f84 4a3a | 0000 410f | be78 0e85 

  0x00000120c7d9c5e8: ;   {metadata(method data for {method} {0x00000120db4e54e8} 'loaderWithPackage' '(Ljava/lang/String;)Ljava/lang/String;' in 'org/eclipse/osgi/internal/debug/Debug')}
  0x00000120c7d9c5e8: ff48 bf88 | 8a98 db20 | 0100 0048 | c7c3 1001 | 0000 7407 | 48c7 c320 | 0100 0048 | 8b04 1f48 
  0x00000120c7d9c608: 8d40 0148 | 8904 1f0f | 8417 0000 

  0x00000120c7d9c614: ;   {oop("org.eclipse.osgi/debug/loader"{0x00000000cdda9ee8})}
  0x00000120c7d9c614: 0048 bbe8 | 9eda cd00 | 0000 0048 | 89b4 24b8 | 0000 00e9 | 4701 0000 | 410f be78 

  0x00000120c7d9c630: ;   {metadata(method data for {method} {0x00000120db4e54e8} 'loaderWithPackage' '(Ljava/lang/String;)Ljava/lang/String;' in 'org/eclipse/osgi/internal/debug/Debug')}
  0x00000120c7d9c630: 0f85 ff48 | bf88 8a98 | db20 0100 | 0048 c7c3 | 4001 0000 | 7507 48c7 | c330 0100 | 0048 8b04 
  0x00000120c7d9c650: 1f48 8d40 | 0148 8904 | 1f0f 850d | 0000 0048 | 89b4 24b8 | 0000 00e9 | ee00 0000 | 418b 7820 
  0x00000120c7d9c670: ; implicit exception: dispatches to 0x00000120c7da004d
  0x00000120c7d9c670: 483b 074c 

  0x00000120c7d9c674: ;   {metadata(method data for {method} {0x00000120db4e54e8} 'loaderWithPackage' '(Ljava/lang/String;)Ljava/lang/String;' in 'org/eclipse/osgi/internal/debug/Debug')}
  0x00000120c7d9c674: 8bc7 48bb | 888a 98db | 2001 0000 | 458b 4008 | 49ba 0000 | 0080 2001 | 0000 4d03 | c24c 3b83 
  0x00000120c7d9c694: 6001 0000 | 750d 4883 | 8368 0100 | 0001 e960 | 0000 004c | 3b83 7001 | 0000 750d | 4883 8378 
  0x00000120c7d9c6b4: 0100 0001 | e94a 0000 | 0048 83bb | 6001 0000 | 0075 174c | 8983 6001 | 0000 48c7 | 8368 0100 
  0x00000120c7d9c6d4: 0001 0000 | 00e9 2900 | 0000 4883 | bb70 0100 | 0000 7517 | 4c89 8370 | 0100 0048 | c783 7801 
  0x00000120c7d9c6f4: 0000 0100 | 0000 e908 | 0000 0048 | 8383 5001 | 0000 014c | 8bc6 488b | d748 89b4 | 24b8 0000 
  0x00000120c7d9c714: 0048 b888 | 701c 8020 

  0x00000120c7d9c71c: ;   {virtual_call}
  0x00000120c7d9c71c: 0100 00e8 

  0x00000120c7d9c720: ; ImmutableOopMap {[160]=Oop [168]=Oop [184]=Oop }
                      ;*invokeinterface contains {reexecute=0 rethrow=0 return_oop=0}
                      ; - org.eclipse.osgi.internal.debug.Debug::loaderWithPackage@22 (line 275)
                      ; - org.eclipse.osgi.internal.loader.BundleLoader::findClass0@41 (line 474)
  0x00000120c7d9c720: 9c31 ffff 

  0x00000120c7d9c724: ;   {other}
  0x00000120c7d9c724: 0f1f 8400 | 140e 0003 

  0x00000120c7d9c72c: ;   {metadata(method data for {method} {0x00000120db4e54e8} 'loaderWithPackage' '(Ljava/lang/String;)Ljava/lang/String;' in 'org/eclipse/osgi/internal/debug/Debug')}
  0x00000120c7d9c72c: 85c0 48ba | 888a 98db | 2001 0000 | 48c7 c698 | 0100 0075 | 0748 c7c6 | 8801 0000 | 488b 3c32 
  0x00000120c7d9c74c: 488d 7f01 | 4889 3c32 | 0f85 0f00 

  0x00000120c7d9c758: ;   {oop(nullptr)}
  0x00000120c7d9c758: 0000 48bb | 0000 0000 | 0000 0000 | e90a 0000 

  0x00000120c7d9c768: ;   {oop("org.eclipse.osgi/debug/loader/packages"{0x00000000cdda9e98})}
  0x00000120c7d9c768: 0048 bb98 | 9eda cd00 | 0000 0048 

  0x00000120c7d9c774: ;   {metadata(method data for {method} {0x00000120db58c878} 'findClass0' '(Ljava/lang/String;ZZ)Ljava/lang/Class;' in 'org/eclipse/osgi/internal/loader/BundleLoader')}
  0x00000120c7d9c774: 85db 48ba | 8070 7bdb | 2001 0000 | 48c7 c628 | 0200 0074 | 0748 c7c6 | 3802 0000 | 488b 3c32 
  0x00000120c7d9c794: 488d 7f01 | 4889 3c32 | 4889 9c24 | d000 0000 | 0f84 fa08 | 0000 488b | 9424 a800 | 0000 448b 
  0x00000120c7d9c7b4: 4a18 4c89 | 8c24 c800 | 0000 6690 

  0x00000120c7d9c7c0: ;   {no_reloc}
  0x00000120c7d9c7c0: e99c 3800 | 0000 0000 | 0000 498b | 87b8 0100 | 0048 8d78 | 1849 3bbf | c801 0000 | 0f87 8938 
  0x00000120c7d9c7e0: 0000 4989 | bfb8 0100 | 0048 c700 | 0100 0000 | 488b ca49 | ba00 0000 | 8020 0100 | 0049 2bca 
  0x00000120c7d9c800: 8948 0848 | 33c9 8948 | 0c48 33c9 | 4889 4810 | 4889 8424 | c000 0000 

  0x00000120c7d9c818: ;   {metadata(method data for {method} {0x00000120db58c878} 'findClass0' '(Ljava/lang/String;ZZ)Ljava/lang/Class;' in 'org/eclipse/osgi/internal/loader/BundleLoader')}
  0x00000120c7d9c818: 4c8b c048 | ba80 707b | db20 0100 | 0048 8382 | 4802 0000 

  0x00000120c7d9c82c: ;   {metadata(method data for {method} {0x0000012080461da8} '<init>' '(Ljava/lang/String;)V' in 'java/lang/StringBuilder')}
  0x00000120c7d9c82c: 0149 b850 | 5e30 db20 | 0100 0041 | 8b90 cc00 | 0000 83c2 | 0241 8990 | cc00 0000 | 81e2 feff 
  0x00000120c7d9c84c: 1f00 85d2 | 0f84 2238 | 0000 4c8b 

  0x00000120c7d9c858: ;   {metadata(method data for {method} {0x0000012080461da8} '<init>' '(Ljava/lang/String;)V' in 'java/lang/StringBuilder')}
  0x00000120c7d9c858: c048 ba50 | 5e30 db20 | 0100 0048 | 8382 1001 

  0x00000120c7d9c868: ;   {oop("BundleLoader["{0x00000000cdd6f960})}
  0x00000120c7d9c868: 0000 0149 | b860 f9d6 | cd00 0000 | 0048 8bd0 | 0f1f 8000 

  0x00000120c7d9c87c: ;   {optimized virtual_call}
  0x00000120c7d9c87c: 0000 00e8 

  0x00000120c7d9c880: ; ImmutableOopMap {[160]=Oop [168]=Oop [184]=Oop [192]=Oop [200]=Oop [208]=Oop }
                      ;*invokespecial <init> {reexecute=0 rethrow=0 return_oop=0}
                      ; - java.lang.StringBuilder::<init>@2
                      ; - org.eclipse.osgi.internal.loader.BundleLoader::findClass0@64 (line 476)
  0x00000120c7d9c880: fc21 2107 

  0x00000120c7d9c884: ;   {other}
  0x00000120c7d9c884: 0f1f 8400 | 740f 0004 | 488b 8424 | c000 0000 

  0x00000120c7d9c894: ;   {metadata(method data for {method} {0x00000120db58c878} 'findClass0' '(Ljava/lang/String;ZZ)Ljava/lang/Class;' in 'org/eclipse/osgi/internal/loader/BundleLoader')}
  0x00000120c7d9c894: 48ba 8070 | 7bdb 2001 | 0000 4883 | 8258 0200 

  0x00000120c7d9c8a4: ;   {metadata(method data for {method} {0x0000012080461b40} 'append' '(Ljava/lang/Object;)Ljava/lang/StringBuilder;' in 'java/lang/StringBuilder')}
  0x00000120c7d9c8a4: 0001 48ba | 58e4 09db | 2001 0000 | 8bb2 cc00 | 0000 83c6 | 0289 b2cc | 0000 0081 | e6fe ff1f 
  0x00000120c7d9c8c4: 0085 f60f | 84cc 3700 

  0x00000120c7d9c8cc: ;   {metadata(method data for {method} {0x0000012080461b40} 'append' '(Ljava/lang/Object;)Ljava/lang/StringBuilder;' in 'java/lang/StringBuilder')}
  0x00000120c7d9c8cc: 0048 ba58 | e409 db20 | 0100 0048 | 8382 1001 

  0x00000120c7d9c8dc: ;   {metadata(method data for {method} {0x0000012080455280} 'valueOf' '(Ljava/lang/Object;)Ljava/lang/String;' in 'java/lang/String')}
  0x00000120c7d9c8dc: 0000 0148 | baf8 e509 | db20 0100 | 008b b2cc | 0000 0083 | c602 89b2 | cc00 0000 | 81e6 feff 
  0x00000120c7d9c8fc: 1f00 85f6 | 0f84 b437 

  0x00000120c7d9c904: ;   {metadata(method data for {method} {0x0000012080455280} 'valueOf' '(Ljava/lang/Object;)Ljava/lang/String;' in 'java/lang/String')}
  0x00000120c7d9c904: 0000 48ba | f8e5 09db | 2001 0000 | ff82 1001 | 0000 488b | 9424 a800 

  0x00000120c7d9c91c: ;   {metadata(method data for {method} {0x0000012080455280} 'valueOf' '(Ljava/lang/Object;)Ljava/lang/String;' in 'java/lang/String')}
  0x00000120c7d9c91c: 0000 48be | f8e5 09db | 2001 0000 | 8b52 0849 | ba00 0000 | 8020 0100 | 0049 03d2 | 483b 9658 
  0x00000120c7d9c93c: 0100 0075 | 0d48 8386 | 6001 0000 | 01e9 6000 | 0000 483b | 9668 0100 | 0075 0d48 | 8386 7001 
  0x00000120c7d9c95c: 0000 01e9 | 4a00 0000 | 4883 be58 | 0100 0000 | 7517 4889 | 9658 0100 | 0048 c786 | 6001 0000 
  0x00000120c7d9c97c: 0100 0000 | e929 0000 | 0048 83be | 6801 0000 | 0075 1748 | 8996 6801 | 0000 48c7 | 8670 0100 
  0x00000120c7d9c99c: 0001 0000 | 00e9 0800 | 0000 4883 | 8648 0100 | 0001 488b | 9424 a800 

  0x00000120c7d9c9b4: ;   {optimized virtual_call}
  0x00000120c7d9c9b4: 0000 90e8 

  0x00000120c7d9c9b8: ; ImmutableOopMap {[160]=Oop [168]=Oop [184]=Oop [192]=Oop [200]=Oop [208]=Oop }
                      ;*invokevirtual toString {reexecute=0 rethrow=0 return_oop=0}
                      ; - java.lang.String::valueOf@11
                      ; - java.lang.StringBuilder::append@2
                      ; - org.eclipse.osgi.internal.loader.BundleLoader::findClass0@68 (line 476)
  0x00000120c7d9c9b8: c420 2107 

  0x00000120c7d9c9bc: ;   {other}
  0x00000120c7d9c9bc: 0f1f 8400 | ac10 0005 | 4c8b 8424 | c000 0000 

  0x00000120c7d9c9cc: ;   {metadata(method data for {method} {0x0000012080461b40} 'append' '(Ljava/lang/Object;)Ljava/lang/StringBuilder;' in 'java/lang/StringBuilder')}
  0x00000120c7d9c9cc: 48ba 58e4 | 09db 2001 | 0000 4883 | 8220 0100 

  0x00000120c7d9c9dc: ;   {metadata(method data for {method} {0x0000012080461ae8} 'append' '(Ljava/lang/String;)Ljava/lang/StringBuilder;' in 'java/lang/StringBuilder')}
  0x00000120c7d9c9dc: 0001 49b8 | b0b3 00db | 2001 0000 | 418b 90cc | 0000 0083 | c202 4189 | 90cc 0000 | 0081 e2fe 
  0x00000120c7d9c9fc: ff1f 0085 | d20f 84d4 | 3600 004c | 8b84 24c0 

  0x00000120c7d9ca0c: ;   {metadata(method data for {method} {0x0000012080461ae8} 'append' '(Ljava/lang/String;)Ljava/lang/StringBuilder;' in 'java/lang/StringBuilder')}
  0x00000120c7d9ca0c: 0000 0048 | bab0 b300 | db20 0100 | 0048 8382 | 1001 0000 | 014c 8bc0 | 488b 9424 | c000 0000 
  0x00000120c7d9ca2c: ;   {optimized virtual_call}
  0x00000120c7d9ca2c: 6666 90e8 

  0x00000120c7d9ca30: ; ImmutableOopMap {[160]=Oop [168]=Oop [184]=Oop [192]=Oop [200]=Oop [208]=Oop }
                      ;*invokespecial append {reexecute=0 rethrow=0 return_oop=0}
                      ; - java.lang.StringBuilder::append@2
                      ; - java.lang.StringBuilder::append@5
                      ; - org.eclipse.osgi.internal.loader.BundleLoader::findClass0@68 (line 476)
  0x00000120c7d9ca30: 4c20 2107 

  0x00000120c7d9ca34: ;   {other}
  0x00000120c7d9ca34: 0f1f 8400 | 2411 0006 | 488b 8424 | c000 0000 

  0x00000120c7d9ca44: ;   {metadata(method data for {method} {0x00000120db58c878} 'findClass0' '(Ljava/lang/String;ZZ)Ljava/lang/Class;' in 'org/eclipse/osgi/internal/loader/BundleLoader')}
  0x00000120c7d9ca44: 4c8b c048 | ba80 707b | db20 0100 | 0048 8382 | 9002 0000 

  0x00000120c7d9ca58: ;   {metadata(method data for {method} {0x0000012080461ae8} 'append' '(Ljava/lang/String;)Ljava/lang/StringBuilder;' in 'java/lang/StringBuilder')}
  0x00000120c7d9ca58: 0149 b8b0 | b300 db20 | 0100 0041 | 8b90 cc00 | 0000 83c2 | 0241 8990 | cc00 0000 | 81e2 feff 
  0x00000120c7d9ca78: 1f00 85d2 | 0f84 7a36 | 0000 4c8b 

  0x00000120c7d9ca84: ;   {metadata(method data for {method} {0x0000012080461ae8} 'append' '(Ljava/lang/String;)Ljava/lang/StringBuilder;' in 'java/lang/StringBuilder')}
  0x00000120c7d9ca84: c048 bab0 | b300 db20 | 0100 0048 | 8382 1001 

  0x00000120c7d9ca94: ;   {oop("].findClass("{0x00000000cfce1090})}
  0x00000120c7d9ca94: 0000 0149 | b890 10ce | cf00 0000 | 0048 8bd0 

  0x00000120c7d9caa4: ;   {optimized virtual_call}
  0x00000120c7d9caa4: 6666 90e8 

  0x00000120c7d9caa8: ; ImmutableOopMap {[160]=Oop [168]=Oop [184]=Oop [192]=Oop [200]=Oop [208]=Oop }
                      ;*invokespecial append {reexecute=0 rethrow=0 return_oop=0}
                      ; - java.lang.StringBuilder::append@2
                      ; - org.eclipse.osgi.internal.loader.BundleLoader::findClass0@74 (line 476)
  0x00000120c7d9caa8: d41f 2107 

  0x00000120c7d9caac: ;   {other}
  0x00000120c7d9caac: 0f1f 8400 | 9c11 0007 | 488b 8424 | c000 0000 

  0x00000120c7d9cabc: ;   {metadata(method data for {method} {0x00000120db58c878} 'findClass0' '(Ljava/lang/String;ZZ)Ljava/lang/Class;' in 'org/eclipse/osgi/internal/loader/BundleLoader')}
  0x00000120c7d9cabc: 49b8 8070 | 7bdb 2001 | 0000 4983 | 80c8 0200 

  0x00000120c7d9cacc: ;   {metadata(method data for {method} {0x0000012080461ae8} 'append' '(Ljava/lang/String;)Ljava/lang/StringBuilder;' in 'java/lang/StringBuilder')}
  0x00000120c7d9cacc: 0001 49b8 | b0b3 00db | 2001 0000 | 418b 90cc | 0000 0083 | c202 4189 | 90cc 0000 | 0081 e2fe 
  0x00000120c7d9caec: ff1f 0085 | d20f 8426 | 3600 0048 | 8b84 24c0 

  0x00000120c7d9cafc: ;   {metadata(method data for {method} {0x0000012080461ae8} 'append' '(Ljava/lang/String;)Ljava/lang/StringBuilder;' in 'java/lang/StringBuilder')}
  0x00000120c7d9cafc: 0000 0049 | b8b0 b300 | db20 0100 | 0049 8380 | 1001 0000 | 014c 8b84 | 24a0 0000 | 0048 8b94 
  0x00000120c7d9cb1c: 24c0 0000 | 0066 0f1f 

  0x00000120c7d9cb24: ;   {optimized virtual_call}
  0x00000120c7d9cb24: 4400 00e8 

  0x00000120c7d9cb28: ; ImmutableOopMap {[160]=Oop [168]=Oop [184]=Oop [192]=Oop [200]=Oop [208]=Oop }
                      ;*invokespecial append {reexecute=0 rethrow=0 return_oop=0}
                      ; - java.lang.StringBuilder::append@2
                      ; - org.eclipse.osgi.internal.loader.BundleLoader::findClass0@78 (line 476)
  0x00000120c7d9cb28: 541f 2107 

  0x00000120c7d9cb2c: ;   {other}
  0x00000120c7d9cb2c: 0f1f 8400 | 1c12 0008 | 488b 8424 | c000 0000 

  0x00000120c7d9cb3c: ;   {metadata(method data for {method} {0x00000120db58c878} 'findClass0' '(Ljava/lang/String;ZZ)Ljava/lang/Class;' in 'org/eclipse/osgi/internal/loader/BundleLoader')}
  0x00000120c7d9cb3c: 49b8 8070 | 7bdb 2001 | 0000 4983 | 8000 0300 

  0x00000120c7d9cb4c: ;   {metadata(method data for {method} {0x0000012080461ae8} 'append' '(Ljava/lang/String;)Ljava/lang/StringBuilder;' in 'java/lang/StringBuilder')}
  0x00000120c7d9cb4c: 0001 49b8 | b0b3 00db | 2001 0000 | 418b 90cc | 0000 0083 | c202 4189 | 90cc 0000 | 0081 e2fe 
  0x00000120c7d9cb6c: ff1f 0085 | d20f 84c7 | 3500 0048 | 8b84 24c0 

  0x00000120c7d9cb7c: ;   {metadata(method data for {method} {0x0000012080461ae8} 'append' '(Ljava/lang/String;)Ljava/lang/StringBuilder;' in 'java/lang/StringBuilder')}
  0x00000120c7d9cb7c: 0000 0049 | b8b0 b300 | db20 0100 | 0049 8380 | 1001 0000 

  0x00000120c7d9cb90: ;   {oop(")"{0x00000000c02376a0})}
  0x00000120c7d9cb90: 0149 b8a0 | 7623 c000 | 0000 0048 | 8b94 24c0 | 0000 000f 

  0x00000120c7d9cba4: ;   {optimized virtual_call}
  0x00000120c7d9cba4: 1f40 00e8 

  0x00000120c7d9cba8: ; ImmutableOopMap {[160]=Oop [168]=Oop [184]=Oop [192]=Oop [200]=Oop [208]=Oop }
                      ;*invokespecial append {reexecute=0 rethrow=0 return_oop=0}
                      ; - java.lang.StringBuilder::append@2
                      ; - org.eclipse.osgi.internal.loader.BundleLoader::findClass0@84 (line 476)
  0x00000120c7d9cba8: d41e 2107 

  0x00000120c7d9cbac: ;   {other}
  0x00000120c7d9cbac: 0f1f 8400 | 9c12 0009 | 488b 8424 | c000 0000 

  0x00000120c7d9cbbc: ;   {metadata(method data for {method} {0x00000120db58c878} 'findClass0' '(Ljava/lang/String;ZZ)Ljava/lang/Class;' in 'org/eclipse/osgi/internal/loader/BundleLoader')}
  0x00000120c7d9cbbc: 48ba 8070 | 7bdb 2001 | 0000 4883 | 8238 0300 

  0x00000120c7d9cbcc: ;   {metadata(method data for {method} {0x0000012080008958} 'toString' '()Ljava/lang/String;' in 'java/lang/StringBuilder')}
  0x00000120c7d9cbcc: 0001 48ba | d8ba 00db | 2001 0000 | 8bb2 cc00 | 0000 83c6 | 0289 b2cc | 0000 0081 | e6fe ff1f 
  0x00000120c7d9cbec: 0085 f60f | 846a 3500 

  0x00000120c7d9cbf4: ;   {metadata('java/lang/String')}
  0x00000120c7d9cbf4: 0048 ba78 | e800 8020 | 0100 0049 | 8b87 b801 | 0000 488d | 7818 493b | bfc8 0100 | 000f 8769 
  0x00000120c7d9cc14: 3500 0049 | 89bf b801 | 0000 48c7 | 0001 0000 | 0048 8bca | 49ba 0000 | 0080 2001 | 0000 492b 
  0x00000120c7d9cc34: ca89 4808 | 4833 c989 | 480c 4833 | c948 8948 | 104c 8bc0 

  0x00000120c7d9cc48: ;   {metadata(method data for {method} {0x0000012080008958} 'toString' '()Ljava/lang/String;' in 'java/lang/StringBuilder')}
  0x00000120c7d9cc48: 49b9 d8ba | 00db 2001 | 0000 4983 | 8110 0100 

  0x00000120c7d9cc58: ;   {metadata(method data for {method} {0x0000012080455dd8} '<init>' '(Ljava/lang/StringBuilder;)V' in 'java/lang/String')}
  0x00000120c7d9cc58: 0001 49b8 | 20bc 00db | 2001 0000 | 458b 88cc | 0000 0041 | 83c1 0245 | 8988 cc00 | 0000 4181 
  0x00000120c7d9cc78: e1fe ff1f | 0045 85c9 | 0f84 0735 | 0000 4c8b 

  0x00000120c7d9cc88: ;   {metadata(method data for {method} {0x0000012080455dd8} '<init>' '(Ljava/lang/StringBuilder;)V' in 'java/lang/String')}
  0x00000120c7d9cc88: c049 b920 | bc00 db20 | 0100 0049 | 8381 1001 | 0000 014c | 8b84 24c0 

  0x00000120c7d9cca0: ;   {oop(nullptr)}
  0x00000120c7d9cca0: 0000 0049 | b900 0000 | 0000 0000 | 0048 8bd0 | 4889 8424 | d800 0000 | 0f1f 8000 

  0x00000120c7d9ccbc: ;   {optimized virtual_call}
  0x00000120c7d9ccbc: 0000 00e8 

  0x00000120c7d9ccc0: ; ImmutableOopMap {[160]=Oop [168]=Oop [184]=Oop [200]=Oop [208]=Oop [216]=Oop }
                      ;*invokespecial <init> {reexecute=0 rethrow=0 return_oop=0}
                      ; - java.lang.String::<init>@3
                      ; - java.lang.StringBuilder::toString@5
                      ; - org.eclipse.osgi.internal.loader.BundleLoader::findClass0@87 (line 476)
  0x00000120c7d9ccc0: bc1d 2107 

  0x00000120c7d9ccc4: ;   {other}
  0x00000120c7d9ccc4: 0f1f 8400 | b413 000a | 4c8b 8c24 | c800 0000 

  0x00000120c7d9ccd4: ; implicit exception: dispatches to 0x00000120c7da01ae
  0x00000120c7d9ccd4: 493b 014d 

  0x00000120c7d9ccd8: ;   {metadata(method data for {method} {0x00000120db58c878} 'findClass0' '(Ljava/lang/String;ZZ)Ljava/lang/Class;' in 'org/eclipse/osgi/internal/loader/BundleLoader')}
  0x00000120c7d9ccd8: 8bc1 48ba | 8070 7bdb | 2001 0000 

  0x00000120c7d9cce4: ;   {metadata('org/eclipse/osgi/internal/debug/Debug')}
  0x00000120c7d9cce4: 49ba 8009 | 0981 2001 | 0000 4c89 | 9280 0300 | 0048 8382 | 8803 0000 

  0x00000120c7d9ccfc: ;   {metadata(method data for {method} {0x00000120db4e5400} 'trace' '(Ljava/lang/String;Ljava/lang/String;)V' in 'org/eclipse/osgi/internal/debug/Debug')}
  0x00000120c7d9ccfc: 0149 b8a0 | 5178 db20 | 0100 0041 | 8b90 cc00 | 0000 83c2 | 0241 8990 | cc00 0000 | 81e2 feff 
  0x00000120c7d9cd1c: 1f00 85d2 | 0f84 8d34 | 0000 418b | 5124 4885 

  0x00000120c7d9cd2c: ;   {metadata(method data for {method} {0x00000120db4e5400} 'trace' '(Ljava/lang/String;Ljava/lang/String;)V' in 'org/eclipse/osgi/internal/debug/Debug')}
  0x00000120c7d9cd2c: d249 b8a0 | 5178 db20 | 0100 0049 | c7c1 1001 | 0000 7407 | 49c7 c120 | 0100 004b | 8b34 0848 
  0x00000120c7d9cd4c: 8d76 014b | 8934 080f | 84f9 0200 | 0048 85d2 | 0f84 2900 

  0x00000120c7d9cd60: ;   {metadata('org/eclipse/osgi/internal/log/ExtendedLogServiceImpl')}
  0x00000120c7d9cd60: 0000 48bf | 4056 0981 | 2001 0000 | 8b72 0849 | ba00 0000 | 8020 0100 | 0049 03f2 | 483b 7e38 
  0x00000120c7d9cd80: 0f85 4e34 | 0000 e900 | 0000 004c | 8bc2 483b | 024c 8bc2 

  0x00000120c7d9cd94: ;   {metadata(method data for {method} {0x00000120db4e5400} 'trace' '(Ljava/lang/String;Ljava/lang/String;)V' in 'org/eclipse/osgi/internal/debug/Debug')}
  0x00000120c7d9cd94: 49b9 a051 | 78db 2001 

  0x00000120c7d9cd9c: ;   {metadata('org/eclipse/osgi/internal/log/ExtendedLogServiceImpl')}
  0x00000120c7d9cd9c: 0000 49ba | 4056 0981 | 2001 0000 | 4d89 9140 | 0100 0049 | 8381 4801 

  0x00000120c7d9cdb4: ;   {metadata(method data for {method} {0x00000120db50ca90} 'getLogger' '(Ljava/lang/String;)Lorg/osgi/service/log/Logger;' in 'org/eclipse/osgi/internal/log/ExtendedLogServiceImpl')}
  0x00000120c7d9cdb4: 0000 0149 | b8f0 5478 | db20 0100 | 0045 8b88 | cc00 0000 | 4183 c102 | 4589 88cc | 0000 0041 
  0x00000120c7d9cdd4: 81e1 feff | 1f00 4585 | c90f 84fb | 3300 004c 

  0x00000120c7d9cde4: ;   {metadata(method data for {method} {0x00000120db50ca90} 'getLogger' '(Ljava/lang/String;)Lorg/osgi/service/log/Logger;' in 'org/eclipse/osgi/internal/log/ExtendedLogServiceImpl')}
  0x00000120c7d9cde4: 8bc2 49b9 | f054 78db | 2001 0000 

  0x00000120c7d9cdf0: ;   {metadata('org/eclipse/osgi/internal/log/ExtendedLogServiceImpl')}
  0x00000120c7d9cdf0: 49ba 4056 | 0981 2001 | 0000 4d89 | 9120 0100 | 0049 8381 | 2801 0000 

  0x00000120c7d9ce08: ;   {metadata(method data for {method} {0x00000120db50a318} 'getLogger' '(Ljava/lang/String;)Lorg/eclipse/equinox/log/Logger;' in 'org/eclipse/osgi/internal/log/ExtendedLogServiceImpl')}
  0x00000120c7d9ce08: 0149 b868 | 5778 db20 | 0100 0045 | 8b88 cc00 | 0000 4183 | c102 4589 | 88cc 0000 | 0041 81e1 
  0x00000120c7d9ce28: feff 1f00 | 4585 c90f | 84ca 3300 | 004c 8bc2 

  0x00000120c7d9ce38: ;   {metadata(method data for {method} {0x00000120db50a318} 'getLogger' '(Ljava/lang/String;)Lorg/eclipse/equinox/log/Logger;' in 'org/eclipse/osgi/internal/log/ExtendedLogServiceImpl')}
  0x00000120c7d9ce38: 49b9 6857 | 78db 2001 

  0x00000120c7d9ce40: ;   {metadata('org/eclipse/osgi/internal/log/ExtendedLogServiceImpl')}
  0x00000120c7d9ce40: 0000 49ba | 4056 0981 | 2001 0000 | 4d89 9120 | 0100 0049 | 8381 2801 | 0000 014c | 8b84 24d0 
  0x00000120c7d9ce60: ;   {oop(a 'java/lang/Class'{0x00000000cdd65978} = 'org/osgi/service/log/Logger')}
  0x00000120c7d9ce60: 0000 0049 | b978 59d6 | cd00 0000 

  0x00000120c7d9ce6c: ;   {optimized virtual_call}
  0x00000120c7d9ce6c: 0066 90e8 

  0x00000120c7d9ce70: ; ImmutableOopMap {[160]=Oop [168]=Oop [184]=Oop [208]=Oop [216]=Oop }
                      ;*invokevirtual getLogger {reexecute=0 rethrow=0 return_oop=0}
                      ; - org.eclipse.osgi.internal.log.ExtendedLogServiceImpl::getLogger@4 (line 73)
                      ; - org.eclipse.osgi.internal.log.ExtendedLogServiceImpl::getLogger@2 (line 1)
                      ; - org.eclipse.osgi.internal.debug.Debug::trace@11 (line 265)
                      ; - org.eclipse.osgi.internal.loader.BundleLoader::findClass0@90 (line 476)
  0x00000120c7d9ce70: 0c1c 2107 

  0x00000120c7d9ce74: ;   {other}
  0x00000120c7d9ce74: 0f1f 8400 | 6415 000b | 4885 c075 

  0x00000120c7d9ce80: ;   {metadata(method data for {method} {0x00000120db50a318} 'getLogger' '(Ljava/lang/String;)Lorg/eclipse/equinox/log/Logger;' in 'org/eclipse/osgi/internal/log/ExtendedLogServiceImpl')}
  0x00000120c7d9ce80: 1648 be68 | 5778 db20 | 0100 0080 | 8e41 0100 | 0001 e9e7 

  0x00000120c7d9ce94: ;   {metadata('org/eclipse/equinox/log/Logger')}
  0x00000120c7d9ce94: 0000 0048 | bff8 2909 | 8120 0100 | 008b 7008 | 49ba 0000 | 0080 2001 | 0000 4903 | f248 3b7e 
  0x00000120c7d9ceb4: 200f 841a | 0000 0048 | 3bf7 0f84 | 1100 0000 

  0x00000120c7d9cec4: ;   {runtime_call slow_subtype_check Runtime1 stub}
  0x00000120c7d9cec4: 5657 e835 | 002d 075e | 5e85 f60f | 848d 0000 

  0x00000120c7d9ced4: ;   {metadata(method data for {method} {0x00000120db50a318} 'getLogger' '(Ljava/lang/String;)Lorg/eclipse/equinox/log/Logger;' in 'org/eclipse/osgi/internal/log/ExtendedLogServiceImpl')}
  0x00000120c7d9ced4: 0048 be68 | 5778 db20 | 0100 008b | 7808 49ba | 0000 0080 | 2001 0000 | 4903 fa48 | 3bbe 5801 
  0x00000120c7d9cef4: 0000 750d | 4883 8660 | 0100 0001 | e979 0000 | 0048 3bbe | 6801 0000 | 750d 4883 | 8670 0100 
  0x00000120c7d9cf14: 0001 e963 | 0000 0048 | 83be 5801 | 0000 0075 | 1748 89be | 5801 0000 | 48c7 8660 | 0100 0001 
  0x00000120c7d9cf34: 0000 00e9 | 4200 0000 | 4883 be68 | 0100 0000 | 7517 4889 | be68 0100 | 0048 c786 | 7001 0000 
  0x00000120c7d9cf54: 0100 0000 | e921 0000 | 00e9 1c00 

  0x00000120c7d9cf60: ;   {metadata(method data for {method} {0x00000120db50a318} 'getLogger' '(Ljava/lang/String;)Lorg/eclipse/equinox/log/Logger;' in 'org/eclipse/osgi/internal/log/ExtendedLogServiceImpl')}
  0x00000120c7d9cf60: 0000 48be | 6857 78db | 2001 0000 | 4883 ae48 | 0100 0001 | e9a7 3200 | 00e9 0000 | 0000 488b 
  0x00000120c7d9cf80: d048 3b02 

  0x00000120c7d9cf84: ;   {metadata(method data for {method} {0x00000120db4e5400} 'trace' '(Ljava/lang/String;Ljava/lang/String;)V' in 'org/eclipse/osgi/internal/debug/Debug')}
  0x00000120c7d9cf84: 4c8b c248 | bea0 5178 | db20 0100 | 0045 8b40 | 0849 ba00 | 0000 8020 | 0100 004d | 03c2 4c3b 
  0x00000120c7d9cfa4: 8678 0100 | 0075 0d48 | 8386 8001 | 0000 01e9 | 6000 0000 | 4c3b 8688 | 0100 0075 | 0d48 8386 
  0x00000120c7d9cfc4: 9001 0000 | 01e9 4a00 | 0000 4883 | be78 0100 | 0000 7517 | 4c89 8678 | 0100 0048 | c786 8001 
  0x00000120c7d9cfe4: 0000 0100 | 0000 e929 | 0000 0048 | 83be 8801 | 0000 0075 | 174c 8986 | 8801 0000 | 48c7 8690 
  0x00000120c7d9d004: 0100 0001 | 0000 00e9 | 0800 0000 | 4883 8668 | 0100 0001 | 4c8b 8424 | d800 0000 | 0f1f 4400 
  0x00000120c7d9d024: 0048 b8ff | ffff ffff 

  0x00000120c7d9d02c: ;   {virtual_call}
  0x00000120c7d9d02c: ffff ffe8 

  0x00000120c7d9d030: ; ImmutableOopMap {[160]=Oop [168]=Oop [184]=Oop [208]=Oop }
                      ;*invokeinterface debug {reexecute=0 rethrow=0 return_oop=0}
                      ; - org.eclipse.osgi.internal.debug.Debug::trace@17 (line 265)
                      ; - org.eclipse.osgi.internal.loader.BundleLoader::findClass0@90 (line 476)
  0x00000120c7d9d030: 4c1d 2107 

  0x00000120c7d9d034: ;   {other}
  0x00000120c7d9d034: 0f1f 8400 | 2417 000c 

  0x00000120c7d9d03c: ;   {metadata(method data for {method} {0x00000120db4e5400} 'trace' '(Ljava/lang/String;Ljava/lang/String;)V' in 'org/eclipse/osgi/internal/debug/Debug')}
  0x00000120c7d9d03c: 49b8 a051 | 78db 2001 | 0000 41ff | 80a0 0100 | 00e9 5200 | 0000 488b | 8424 d800 

  0x00000120c7d9d058: ;   {oop(a 'java/lang/Class'{0x00000000cdda98a0} = 'org/eclipse/osgi/internal/debug/Debug')}
  0x00000120c7d9d058: 0000 49b8 | a098 dacd | 0000 0000 | 418b 90d0 | 0000 0048 | 3b02 4c8b 

  0x00000120c7d9d070: ;   {metadata(method data for {method} {0x00000120db4e5400} 'trace' '(Ljava/lang/String;Ljava/lang/String;)V' in 'org/eclipse/osgi/internal/debug/Debug')}
  0x00000120c7d9d070: c248 bea0 | 5178 db20 

  0x00000120c7d9d078: ;   {metadata('java/io/PrintStream')}
  0x00000120c7d9d078: 0100 0049 | bac8 a300 | 8020 0100 | 004c 8996 | c801 0000 | 4883 86d0 | 0100 0001 

  0x00000120c7d9d094: ;   {optimized virtual_call}
  0x00000120c7d9d094: 4c8b c0e8 

  0x00000120c7d9d098: ; ImmutableOopMap {[160]=Oop [168]=Oop [184]=Oop [208]=Oop }
                      ;*invokevirtual println {reexecute=0 rethrow=0 return_oop=0}
                      ; - org.eclipse.osgi.internal.debug.Debug::trace@29 (line 267)
                      ; - org.eclipse.osgi.internal.loader.BundleLoader::findClass0@90 (line 476)
  0x00000120c7d9d098: e419 2107 

  0x00000120c7d9d09c: ;   {other}
  0x00000120c7d9d09c: 0f1f 8400 | 8c17 000d | 448b 8c24 | b000 0000 

  0x00000120c7d9d0ac: ;   {metadata(method data for {method} {0x00000120db58c878} 'findClass0' '(Ljava/lang/String;ZZ)Ljava/lang/Class;' in 'org/eclipse/osgi/internal/loader/BundleLoader')}
  0x00000120c7d9d0ac: 4585 c949 | b880 707b | db20 0100 | 0048 c7c2 | b803 0000 | 7507 48c7 | c2a8 0300 | 0049 8b34 
  0x00000120c7d9d0cc: 1048 8d76 | 0149 8934 | 100f 850a | 0000 00be | 0000 0000 | e97d 0200 | 0048 8b94 | 24a8 0000 
  0x00000120c7d9d0ec: 0044 8b42 | 484d 85c0 

  0x00000120c7d9d0f4: ;   {metadata(method data for {method} {0x00000120db58c878} 'findClass0' '(Ljava/lang/String;ZZ)Ljava/lang/Class;' in 'org/eclipse/osgi/internal/loader/BundleLoader')}
  0x00000120c7d9d0f4: 49b8 8070 | 7bdb 2001 | 0000 48c7 | c6d8 0300 | 0075 0748 | c7c6 c803 | 0000 498b | 3c30 488d 
  0x00000120c7d9d114: 7f01 4989 | 3c30 0f85 | 0a00 0000 | be00 0000 | 00e9 3802 | 0000 8b72 | 1448 3b06 

  0x00000120c7d9d130: ;   {metadata(method data for {method} {0x00000120db58c878} 'findClass0' '(Ljava/lang/String;ZZ)Ljava/lang/Class;' in 'org/eclipse/osgi/internal/loader/BundleLoader')}
  0x00000120c7d9d130: 4c8b c648 | bf80 707b | db20 0100 | 0048 8387 | 0004 0000 | 014c 8b84 | 24b8 0000 | 0048 8bd6 
  0x00000120c7d9d150: 0f1f 8000 

  0x00000120c7d9d154: ;   {optimized virtual_call}
  0x00000120c7d9d154: 0000 00e8 

  0x00000120c7d9d158: ; ImmutableOopMap {[160]=Oop [168]=Oop [184]=Oop [208]=Oop }
                      ;*invokevirtual isBootDelegationPackage {reexecute=0 rethrow=0 return_oop=0}
                      ; - org.eclipse.osgi.internal.loader.BundleLoader::findClass0@113 (line 480)
  0x00000120c7d9d158: 9938 0000 

  0x00000120c7d9d15c: ;   {other}
  0x00000120c7d9d15c: 0f1f 8400 | 4c18 000e 

  0x00000120c7d9d164: ;   {metadata(method data for {method} {0x00000120db58c878} 'findClass0' '(Ljava/lang/String;ZZ)Ljava/lang/Class;' in 'org/eclipse/osgi/internal/loader/BundleLoader')}
  0x00000120c7d9d164: 85c0 49b8 | 8070 7bdb | 2001 0000 | 49c7 c130 | 0400 0075 | 0749 c7c1 | 2004 0000 | 4b8b 1408 
  0x00000120c7d9d184: 488d 5201 | 4b89 1408 | 0f85 0a00 | 0000 be00 | 0000 00e9 | c601 0000 | 488b 9424 | a800 0000 
  0x00000120c7d9d1a4: 8b72 4848 | 3b06 4c8b 

  0x00000120c7d9d1ac: ;   {metadata(method data for {method} {0x00000120db58c878} 'findClass0' '(Ljava/lang/String;ZZ)Ljava/lang/Class;' in 'org/eclipse/osgi/internal/loader/BundleLoader')}
  0x00000120c7d9d1ac: c649 b980 | 707b db20 | 0100 0045 | 8b40 0849 | ba00 0000 | 8020 0100 | 004d 03c2 | 4d3b 8150 
  0x00000120c7d9d1cc: 0400 0075 | 0d49 8381 | 5804 0000 | 01e9 6000 | 0000 4d3b | 8160 0400 | 0075 0d49 | 8381 6804 
  0x00000120c7d9d1ec: 0000 01e9 | 4a00 0000 | 4983 b950 | 0400 0000 | 7517 4d89 | 8150 0400 | 0049 c781 | 5804 0000 
  0x00000120c7d9d20c: 0100 0000 | e929 0000 | 0049 83b9 | 6004 0000 | 0075 174d | 8981 6004 | 0000 49c7 | 8168 0400 
  0x00000120c7d9d22c: 0001 0000 | 00e9 0800 | 0000 4983 | 8140 0400 

  0x00000120c7d9d23c: ;   {metadata(method data for {method} {0x00000120800143f0} 'loadClass' '(Ljava/lang/String;)Ljava/lang/Class;' in 'java/lang/ClassLoader')}
  0x00000120c7d9d23c: 0001 49b8 | 7091 2adb | 2001 0000 | 458b 88cc | 0000 0041 | 83c1 0245 | 8988 cc00 | 0000 4181 
  0x00000120c7d9d25c: e1fe ff1f | 0045 85c9 | 0f84 d32f | 0000 4c8b 

  0x00000120c7d9d26c: ;   {metadata(method data for {method} {0x00000120800143f0} 'loadClass' '(Ljava/lang/String;)Ljava/lang/Class;' in 'java/lang/ClassLoader')}
  0x00000120c7d9d26c: c649 b970 | 912a db20 | 0100 0045 | 8b40 0849 | ba00 0000 | 8020 0100 | 004d 03c2 | 4d3b 8120 
  0x00000120c7d9d28c: 0100 0075 | 0d49 8381 | 2801 0000 | 01e9 6000 | 0000 4d3b | 8130 0100 | 0075 0d49 | 8381 3801 
  0x00000120c7d9d2ac: 0000 01e9 | 4a00 0000 | 4983 b920 | 0100 0000 | 7517 4d89 | 8120 0100 | 0049 c781 | 2801 0000 
  0x00000120c7d9d2cc: 0100 0000 | e929 0000 | 0049 83b9 | 3001 0000 | 0075 174d | 8981 3001 | 0000 49c7 | 8138 0100 
  0x00000120c7d9d2ec: 0001 0000 | 00e9 0800 | 0000 4983 | 8110 0100 | 0001 4c8b | 8424 a000 | 0000 41b9 | 0000 0000 
  0x00000120c7d9d30c: 488b d666 | 0f1f 4400 | 0048 b8ff | ffff ffff 

  0x00000120c7d9d31c: ;   {virtual_call}
  0x00000120c7d9d31c: ffff ffe8 

  0x00000120c7d9d320: ; ImmutableOopMap {[160]=Oop [168]=Oop [184]=Oop [208]=Oop }
                      ;*invokevirtual loadClass {reexecute=0 rethrow=0 return_oop=0}
                      ; - java.lang.ClassLoader::loadClass@3
                      ; - org.eclipse.osgi.internal.loader.BundleLoader::findClass0@124 (line 484)
  0x00000120c7d9d320: 5c1a 2107 

  0x00000120c7d9d324: ;   {other}
  0x00000120c7d9d324: 0f1f 8400 | 141a 000f | 4881 c470 | 0100 005d 

  0x00000120c7d9d334: ;   {poll_return}
  0x00000120c7d9d334: 493b a750 | 0400 000f | 871d 2f00 | 00c3 498b | 8700 0500 | 004d 33d2 | 4d89 9700 | 0500 004d 
  0x00000120c7d9d354: 33d2 4d89 | 9708 0500 | 00be 0100 | 0000 89b4 | 24e0 0000 | 0048 8b94 | 24a8 0000 

  0x00000120c7d9d370: ;   {metadata(method data for {method} {0x00000120db58c878} 'findClass0' '(Ljava/lang/String;ZZ)Ljava/lang/Class;' in 'org/eclipse/osgi/internal/loader/BundleLoader')}
  0x00000120c7d9d370: 0049 b880 | 707b db20 | 0100 0049 | 8380 7804 | 0000 014c | 8b84 24a0 | 0000 0041 | b901 0000 
  0x00000120c7d9d390: 0048 8b94 | 24a8 0000 | 0066 0f1f 

  0x00000120c7d9d39c: ;   {optimized virtual_call}
  0x00000120c7d9d39c: 4400 00e8 

  0x00000120c7d9d3a0: ; ImmutableOopMap {[160]=Oop [168]=Oop [184]=Oop [208]=Oop }
                      ;*invokespecial searchHooks {reexecute=0 rethrow=0 return_oop=0}
                      ; - org.eclipse.osgi.internal.loader.BundleLoader::findClass0@139 (line 492)
  0x00000120c7d9d3a0: 0038 0000 

  0x00000120c7d9d3a4: ;   {other}
  0x00000120c7d9d3a4: 0f1f 8400 | 941a 0010 | 4885 c075 

  0x00000120c7d9d3b0: ;   {metadata(method data for {method} {0x00000120db58c878} 'findClass0' '(Ljava/lang/String;ZZ)Ljava/lang/Class;' in 'org/eclipse/osgi/internal/loader/BundleLoader')}
  0x00000120c7d9d3b0: 1648 ba80 | 707b db20 | 0100 0080 | 8a81 0400 | 0001 e9cd 

  0x00000120c7d9d3c4: ;   {metadata('java/lang/Class')}
  0x00000120c7d9d3c4: 0000 0048 | be50 6b00 | 8020 0100 | 0044 8b40 | 0849 ba00 | 0000 8020 | 0100 004d | 03c2 493b 
  0x00000120c7d9d3e4: f00f 858d 

  0x00000120c7d9d3e8: ;   {metadata(method data for {method} {0x00000120db58c878} 'findClass0' '(Ljava/lang/String;ZZ)Ljava/lang/Class;' in 'org/eclipse/osgi/internal/loader/BundleLoader')}
  0x00000120c7d9d3e8: 0000 0048 | ba80 707b | db20 0100 | 008b 7008 | 49ba 0000 | 0080 2001 | 0000 4903 | f248 3bb2 
  0x00000120c7d9d408: 9804 0000 | 750d 4883 | 82a0 0400 | 0001 e979 | 0000 0048 | 3bb2 a804 | 0000 750d | 4883 82b0 
  0x00000120c7d9d428: 0400 0001 | e963 0000 | 0048 83ba | 9804 0000 | 0075 1748 | 89b2 9804 | 0000 48c7 | 82a0 0400 
  0x00000120c7d9d448: 0001 0000 | 00e9 4200 | 0000 4883 | baa8 0400 | 0000 7517 | 4889 b2a8 | 0400 0048 | c782 b004 
  0x00000120c7d9d468: 0000 0100 | 0000 e921 | 0000 00e9 | 1c00 0000 

  0x00000120c7d9d478: ;   {metadata(method data for {method} {0x00000120db58c878} 'findClass0' '(Ljava/lang/String;ZZ)Ljava/lang/Class;' in 'org/eclipse/osgi/internal/loader/BundleLoader')}
  0x00000120c7d9d478: 48ba 8070 | 7bdb 2001 | 0000 4883 | aa88 0400 | 0001 e9e5 | 2d00 00e9 | 0000 0000 

  0x00000120c7d9d494: ;   {metadata(method data for {method} {0x00000120db58c878} 'findClass0' '(Ljava/lang/String;ZZ)Ljava/lang/Class;' in 'org/eclipse/osgi/internal/loader/BundleLoader')}
  0x00000120c7d9d494: 49b8 8070 | 7bdb 2001 | 0000 41ff | 80c0 0400 | 00e9 2500 | 0000 498b | 8700 0500 | 004d 33d2 
  0x00000120c7d9d4b4: 4d89 9700 | 0500 004d | 33d2 4d89 | 9708 0500 

  0x00000120c7d9d4c4: ;   {oop(nullptr)}
  0x00000120c7d9d4c4: 0048 b800 | 0000 0000 | 0000 0048 

  0x00000120c7d9d4d0: ;   {metadata(method data for {method} {0x00000120db58c878} 'findClass0' '(Ljava/lang/String;ZZ)Ljava/lang/Class;' in 'org/eclipse/osgi/internal/loader/BundleLoader')}
  0x00000120c7d9d4d0: 85c0 49b8 | 8070 7bdb | 2001 0000 | 48c7 c2e8 | 0400 0075 | 0748 c7c2 | d804 0000 | 498b 3410 
  0x00000120c7d9d4f0: 488d 7601 | 4989 3410 | 0f85 6c27 | 0000 4889 | 8424 e800 | 0000 488b | 9424 a800 

  0x00000120c7d9d50c: ;   {metadata(method data for {method} {0x00000120db58c878} 'findClass0' '(Ljava/lang/String;ZZ)Ljava/lang/Class;' in 'org/eclipse/osgi/internal/loader/BundleLoader')}
  0x00000120c7d9d50c: 0000 49b8 | 8070 7bdb | 2001 0000 | 4983 80f8 | 0400 0001 

  0x00000120c7d9d520: ;   {metadata(method data for {method} {0x00000120db58f618} 'findImportedSource' '(Ljava/lang/String;Ljava/util/Collection;)Lorg/eclipse/osgi/internal/loader/sources/PackageSource;' in 'org/eclipse/osgi/internal/loader/BundleLoader')}
  0x00000120c7d9d520: 49b8 a888 | 98db 2001 | 0000 418b | 90cc 0000 | 0083 c202 | 4189 90cc | 0000 0081 | e2fe ff1f 
  0x00000120c7d9d540: 0085 d20f | 8434 2d00 | 0048 8b94 | 24a8 0000 

  0x00000120c7d9d550: ;   {metadata(method data for {method} {0x00000120db58f618} 'findImportedSource' '(Ljava/lang/String;Ljava/util/Collection;)Lorg/eclipse/osgi/internal/loader/sources/PackageSource;' in 'org/eclipse/osgi/internal/loader/BundleLoader')}
  0x00000120c7d9d550: 0049 b8a8 | 8898 db20 | 0100 0049 | 8380 1001 

  0x00000120c7d9d560: ;   {oop(nullptr)}
  0x00000120c7d9d560: 0000 0149 | b800 0000 | 0000 0000 | 0048 8b94 | 24a8 0000 

  0x00000120c7d9d574: ;   {optimized virtual_call}
  0x00000120c7d9d574: 0066 90e8 

  0x00000120c7d9d578: ; ImmutableOopMap {[160]=Oop [168]=Oop [184]=Oop [208]=Oop [232]=Oop }
                      ;*invokespecial getImportedSources {reexecute=0 rethrow=0 return_oop=0}
                      ; - org.eclipse.osgi.internal.loader.BundleLoader::findImportedSource@2 (line 1251)
                      ; - org.eclipse.osgi.internal.loader.BundleLoader::findClass0@164 (line 499)
  0x00000120c7d9d578: a4c9 ffff 

  0x00000120c7d9d57c: ;   {other}
  0x00000120c7d9d57c: 0f1f 8400 | 6c1c 0011 | 4c8d 8424 | 5001 0000 | 488b f049 | 8970 0848 | 8b06 4883 | c801 4989 
  0x00000120c7d9d59c: 00f0 4c0f | b106 0f84 | 1200 0000 | 482b c448 | 2507 f0ff | ff49 8900 | 0f85 e92c | 0000 49ff 
  0x00000120c7d9d5bc: 8750 0500 | 0048 8bc6 

  0x00000120c7d9d5c4: ;   {metadata(method data for {method} {0x00000120db58f618} 'findImportedSource' '(Ljava/lang/String;Ljava/util/Collection;)Lorg/eclipse/osgi/internal/loader/sources/PackageSource;' in 'org/eclipse/osgi/internal/loader/BundleLoader')}
  0x00000120c7d9d5c4: 49b8 a888 | 98db 2001 | 0000 8b40 | 0849 ba00 | 0000 8020 | 0100 0049 | 03c2 493b | 8030 0100 
  0x00000120c7d9d5e4: 0075 0d49 | 8380 3801 | 0000 01e9 | 6000 0000 | 493b 8040 | 0100 0075 | 0d49 8380 | 4801 0000 
  0x00000120c7d9d604: 01e9 4a00 | 0000 4983 | b830 0100 | 0000 7517 | 4989 8030 | 0100 0049 | c780 3801 | 0000 0100 
  0x00000120c7d9d624: 0000 e929 | 0000 0049 | 83b8 4001 | 0000 0075 | 1749 8980 | 4001 0000 | 49c7 8048 | 0100 0001 
  0x00000120c7d9d644: 0000 00e9 | 0800 0000 | 4983 8020 | 0100 0001 | 4c8b 8424 | b800 0000 | 488b d648 | 89b4 24f0 
  0x00000120c7d9d664: 0000 0066 | 0f1f 4400 | 0048 b868 | a908 8020 

  0x00000120c7d9d674: ;   {virtual_call}
  0x00000120c7d9d674: 0100 00e8 

  0x00000120c7d9d678: ; ImmutableOopMap {[160]=Oop [168]=Oop [184]=Oop [208]=Oop [232]=Oop [240]=Oop [344]=Oop }
                      ;*invokeinterface get {reexecute=0 rethrow=0 return_oop=0}
                      ; - org.eclipse.osgi.internal.loader.BundleLoader::findImportedSource@13 (line 1253)
                      ; - org.eclipse.osgi.internal.loader.BundleLoader::findClass0@164 (line 499)
  0x00000120c7d9d678: e4b9 8007 

  0x00000120c7d9d67c: ;   {other}
  0x00000120c7d9d67c: 0f1f 8400 | 6c1d 0012 | 4885 c075 

  0x00000120c7d9d688: ;   {metadata(method data for {method} {0x00000120db58f618} 'findImportedSource' '(Ljava/lang/String;Ljava/util/Collection;)Lorg/eclipse/osgi/internal/loader/sources/PackageSource;' in 'org/eclipse/osgi/internal/loader/BundleLoader')}
  0x00000120c7d9d688: 1648 baa8 | 8898 db20 | 0100 0080 | 8a51 0100 | 0001 e9cd 

  0x00000120c7d9d69c: ;   {metadata('org/eclipse/osgi/internal/loader/sources/PackageSource')}
  0x00000120c7d9d69c: 0000 0048 | bee0 8d0b | 8120 0100 | 008b 5008 | 49ba 0000 | 0080 2001 | 0000 4903 | d248 3b72 
  0x00000120c7d9d6bc: 380f 858d 

  0x00000120c7d9d6c0: ;   {metadata(method data for {method} {0x00000120db58f618} 'findImportedSource' '(Ljava/lang/String;Ljava/util/Collection;)Lorg/eclipse/osgi/internal/loader/sources/PackageSource;' in 'org/eclipse/osgi/internal/loader/BundleLoader')}
  0x00000120c7d9d6c0: 0000 0048 | baa8 8898 | db20 0100 | 008b 7008 | 49ba 0000 | 0080 2001 | 0000 4903 | f248 3bb2 
  0x00000120c7d9d6e0: 6801 0000 | 750d 4883 | 8270 0100 | 0001 e979 | 0000 0048 | 3bb2 7801 | 0000 750d | 4883 8280 
  0x00000120c7d9d700: 0100 0001 | e963 0000 | 0048 83ba | 6801 0000 | 0075 1748 | 89b2 6801 | 0000 48c7 | 8270 0100 
  0x00000120c7d9d720: 0001 0000 | 00e9 4200 | 0000 4883 | ba78 0100 | 0000 7517 | 4889 b278 | 0100 0048 | c782 8001 
  0x00000120c7d9d740: 0000 0100 | 0000 e921 | 0000 00e9 | 1c00 0000 

  0x00000120c7d9d750: ;   {metadata(method data for {method} {0x00000120db58f618} 'findImportedSource' '(Ljava/lang/String;Ljava/util/Collection;)Lorg/eclipse/osgi/internal/loader/sources/PackageSource;' in 'org/eclipse/osgi/internal/loader/BundleLoader')}
  0x00000120c7d9d750: 48ba a888 | 98db 2001 | 0000 4883 | aa58 0100 | 0001 e94f | 2b00 00e9 | 0000 0000 | 488b d848 
  0x00000120c7d9d770: 899c 2400 | 0100 0048 | 8d84 2450 | 0100 0048 | 8b10 4885 | d20f 840f | 0000 0048 | 8b70 08f0 
  0x00000120c7d9d790: 480f b116 | 0f85 252b | 0000 49ff | 8f50 0500 | 0048 85db 

  0x00000120c7d9d7a4: ;   {metadata(method data for {method} {0x00000120db58c878} 'findClass0' '(Ljava/lang/String;ZZ)Ljava/lang/Class;' in 'org/eclipse/osgi/internal/loader/BundleLoader')}
  0x00000120c7d9d7a4: 48ba 8070 | 7bdb 2001 | 0000 48c7 | c608 0500 | 0074 0748 | c7c6 1805 | 0000 488b | 3c32 488d 
  0x00000120c7d9d7c4: 7f01 4889 | 3c32 0f84 | 390f 0000 | 4c8b 8c24 | d000 0000 

  0x00000120c7d9d7d8: ;   {metadata(method data for {method} {0x00000120db58c878} 'findClass0' '(Ljava/lang/String;ZZ)Ljava/lang/Class;' in 'org/eclipse/osgi/internal/loader/BundleLoader')}
  0x00000120c7d9d7d8: 4d85 c948 | ba80 707b | db20 0100 | 0048 c7c6 | 2805 0000 | 7407 48c7 | c638 0500 | 0048 8b3c 
  0x00000120c7d9d7f8: 3248 8d7f | 0148 893c | 324c 898c | 24d0 0000 | 000f 84fd | 0900 0048 | 8b94 24a8 | 0000 0044 
  0x00000120c7d9d818: 8b5a 184c | 899c 2408 | 0100 000f | 1f44 0000 

  0x00000120c7d9d828: ;   {no_reloc}
  0x00000120c7d9d828: e9b7 2a00 | 0000 0000 | 0000 498b | 87b8 0100 | 0048 8d78 | 1849 3bbf | c801 0000 | 0f87 a42a 
  0x00000120c7d9d848: 0000 4989 | bfb8 0100 | 0048 c700 | 0100 0000 | 488b ca49 | ba00 0000 | 8020 0100 | 0049 2bca 
  0x00000120c7d9d868: 8948 0848 | 33c9 8948 | 0c48 33c9 | 4889 4810 

  0x00000120c7d9d878: ;   {metadata(method data for {method} {0x00000120db58c878} 'findClass0' '(Ljava/lang/String;ZZ)Ljava/lang/Class;' in 'org/eclipse/osgi/internal/loader/BundleLoader')}
  0x00000120c7d9d878: 4c8b c048 | ba80 707b | db20 0100 | 0048 8382 | 4805 0000 

  0x00000120c7d9d88c: ;   {metadata(method data for {method} {0x0000012080461da8} '<init>' '(Ljava/lang/String;)V' in 'java/lang/StringBuilder')}
  0x00000120c7d9d88c: 0149 b850 | 5e30 db20 | 0100 0041 | 8b90 cc00 | 0000 83c2 | 0241 8990 | cc00 0000 | 81e2 feff 
  0x00000120c7d9d8ac: 1f00 85d2 | 0f84 452a | 0000 4c8b 

  0x00000120c7d9d8b8: ;   {metadata(method data for {method} {0x0000012080461da8} '<init>' '(Ljava/lang/String;)V' in 'java/lang/StringBuilder')}
  0x00000120c7d9d8b8: c048 ba50 | 5e30 db20 | 0100 0048 | 8382 1001 

  0x00000120c7d9d8c8: ;   {oop("BundleLoader["{0x00000000cdd6f960})}
  0x00000120c7d9d8c8: 0000 0149 | b860 f9d6 | cd00 0000 | 0048 8bd0 | 4889 8424 | f800 0000 | 0f1f 8000 

  0x00000120c7d9d8e4: ;   {optimized virtual_call}
  0x00000120c7d9d8e4: 0000 00e8 

  0x00000120c7d9d8e8: ; ImmutableOopMap {[160]=Oop [168]=Oop [208]=Oop [248]=Oop [256]=Oop [264]=Oop }
                      ;*invokespecial <init> {reexecute=0 rethrow=0 return_oop=0}
                      ; - java.lang.StringBuilder::<init>@2
                      ; - org.eclipse.osgi.internal.loader.BundleLoader::findClass0@192 (line 502)
  0x00000120c7d9d8e8: 9411 2107 

  0x00000120c7d9d8ec: ;   {other}
  0x00000120c7d9d8ec: 0f1f 8400 | dc1f 0013 | 488b 8424 | f800 0000 

  0x00000120c7d9d8fc: ;   {metadata(method data for {method} {0x00000120db58c878} 'findClass0' '(Ljava/lang/String;ZZ)Ljava/lang/Class;' in 'org/eclipse/osgi/internal/loader/BundleLoader')}
  0x00000120c7d9d8fc: 48ba 8070 | 7bdb 2001 | 0000 4883 | 8258 0500 

  0x00000120c7d9d90c: ;   {metadata(method data for {method} {0x0000012080461b40} 'append' '(Ljava/lang/Object;)Ljava/lang/StringBuilder;' in 'java/lang/StringBuilder')}
  0x00000120c7d9d90c: 0001 48ba | 58e4 09db | 2001 0000 | 8bb2 cc00 | 0000 83c6 | 0289 b2cc | 0000 0081 | e6fe ff1f 
  0x00000120c7d9d92c: 0085 f60f | 84e7 2900 

  0x00000120c7d9d934: ;   {metadata(method data for {method} {0x0000012080461b40} 'append' '(Ljava/lang/Object;)Ljava/lang/StringBuilder;' in 'java/lang/StringBuilder')}
  0x00000120c7d9d934: 0048 ba58 | e409 db20 | 0100 0048 | 8382 1001 

  0x00000120c7d9d944: ;   {metadata(method data for {method} {0x0000012080455280} 'valueOf' '(Ljava/lang/Object;)Ljava/lang/String;' in 'java/lang/String')}
  0x00000120c7d9d944: 0000 0148 | baf8 e509 | db20 0100 | 008b b2cc | 0000 0083 | c602 89b2 | cc00 0000 | 81e6 feff 
  0x00000120c7d9d964: 1f00 85f6 | 0f84 cf29 

  0x00000120c7d9d96c: ;   {metadata(method data for {method} {0x0000012080455280} 'valueOf' '(Ljava/lang/Object;)Ljava/lang/String;' in 'java/lang/String')}
  0x00000120c7d9d96c: 0000 48ba | f8e5 09db | 2001 0000 | ff82 1001 | 0000 488b | 9424 a800 

  0x00000120c7d9d984: ;   {metadata(method data for {method} {0x0000012080455280} 'valueOf' '(Ljava/lang/Object;)Ljava/lang/String;' in 'java/lang/String')}
  0x00000120c7d9d984: 0000 48be | f8e5 09db | 2001 0000 | 8b52 0849 | ba00 0000 | 8020 0100 | 0049 03d2 | 483b 9658 
  0x00000120c7d9d9a4: 0100 0075 | 0d48 8386 | 6001 0000 | 01e9 6000 | 0000 483b | 9668 0100 | 0075 0d48 | 8386 7001 
  0x00000120c7d9d9c4: 0000 01e9 | 4a00 0000 | 4883 be58 | 0100 0000 | 7517 4889 | 9658 0100 | 0048 c786 | 6001 0000 
  0x00000120c7d9d9e4: 0100 0000 | e929 0000 | 0048 83be | 6801 0000 | 0075 1748 | 8996 6801 | 0000 48c7 | 8670 0100 
  0x00000120c7d9da04: 0001 0000 | 00e9 0800 | 0000 4883 | 8648 0100 | 0001 488b | 9424 a800 

  0x00000120c7d9da1c: ;   {optimized virtual_call}
  0x00000120c7d9da1c: 0000 90e8 

  0x00000120c7d9da20: ; ImmutableOopMap {[160]=Oop [168]=Oop [208]=Oop [248]=Oop [256]=Oop [264]=Oop }
                      ;*invokevirtual toString {reexecute=0 rethrow=0 return_oop=0}
                      ; - java.lang.String::valueOf@11
                      ; - java.lang.StringBuilder::append@2
                      ; - org.eclipse.osgi.internal.loader.BundleLoader::findClass0@196 (line 502)
  0x00000120c7d9da20: 5c10 2107 

  0x00000120c7d9da24: ;   {other}
  0x00000120c7d9da24: 0f1f 8400 | 1421 0014 | 4c8b 8424 | f800 0000 

  0x00000120c7d9da34: ;   {metadata(method data for {method} {0x0000012080461b40} 'append' '(Ljava/lang/Object;)Ljava/lang/StringBuilder;' in 'java/lang/StringBuilder')}
  0x00000120c7d9da34: 48ba 58e4 | 09db 2001 | 0000 4883 | 8220 0100 

  0x00000120c7d9da44: ;   {metadata(method data for {method} {0x0000012080461ae8} 'append' '(Ljava/lang/String;)Ljava/lang/StringBuilder;' in 'java/lang/StringBuilder')}
  0x00000120c7d9da44: 0001 49b8 | b0b3 00db | 2001 0000 | 418b 90cc | 0000 0083 | c202 4189 | 90cc 0000 | 0081 e2fe 
  0x00000120c7d9da64: ff1f 0085 | d20f 84ef | 2800 004c | 8b84 24f8 

  0x00000120c7d9da74: ;   {metadata(method data for {method} {0x0000012080461ae8} 'append' '(Ljava/lang/String;)Ljava/lang/StringBuilder;' in 'java/lang/StringBuilder')}
  0x00000120c7d9da74: 0000 0048 | bab0 b300 | db20 0100 | 0048 8382 | 1001 0000 | 014c 8bc0 | 488b 9424 | f800 0000 
  0x00000120c7d9da94: ;   {optimized virtual_call}
  0x00000120c7d9da94: 6666 90e8 

  0x00000120c7d9da98: ; ImmutableOopMap {[160]=Oop [168]=Oop [208]=Oop [248]=Oop [256]=Oop [264]=Oop }
                      ;*invokespecial append {reexecute=0 rethrow=0 return_oop=0}
                      ; - java.lang.StringBuilder::append@2
                      ; - java.lang.StringBuilder::append@5
                      ; - org.eclipse.osgi.internal.loader.BundleLoader::findClass0@196 (line 502)
  0x00000120c7d9da98: e40f 2107 

  0x00000120c7d9da9c: ;   {other}
  0x00000120c7d9da9c: 0f1f 8400 | 8c21 0015 | 488b 8424 | f800 0000 

  0x00000120c7d9daac: ;   {metadata(method data for {method} {0x00000120db58c878} 'findClass0' '(Ljava/lang/String;ZZ)Ljava/lang/Class;' in 'org/eclipse/osgi/internal/loader/BundleLoader')}
  0x00000120c7d9daac: 49b8 8070 | 7bdb 2001 | 0000 4983 | 8090 0500 

  0x00000120c7d9dabc: ;   {metadata(method data for {method} {0x0000012080461ae8} 'append' '(Ljava/lang/String;)Ljava/lang/StringBuilder;' in 'java/lang/StringBuilder')}
  0x00000120c7d9dabc: 0001 49b8 | b0b3 00db | 2001 0000 | 418b 90cc | 0000 0083 | c202 4189 | 90cc 0000 | 0081 e2fe 
  0x00000120c7d9dadc: ff1f 0085 | d20f 8498 | 2800 0048 | 8b84 24f8 

  0x00000120c7d9daec: ;   {metadata(method data for {method} {0x0000012080461ae8} 'append' '(Ljava/lang/String;)Ljava/lang/StringBuilder;' in 'java/lang/StringBuilder')}
  0x00000120c7d9daec: 0000 0049 | b8b0 b300 | db20 0100 | 0049 8380 | 1001 0000 

  0x00000120c7d9db00: ;   {oop("] loading from import package: "{0x00000000cfce10c8})}
  0x00000120c7d9db00: 0149 b8c8 | 10ce cf00 | 0000 0048 | 8b94 24f8 | 0000 000f 

  0x00000120c7d9db14: ;   {optimized virtual_call}
  0x00000120c7d9db14: 1f40 00e8 

  0x00000120c7d9db18: ; ImmutableOopMap {[160]=Oop [168]=Oop [208]=Oop [248]=Oop [256]=Oop [264]=Oop }
                      ;*invokespecial append {reexecute=0 rethrow=0 return_oop=0}
                      ; - java.lang.StringBuilder::append@2
                      ; - org.eclipse.osgi.internal.loader.BundleLoader::findClass0@202 (line 502)
  0x00000120c7d9db18: 640f 2107 

  0x00000120c7d9db1c: ;   {other}
  0x00000120c7d9db1c: 0f1f 8400 | 0c22 0016 | 488b 8424 | f800 0000 

  0x00000120c7d9db2c: ;   {metadata(method data for {method} {0x00000120db58c878} 'findClass0' '(Ljava/lang/String;ZZ)Ljava/lang/Class;' in 'org/eclipse/osgi/internal/loader/BundleLoader')}
  0x00000120c7d9db2c: 48ba 8070 | 7bdb 2001 | 0000 4883 | 82c8 0500 

  0x00000120c7d9db3c: ;   {metadata(method data for {method} {0x0000012080461b40} 'append' '(Ljava/lang/Object;)Ljava/lang/StringBuilder;' in 'java/lang/StringBuilder')}
  0x00000120c7d9db3c: 0001 48ba | 58e4 09db | 2001 0000 | 8bb2 cc00 | 0000 83c6 | 0289 b2cc | 0000 0081 | e6fe ff1f 
  0x00000120c7d9db5c: 0085 f60f | 843b 2800 

  0x00000120c7d9db64: ;   {metadata(method data for {method} {0x0000012080461b40} 'append' '(Ljava/lang/Object;)Ljava/lang/StringBuilder;' in 'java/lang/StringBuilder')}
  0x00000120c7d9db64: 0048 ba58 | e409 db20 | 0100 0048 | 8382 1001 

  0x00000120c7d9db74: ;   {metadata(method data for {method} {0x0000012080455280} 'valueOf' '(Ljava/lang/Object;)Ljava/lang/String;' in 'java/lang/String')}
  0x00000120c7d9db74: 0000 0148 | baf8 e509 | db20 0100 | 008b b2cc | 0000 0083 | c602 89b2 | cc00 0000 | 81e6 feff 
  0x00000120c7d9db94: 1f00 85f6 | 0f84 2328 | 0000 488b | 9c24 0001 | 0000 4885 

  0x00000120c7d9dba8: ;   {metadata(method data for {method} {0x0000012080455280} 'valueOf' '(Ljava/lang/Object;)Ljava/lang/String;' in 'java/lang/String')}
  0x00000120c7d9dba8: db48 baf8 | e509 db20 | 0100 0048 | c7c6 1001 | 0000 7507 | 48c7 c620 | 0100 0048 | 8b3c 3248 
  0x00000120c7d9dbc8: 8d7f 0148 | 893c 320f | 851f 0000 

  0x00000120c7d9dbd4: ;   {metadata(method data for {method} {0x0000012080455280} 'valueOf' '(Ljava/lang/Object;)Ljava/lang/String;' in 'java/lang/String')}
  0x00000120c7d9dbd4: 0048 baf8 | e509 db20 | 0100 00ff | 8230 0100 

  0x00000120c7d9dbe4: ;   {oop("null"{0x00000000c00a2f58})}
  0x00000120c7d9dbe4: 0048 be58 | 2f0a c000 | 0000 00e9 | ab00 0000 

  0x00000120c7d9dbf4: ; implicit exception: dispatches to 0x00000120c7da03e2
  0x00000120c7d9dbf4: 483b 0348 

  0x00000120c7d9dbf8: ;   {metadata(method data for {method} {0x0000012080455280} 'valueOf' '(Ljava/lang/Object;)Ljava/lang/String;' in 'java/lang/String')}
  0x00000120c7d9dbf8: 8bd3 48be | f8e5 09db | 2001 0000 | 8b52 0849 | ba00 0000 | 8020 0100 | 0049 03d2 | 483b 9658 
  0x00000120c7d9dc18: 0100 0075 | 0d48 8386 | 6001 0000 | 01e9 6000 | 0000 483b | 9668 0100 | 0075 0d48 | 8386 7001 
  0x00000120c7d9dc38: 0000 01e9 | 4a00 0000 | 4883 be58 | 0100 0000 | 7517 4889 | 9658 0100 | 0048 c786 | 6001 0000 
  0x00000120c7d9dc58: 0100 0000 | e929 0000 | 0048 83be | 6801 0000 | 0075 1748 | 8996 6801 | 0000 48c7 | 8670 0100 
  0x00000120c7d9dc78: 0001 0000 | 00e9 0800 | 0000 4883 | 8648 0100 | 0001 488b 

  0x00000120c7d9dc8c: ;   {optimized virtual_call}
  0x00000120c7d9dc8c: d366 90e8 

  0x00000120c7d9dc90: ; ImmutableOopMap {[160]=Oop [168]=Oop [208]=Oop [248]=Oop [256]=Oop [264]=Oop }
                      ;*invokevirtual toString {reexecute=0 rethrow=0 return_oop=0}
                      ; - java.lang.String::valueOf@11
                      ; - java.lang.StringBuilder::append@2
                      ; - org.eclipse.osgi.internal.loader.BundleLoader::findClass0@207 (line 502)
  0x00000120c7d9dc90: ec0d 2107 

  0x00000120c7d9dc94: ;   {other}
  0x00000120c7d9dc94: 0f1f 8400 | 8423 0017 | 488b f048 | 8b84 24f8 

  0x00000120c7d9dca4: ;   {metadata(method data for {method} {0x0000012080461b40} 'append' '(Ljava/lang/Object;)Ljava/lang/StringBuilder;' in 'java/lang/StringBuilder')}
  0x00000120c7d9dca4: 0000 0049 | b858 e409 | db20 0100 | 0049 8380 | 2001 0000 

  0x00000120c7d9dcb8: ;   {metadata(method data for {method} {0x0000012080461ae8} 'append' '(Ljava/lang/String;)Ljava/lang/StringBuilder;' in 'java/lang/StringBuilder')}
  0x00000120c7d9dcb8: 0149 b8b0 | b300 db20 | 0100 0041 | 8b90 cc00 | 0000 83c2 | 0241 8990 | cc00 0000 | 81e2 feff 
  0x00000120c7d9dcd8: 1f00 85d2 | 0f84 0527 | 0000 488b | 8424 f800 

  0x00000120c7d9dce8: ;   {metadata(method data for {method} {0x0000012080461ae8} 'append' '(Ljava/lang/String;)Ljava/lang/StringBuilder;' in 'java/lang/StringBuilder')}
  0x00000120c7d9dce8: 0000 49b8 | b0b3 00db | 2001 0000 | 4983 8010 | 0100 0001 | 4c8b c648 | 8b94 24f8 

  0x00000120c7d9dd04: ;   {optimized virtual_call}
  0x00000120c7d9dd04: 0000 00e8 

  0x00000120c7d9dd08: ; ImmutableOopMap {[160]=Oop [168]=Oop [208]=Oop [248]=Oop [256]=Oop [264]=Oop }
                      ;*invokespecial append {reexecute=0 rethrow=0 return_oop=0}
                      ; - java.lang.StringBuilder::append@2
                      ; - java.lang.StringBuilder::append@5
                      ; - org.eclipse.osgi.internal.loader.BundleLoader::findClass0@207 (line 502)
  0x00000120c7d9dd08: 740d 2107 

  0x00000120c7d9dd0c: ;   {other}
  0x00000120c7d9dd0c: 0f1f 8400 | fc23 0018 | 4c8b 8424 | f800 0000 

  0x00000120c7d9dd1c: ;   {metadata(method data for {method} {0x00000120db58c878} 'findClass0' '(Ljava/lang/String;ZZ)Ljava/lang/Class;' in 'org/eclipse/osgi/internal/loader/BundleLoader')}
  0x00000120c7d9dd1c: 498b c048 | ba80 707b | db20 0100 | 0048 8382 | 0006 0000 

  0x00000120c7d9dd30: ;   {metadata(method data for {method} {0x0000012080008958} 'toString' '()Ljava/lang/String;' in 'java/lang/StringBuilder')}
  0x00000120c7d9dd30: 0148 bad8 | ba00 db20 | 0100 008b | b2cc 0000 | 0083 c602 | 89b2 cc00 | 0000 81e6 | feff 1f00 
  0x00000120c7d9dd50: 85f6 0f84 | b026 0000 

  0x00000120c7d9dd58: ;   {metadata('java/lang/String')}
  0x00000120c7d9dd58: 48ba 78e8 | 0080 2001 | 0000 498b | 87b8 0100 | 0048 8d78 | 1849 3bbf | c801 0000 | 0f87 af26 
  0x00000120c7d9dd78: 0000 4989 | bfb8 0100 | 0048 c700 | 0100 0000 | 488b ca49 | ba00 0000 | 8020 0100 | 0049 2bca 
  0x00000120c7d9dd98: 8948 0848 | 33c9 8948 | 0c48 33c9 | 4889 4810 

  0x00000120c7d9dda8: ;   {metadata(method data for {method} {0x0000012080008958} 'toString' '()Ljava/lang/String;' in 'java/lang/StringBuilder')}
  0x00000120c7d9dda8: 4c8b c848 | bad8 ba00 | db20 0100 | 0048 8382 | 1001 0000 

  0x00000120c7d9ddbc: ;   {metadata(method data for {method} {0x0000012080455dd8} '<init>' '(Ljava/lang/StringBuilder;)V' in 'java/lang/String')}
  0x00000120c7d9ddbc: 0149 b920 | bc00 db20 | 0100 0041 | 8b91 cc00 | 0000 83c2 | 0241 8991 | cc00 0000 | 81e2 feff 
  0x00000120c7d9dddc: 1f00 85d2 | 0f84 5026 | 0000 4c8b 

  0x00000120c7d9dde8: ;   {metadata(method data for {method} {0x0000012080455dd8} '<init>' '(Ljava/lang/StringBuilder;)V' in 'java/lang/String')}
  0x00000120c7d9dde8: c848 ba20 | bc00 db20 | 0100 0048 | 8382 1001 

  0x00000120c7d9ddf8: ;   {oop(nullptr)}
  0x00000120c7d9ddf8: 0000 0149 | b900 0000 | 0000 0000 | 0048 8bd0 | 4889 8424 | 1001 0000 | 0f1f 8000 

  0x00000120c7d9de14: ;   {optimized virtual_call}
  0x00000120c7d9de14: 0000 00e8 

  0x00000120c7d9de18: ; ImmutableOopMap {[160]=Oop [168]=Oop [208]=Oop [256]=Oop [264]=Oop [272]=Oop }
                      ;*invokespecial <init> {reexecute=0 rethrow=0 return_oop=0}
                      ; - java.lang.String::<init>@3
                      ; - java.lang.StringBuilder::toString@5
                      ; - org.eclipse.osgi.internal.loader.BundleLoader::findClass0@210 (line 502)
  0x00000120c7d9de18: 640c 2107 

  0x00000120c7d9de1c: ;   {other}
  0x00000120c7d9de1c: 0f1f 8400 | 0c25 0019 | 4c8b 9c24 | 0801 0000 

  0x00000120c7d9de2c: ; implicit exception: dispatches to 0x00000120c7da0457
  0x00000120c7d9de2c: 493b 034d 

  0x00000120c7d9de30: ;   {metadata(method data for {method} {0x00000120db58c878} 'findClass0' '(Ljava/lang/String;ZZ)Ljava/lang/Class;' in 'org/eclipse/osgi/internal/loader/BundleLoader')}
  0x00000120c7d9de30: 8bc3 49b9 | 8070 7bdb | 2001 0000 

  0x00000120c7d9de3c: ;   {metadata('org/eclipse/osgi/internal/debug/Debug')}
  0x00000120c7d9de3c: 49ba 8009 | 0981 2001 | 0000 4d89 | 9148 0600 | 0049 8381 | 5006 0000 

  0x00000120c7d9de54: ;   {metadata(method data for {method} {0x00000120db4e5400} 'trace' '(Ljava/lang/String;Ljava/lang/String;)V' in 'org/eclipse/osgi/internal/debug/Debug')}
  0x00000120c7d9de54: 0149 b8a0 | 5178 db20 | 0100 0045 | 8b88 cc00 | 0000 4183 | c102 4589 | 88cc 0000 | 0041 81e1 
  0x00000120c7d9de74: feff 1f00 | 4585 c90f | 84db 2500 | 0041 8b53 | 2448 85d2 

  0x00000120c7d9de88: ;   {metadata(method data for {method} {0x00000120db4e5400} 'trace' '(Ljava/lang/String;Ljava/lang/String;)V' in 'org/eclipse/osgi/internal/debug/Debug')}
  0x00000120c7d9de88: 49b8 a051 | 78db 2001 | 0000 49c7 | c110 0100 | 0074 0749 | c7c1 2001 | 0000 4b8b | 3408 488d 
  0x00000120c7d9dea8: 7601 4b89 | 3408 0f84 | fe02 0000 | 4885 d20f | 8429 0000 

  0x00000120c7d9debc: ;   {metadata('org/eclipse/osgi/internal/log/ExtendedLogServiceImpl')}
  0x00000120c7d9debc: 0048 bf40 | 5609 8120 | 0100 008b | 7208 49ba | 0000 0080 | 2001 0000 | 4903 f248 | 3b7e 380f 
  0x00000120c7d9dedc: 859c 2500 | 00e9 0000 | 0000 4c8b | c248 3b02 

  0x00000120c7d9deec: ;   {metadata(method data for {method} {0x00000120db4e5400} 'trace' '(Ljava/lang/String;Ljava/lang/String;)V' in 'org/eclipse/osgi/internal/debug/Debug')}
  0x00000120c7d9deec: 4c8b c249 | b9a0 5178 | db20 0100 

  0x00000120c7d9def8: ;   {metadata('org/eclipse/osgi/internal/log/ExtendedLogServiceImpl')}
  0x00000120c7d9def8: 0049 ba40 | 5609 8120 | 0100 004d | 8991 4001 | 0000 4983 | 8148 0100 

  0x00000120c7d9df10: ;   {metadata(method data for {method} {0x00000120db50ca90} 'getLogger' '(Ljava/lang/String;)Lorg/osgi/service/log/Logger;' in 'org/eclipse/osgi/internal/log/ExtendedLogServiceImpl')}
  0x00000120c7d9df10: 0001 49b8 | f054 78db | 2001 0000 | 458b 88cc | 0000 0041 | 83c1 0245 | 8988 cc00 | 0000 4181 
  0x00000120c7d9df30: e1fe ff1f | 0045 85c9 | 0f84 4925 | 0000 4c8b 

  0x00000120c7d9df40: ;   {metadata(method data for {method} {0x00000120db50ca90} 'getLogger' '(Ljava/lang/String;)Lorg/osgi/service/log/Logger;' in 'org/eclipse/osgi/internal/log/ExtendedLogServiceImpl')}
  0x00000120c7d9df40: c249 b9f0 | 5478 db20 

  0x00000120c7d9df48: ;   {metadata('org/eclipse/osgi/internal/log/ExtendedLogServiceImpl')}
  0x00000120c7d9df48: 0100 0049 | ba40 5609 | 8120 0100 | 004d 8991 | 2001 0000 | 4983 8128 | 0100 0001 

  0x00000120c7d9df64: ;   {metadata(method data for {method} {0x00000120db50a318} 'getLogger' '(Ljava/lang/String;)Lorg/eclipse/equinox/log/Logger;' in 'org/eclipse/osgi/internal/log/ExtendedLogServiceImpl')}
  0x00000120c7d9df64: 49b8 6857 | 78db 2001 | 0000 458b | 88cc 0000 | 0041 83c1 | 0245 8988 | cc00 0000 | 4181 e1fe 
  0x00000120c7d9df84: ff1f 0045 | 85c9 0f84 | 1825 0000 

  0x00000120c7d9df90: ;   {metadata(method data for {method} {0x00000120db50a318} 'getLogger' '(Ljava/lang/String;)Lorg/eclipse/equinox/log/Logger;' in 'org/eclipse/osgi/internal/log/ExtendedLogServiceImpl')}
  0x00000120c7d9df90: 4c8b c249 | b968 5778 | db20 0100 

  0x00000120c7d9df9c: ;   {metadata('org/eclipse/osgi/internal/log/ExtendedLogServiceImpl')}
  0x00000120c7d9df9c: 0049 ba40 | 5609 8120 | 0100 004d | 8991 2001 | 0000 4983 | 8128 0100 | 0001 4c8b | 8424 d000 
  0x00000120c7d9dfbc: ;   {oop(a 'java/lang/Class'{0x00000000cdd65978} = 'org/osgi/service/log/Logger')}
  0x00000120c7d9dfbc: 0000 49b9 | 7859 d6cd | 0000 0000 | 0f1f 8000 

  0x00000120c7d9dfcc: ;   {optimized virtual_call}
  0x00000120c7d9dfcc: 0000 00e8 

  0x00000120c7d9dfd0: ; ImmutableOopMap {[160]=Oop [168]=Oop [208]=Oop [256]=Oop [272]=Oop }
                      ;*invokevirtual getLogger {reexecute=0 rethrow=0 return_oop=0}
                      ; - org.eclipse.osgi.internal.log.ExtendedLogServiceImpl::getLogger@4 (line 73)
                      ; - org.eclipse.osgi.internal.log.ExtendedLogServiceImpl::getLogger@2 (line 1)
                      ; - org.eclipse.osgi.internal.debug.Debug::trace@11 (line 265)
                      ; - org.eclipse.osgi.internal.loader.BundleLoader::findClass0@213 (line 502)
  0x00000120c7d9dfd0: ac0a 2107 

  0x00000120c7d9dfd4: ;   {other}
  0x00000120c7d9dfd4: 0f1f 8400 | c426 001a | 4885 c075 

  0x00000120c7d9dfe0: ;   {metadata(method data for {method} {0x00000120db50a318} 'getLogger' '(Ljava/lang/String;)Lorg/eclipse/equinox/log/Logger;' in 'org/eclipse/osgi/internal/log/ExtendedLogServiceImpl')}
  0x00000120c7d9dfe0: 1648 be68 | 5778 db20 | 0100 0080 | 8e41 0100 | 0001 e9e7 

  0x00000120c7d9dff4: ;   {metadata('org/eclipse/equinox/log/Logger')}
  0x00000120c7d9dff4: 0000 0048 | bff8 2909 | 8120 0100 | 008b 7008 | 49ba 0000 | 0080 2001 | 0000 4903 | f248 3b7e 
  0x00000120c7d9e014: 200f 841a | 0000 0048 | 3bf7 0f84 | 1100 0000 

  0x00000120c7d9e024: ;   {runtime_call slow_subtype_check Runtime1 stub}
  0x00000120c7d9e024: 5657 e8d5 | ee2c 075e | 5e85 f60f | 848d 0000 

  0x00000120c7d9e034: ;   {metadata(method data for {method} {0x00000120db50a318} 'getLogger' '(Ljava/lang/String;)Lorg/eclipse/equinox/log/Logger;' in 'org/eclipse/osgi/internal/log/ExtendedLogServiceImpl')}
  0x00000120c7d9e034: 0048 be68 | 5778 db20 | 0100 008b | 7808 49ba | 0000 0080 | 2001 0000 | 4903 fa48 | 3bbe 5801 
  0x00000120c7d9e054: 0000 750d | 4883 8660 | 0100 0001 | e979 0000 | 0048 3bbe | 6801 0000 | 750d 4883 | 8670 0100 
  0x00000120c7d9e074: 0001 e963 | 0000 0048 | 83be 5801 | 0000 0075 | 1748 89be | 5801 0000 | 48c7 8660 | 0100 0001 
  0x00000120c7d9e094: 0000 00e9 | 4200 0000 | 4883 be68 | 0100 0000 | 7517 4889 | be68 0100 | 0048 c786 | 7001 0000 
  0x00000120c7d9e0b4: 0100 0000 | e921 0000 | 00e9 1c00 

  0x00000120c7d9e0c0: ;   {metadata(method data for {method} {0x00000120db50a318} 'getLogger' '(Ljava/lang/String;)Lorg/eclipse/equinox/log/Logger;' in 'org/eclipse/osgi/internal/log/ExtendedLogServiceImpl')}
  0x00000120c7d9e0c0: 0000 48be | 6857 78db | 2001 0000 | 4883 ae48 | 0100 0001 | e9f0 2300 | 00e9 0000 | 0000 488b 
  0x00000120c7d9e0e0: d048 3b02 

  0x00000120c7d9e0e4: ;   {metadata(method data for {method} {0x00000120db4e5400} 'trace' '(Ljava/lang/String;Ljava/lang/String;)V' in 'org/eclipse/osgi/internal/debug/Debug')}
  0x00000120c7d9e0e4: 4c8b c248 | bea0 5178 | db20 0100 | 0045 8b40 | 0849 ba00 | 0000 8020 | 0100 004d | 03c2 4c3b 
  0x00000120c7d9e104: 8678 0100 | 0075 0d48 | 8386 8001 | 0000 01e9 | 6000 0000 | 4c3b 8688 | 0100 0075 | 0d48 8386 
  0x00000120c7d9e124: 9001 0000 | 01e9 4a00 | 0000 4883 | be78 0100 | 0000 7517 | 4c89 8678 | 0100 0048 | c786 8001 
  0x00000120c7d9e144: 0000 0100 | 0000 e929 | 0000 0048 | 83be 8801 | 0000 0075 | 174c 8986 | 8801 0000 | 48c7 8690 
  0x00000120c7d9e164: 0100 0001 | 0000 00e9 | 0800 0000 | 4883 8668 | 0100 0001 | 4c8b 8424 | 1001 0000 | 0f1f 4400 
  0x00000120c7d9e184: 0048 b8ff | ffff ffff 

  0x00000120c7d9e18c: ;   {virtual_call}
  0x00000120c7d9e18c: ffff ffe8 

  0x00000120c7d9e190: ; ImmutableOopMap {[160]=Oop [168]=Oop [208]=Oop [256]=Oop }
                      ;*invokeinterface debug {reexecute=0 rethrow=0 return_oop=0}
                      ; - org.eclipse.osgi.internal.debug.Debug::trace@17 (line 265)
                      ; - org.eclipse.osgi.internal.loader.BundleLoader::findClass0@213 (line 502)
  0x00000120c7d9e190: ec0b 2107 

  0x00000120c7d9e194: ;   {other}
  0x00000120c7d9e194: 0f1f 8400 | 8428 001b 

  0x00000120c7d9e19c: ;   {metadata(method data for {method} {0x00000120db4e5400} 'trace' '(Ljava/lang/String;Ljava/lang/String;)V' in 'org/eclipse/osgi/internal/debug/Debug')}
  0x00000120c7d9e19c: 49b8 a051 | 78db 2001 | 0000 41ff | 80a0 0100 | 00e9 5200 | 0000 488b | 8424 1001 

  0x00000120c7d9e1b8: ;   {oop(a 'java/lang/Class'{0x00000000cdda98a0} = 'org/eclipse/osgi/internal/debug/Debug')}
  0x00000120c7d9e1b8: 0000 49b8 | a098 dacd | 0000 0000 | 418b 90d0 | 0000 0048 | 3b02 4c8b 

  0x00000120c7d9e1d0: ;   {metadata(method data for {method} {0x00000120db4e5400} 'trace' '(Ljava/lang/String;Ljava/lang/String;)V' in 'org/eclipse/osgi/internal/debug/Debug')}
  0x00000120c7d9e1d0: c248 bea0 | 5178 db20 

  0x00000120c7d9e1d8: ;   {metadata('java/io/PrintStream')}
  0x00000120c7d9e1d8: 0100 0049 | bac8 a300 | 8020 0100 | 004c 8996 | c801 0000 | 4883 86d0 | 0100 0001 

  0x00000120c7d9e1f4: ;   {optimized virtual_call}
  0x00000120c7d9e1f4: 4c8b c0e8 

  0x00000120c7d9e1f8: ; ImmutableOopMap {[160]=Oop [168]=Oop [208]=Oop [256]=Oop }
                      ;*invokevirtual println {reexecute=0 rethrow=0 return_oop=0}
                      ; - org.eclipse.osgi.internal.debug.Debug::trace@29 (line 267)
                      ; - org.eclipse.osgi.internal.loader.BundleLoader::findClass0@213 (line 502)
  0x00000120c7d9e1f8: 8408 2107 

  0x00000120c7d9e1fc: ;   {other}
  0x00000120c7d9e1fc: 0f1f 8400 | ec28 001c | 488b 9c24 | 0001 0000 

  0x00000120c7d9e20c: ; implicit exception: dispatches to 0x00000120c7da04dc
  0x00000120c7d9e20c: 483b 034c 

  0x00000120c7d9e210: ;   {metadata(method data for {method} {0x00000120db58c878} 'findClass0' '(Ljava/lang/String;ZZ)Ljava/lang/Class;' in 'org/eclipse/osgi/internal/loader/BundleLoader')}
  0x00000120c7d9e210: 8bc3 48ba | 8070 7bdb | 2001 0000 | 458b 4008 | 49ba 0000 | 0080 2001 | 0000 4d03 | c24c 3b82 
  0x00000120c7d9e230: 8006 0000 | 750d 4883 | 8288 0600 | 0001 e960 | 0000 004c | 3b82 9006 | 0000 750d | 4883 8298 
  0x00000120c7d9e250: 0600 0001 | e94a 0000 | 0048 83ba | 8006 0000 | 0075 174c | 8982 8006 | 0000 48c7 | 8288 0600 
  0x00000120c7d9e270: 0001 0000 | 00e9 2900 | 0000 4883 | ba90 0600 | 0000 7517 | 4c89 8290 | 0600 0048 | c782 9806 
  0x00000120c7d9e290: 0000 0100 | 0000 e908 | 0000 0048 | 8382 7006 | 0000 014c | 8b84 24a0 | 0000 0048 | 8bd3 0f1f 
  0x00000120c7d9e2b0: 8000 0000 | 0048 b8e0 | f187 df20 

  0x00000120c7d9e2bc: ;   {virtual_call}
  0x00000120c7d9e2bc: 0100 00e8 

  0x00000120c7d9e2c0: ; ImmutableOopMap {[160]=Oop [168]=Oop [208]=Oop }
                      ;*invokevirtual loadClass {reexecute=0 rethrow=0 return_oop=0}
                      ; - org.eclipse.osgi.internal.loader.BundleLoader::findClass0@219 (line 505)
  0x00000120c7d9e2c0: f15c 2107 

  0x00000120c7d9e2c4: ;   {other}
  0x00000120c7d9e2c4: 0f1f 8400 | b429 001d 

  0x00000120c7d9e2cc: ;   {metadata(method data for {method} {0x00000120db58c878} 'findClass0' '(Ljava/lang/String;ZZ)Ljava/lang/Class;' in 'org/eclipse/osgi/internal/loader/BundleLoader')}
  0x00000120c7d9e2cc: 4885 c048 | ba80 707b | db20 0100 | 0048 c7c6 | a806 0000 | 7507 48c7 | c6b8 0600 | 0048 8b3c 
  0x00000120c7d9e2ec: 3248 8d7f | 0148 893c | 320f 85c9 | 0300 0048 | 8b94 24a8 

  0x00000120c7d9e300: ;   {metadata(method data for {method} {0x00000120db58c878} 'findClass0' '(Ljava/lang/String;ZZ)Ljava/lang/Class;' in 'org/eclipse/osgi/internal/loader/BundleLoader')}
  0x00000120c7d9e300: 0000 0048 | be80 707b | db20 0100 | 008b 5208 | 49ba 0000 | 0080 2001 | 0000 4903 | d248 3b96 
  0x00000120c7d9e320: d806 0000 | 750d 4883 | 86e0 0600 | 0001 e960 | 0000 0048 | 3b96 e806 | 0000 750d | 4883 86f0 
  0x00000120c7d9e340: 0600 0001 | e94a 0000 | 0048 83be | d806 0000 | 0075 1748 | 8996 d806 | 0000 48c7 | 86e0 0600 
  0x00000120c7d9e360: 0001 0000 | 00e9 2900 | 0000 4883 | bee8 0600 | 0000 7517 | 4889 96e8 | 0600 0048 | c786 f006 
  0x00000120c7d9e380: 0000 0100 | 0000 e908 | 0000 0048 | 8386 c806 | 0000 0148 | 8b94 24a8 | 0000 0066 | 9048 b8ff 
  0x00000120c7d9e3a0: ffff ffff 

  0x00000120c7d9e3a4: ;   {virtual_call}
  0x00000120c7d9e3a4: ffff ffe8 

  0x00000120c7d9e3a8: ; ImmutableOopMap {[160]=Oop [168]=Oop [208]=Oop }
                      ;*invokevirtual getModuleClassLoader {reexecute=0 rethrow=0 return_oop=0}
                      ; - org.eclipse.osgi.internal.loader.BundleLoader::findClass0@230 (line 509)
  0x00000120c7d9e3a8: d409 2107 

  0x00000120c7d9e3ac: ;   {other}
  0x00000120c7d9e3ac: 0f1f 8400 | 9c2a 001e 

  0x00000120c7d9e3b4: ; implicit exception: dispatches to 0x00000120c7da04e1
  0x00000120c7d9e3b4: 483b 004c 

  0x00000120c7d9e3b8: ;   {metadata(method data for {method} {0x00000120db58c878} 'findClass0' '(Ljava/lang/String;ZZ)Ljava/lang/Class;' in 'org/eclipse/osgi/internal/loader/BundleLoader')}
  0x00000120c7d9e3b8: 8bc0 48ba | 8070 7bdb | 2001 0000 | 458b 4008 | 49ba 0000 | 0080 2001 | 0000 4d03 | c24c 3b82 
  0x00000120c7d9e3d8: 1007 0000 | 750d 4883 | 8218 0700 | 0001 e960 | 0000 004c | 3b82 2007 | 0000 750d | 4883 8228 
  0x00000120c7d9e3f8: 0700 0001 | e94a 0000 | 0048 83ba | 1007 0000 | 0075 174c | 8982 1007 | 0000 48c7 | 8218 0700 
  0x00000120c7d9e418: 0001 0000 | 00e9 2900 | 0000 4883 | ba20 0700 | 0000 7517 | 4c89 8220 | 0700 0048 | c782 2807 
  0x00000120c7d9e438: 0000 0100 | 0000 e908 | 0000 0048 | 8382 0007 

  0x00000120c7d9e448: ;   {metadata(method data for {method} {0x00000120db5dff98} 'publicFindLoaded' '(Ljava/lang/String;)Ljava/lang/Class;' in 'org/eclipse/osgi/internal/loader/ModuleClassLoader')}
  0x00000120c7d9e448: 0000 0149 | b830 9a98 | db20 0100 | 0041 8b90 | cc00 0000 | 83c2 0241 | 8990 cc00 | 0000 81e2 
  0x00000120c7d9e468: feff 1f00 | 85d2 0f84 | 7220 0000 

  0x00000120c7d9e474: ;   {metadata(method data for {method} {0x00000120db5dff98} 'publicFindLoaded' '(Ljava/lang/String;)Ljava/lang/Class;' in 'org/eclipse/osgi/internal/loader/ModuleClassLoader')}
  0x00000120c7d9e474: 4c8b c048 | ba30 9a98 | db20 0100 | 0045 8b40 | 0849 ba00 | 0000 8020 | 0100 004d | 03c2 4c3b 
  0x00000120c7d9e494: 8220 0100 | 0075 0d48 | 8382 2801 | 0000 01e9 | 6000 0000 | 4c3b 8230 | 0100 0075 | 0d48 8382 
  0x00000120c7d9e4b4: 3801 0000 | 01e9 4a00 | 0000 4883 | ba20 0100 | 0000 7517 | 4c89 8220 | 0100 0048 | c782 2801 
  0x00000120c7d9e4d4: 0000 0100 | 0000 e929 | 0000 0048 | 83ba 3001 | 0000 0075 | 174c 8982 | 3001 0000 | 48c7 8238 
  0x00000120c7d9e4f4: 0100 0001 | 0000 00e9 | 0800 0000 | 4883 8210 | 0100 0001 

  0x00000120c7d9e508: ;   {metadata(method data for {method} {0x00000120db624b48} 'getClassLoadingLock' '(Ljava/lang/String;)Ljava/lang/Object;' in 'org/eclipse/osgi/internal/loader/ModuleClassLoader')}
  0x00000120c7d9e508: 49b8 f89b | 98db 2001 | 0000 418b | 90cc 0000 | 0083 c202 | 4189 90cc | 0000 0081 | e2fe ff1f 
  0x00000120c7d9e528: 0085 d20f | 84d6 1f00 | 008b 5050 

  0x00000120c7d9e534: ; implicit exception: dispatches to 0x00000120c7da0528
  0x00000120c7d9e534: 483b 024c 

  0x00000120c7d9e538: ;   {metadata(method data for {method} {0x00000120db624b48} 'getClassLoadingLock' '(Ljava/lang/String;)Ljava/lang/Object;' in 'org/eclipse/osgi/internal/loader/ModuleClassLoader')}
  0x00000120c7d9e538: 8bc2 48be | f89b 98db | 2001 0000 | 4883 8610 | 0100 0001 | 4c8b 8424 | a000 0000 | 4889 8424 
  0x00000120c7d9e558: 1801 0000 

  0x00000120c7d9e55c: ;   {optimized virtual_call}
  0x00000120c7d9e55c: 6666 90e8 

  0x00000120c7d9e560: ; ImmutableOopMap {[160]=Oop [168]=Oop [208]=Oop [280]=Oop }
                      ;*invokevirtual getLock {reexecute=0 rethrow=0 return_oop=0}
                      ; - org.eclipse.osgi.internal.loader.ModuleClassLoader::getClassLoadingLock@5 (line 437)
                      ; - org.eclipse.osgi.internal.loader.ModuleClassLoader::publicFindLoaded@2 (line 323)
                      ; - org.eclipse.osgi.internal.loader.BundleLoader::findClass0@234 (line 509)
  0x00000120c7d9e560: 1c05 2107 

  0x00000120c7d9e564: ;   {other}
  0x00000120c7d9e564: 0f1f 8400 | 542c 001f | 4889 8424 | 2001 0000 | 488d 9424 | 5001 0000 | 488b f048 | 8972 0848 
  0x00000120c7d9e584: 8b06 4883 | c801 4889 | 02f0 480f | b116 0f84 | 1200 0000 | 482b c448 | 2507 f0ff | ff48 8902 
  0x00000120c7d9e5a4: 0f85 881f | 0000 49ff | 8750 0500 | 0048 8b94 | 2418 0100 

  0x00000120c7d9e5b8: ;   {metadata(method data for {method} {0x00000120db5dff98} 'publicFindLoaded' '(Ljava/lang/String;)Ljava/lang/Class;' in 'org/eclipse/osgi/internal/loader/ModuleClassLoader')}
  0x00000120c7d9e5b8: 0048 be30 | 9a98 db20 | 0100 0048 | 8386 4801 

  0x00000120c7d9e5c8: ;   {metadata(method data for {method} {0x00000120804353e0} 'findLoadedClass' '(Ljava/lang/String;)Ljava/lang/Class;' in 'java/lang/ClassLoader')}
  0x00000120c7d9e5c8: 0000 0148 | ba20 df23 | db20 0100 | 008b b2cc | 0000 0083 | c602 89b2 | cc00 0000 | 81e6 feff 
  0x00000120c7d9e5e8: 1f00 85f6 | 0f84 531f 

  0x00000120c7d9e5f0: ;   {metadata(method data for {method} {0x00000120804353e0} 'findLoadedClass' '(Ljava/lang/String;)Ljava/lang/Class;' in 'java/lang/ClassLoader')}
  0x00000120c7d9e5f0: 0000 48ba | 20df 23db | 2001 0000 | 4883 8210 | 0100 0001 | 488b 9424 | a000 0000 

  0x00000120c7d9e60c: ;   {static_call}
  0x00000120c7d9e60c: 6666 90e8 

  0x00000120c7d9e610: ; ImmutableOopMap {[160]=Oop [168]=Oop [208]=Oop [280]=Oop [288]=Oop [344]=Oop }
                      ;*invokestatic checkName {reexecute=0 rethrow=0 return_oop=0}
                      ; - java.lang.ClassLoader::findLoadedClass@1
                      ; - org.eclipse.osgi.internal.loader.ModuleClassLoader::publicFindLoaded@10 (line 324)
                      ; - org.eclipse.osgi.internal.loader.BundleLoader::findClass0@234 (line 509)
  0x00000120c7d9e610: 6c0a 2107 

  0x00000120c7d9e614: ;   {other}
  0x00000120c7d9e614: 0f1f 8400 | 042d 0020 

  0x00000120c7d9e61c: ;   {metadata(method data for {method} {0x00000120804353e0} 'findLoadedClass' '(Ljava/lang/String;)Ljava/lang/Class;' in 'java/lang/ClassLoader')}
  0x00000120c7d9e61c: 85c0 49b8 | 20df 23db | 2001 0000 | 48c7 c220 | 0100 0075 | 0748 c7c2 | 3001 0000 | 498b 3410 
  0x00000120c7d9e63c: 488d 7601 | 4989 3410 | 0f85 0f00 

  0x00000120c7d9e648: ;   {oop(nullptr)}
  0x00000120c7d9e648: 0000 48be | 0000 0000 | 0000 0000 | e93e 0000 | 0048 8b84 | 2418 0100 | 004c 8bc0 

  0x00000120c7d9e664: ;   {metadata(method data for {method} {0x00000120804353e0} 'findLoadedClass' '(Ljava/lang/String;)Ljava/lang/Class;' in 'java/lang/ClassLoader')}
  0x00000120c7d9e664: 48ba 20df | 23db 2001 | 0000 4883 | 8240 0100 | 0001 4c8b | 8424 a000 | 0000 488b | d066 0f1f 
  0x00000120c7d9e684: ;   {optimized virtual_call}
  0x00000120c7d9e684: 4400 00e8 

  0x00000120c7d9e688: ; ImmutableOopMap {[160]=Oop [168]=Oop [208]=Oop [288]=Oop [344]=Oop }
                      ;*invokevirtual findLoadedClass0 {reexecute=0 rethrow=0 return_oop=0}
                      ; - java.lang.ClassLoader::findLoadedClass@11
                      ; - org.eclipse.osgi.internal.loader.ModuleClassLoader::publicFindLoaded@10 (line 324)
                      ; - org.eclipse.osgi.internal.loader.BundleLoader::findClass0@234 (line 509)
  0x00000120c7d9e688: f403 2107 

  0x00000120c7d9e68c: ;   {other}
  0x00000120c7d9e68c: 0f1f 8400 | 7c2d 0021 | 488b f048 | 8d84 2450 | 0100 004c | 8b00 4d85 | c00f 840f | 0000 004c 
  0x00000120c7d9e6ac: 8b48 08f0 | 4d0f b101 | 0f85 ac1e | 0000 49ff | 8f50 0500 | 0048 8bc6 

  0x00000120c7d9e6c4: ;   {metadata(method data for {method} {0x00000120db58c878} 'findClass0' '(Ljava/lang/String;ZZ)Ljava/lang/Class;' in 'org/eclipse/osgi/internal/loader/BundleLoader')}
  0x00000120c7d9e6c4: 4885 c049 | b880 707b | db20 0100 | 0049 c7c1 | 3807 0000 | 7407 49c7 | c148 0700 | 004b 8b14 
  0x00000120c7d9e6e4: 0848 8d52 | 014b 8914 | 080f 8416 | 1500 0048 | 81c4 7001 

  0x00000120c7d9e6f8: ;   {poll_return}
  0x00000120c7d9e6f8: 0000 5d49 | 3ba7 5004 | 0000 0f87 | 741e 0000 | c348 8b94 | 24a8 0000 

  0x00000120c7d9e710: ;   {metadata(method data for {method} {0x00000120db58c878} 'findClass0' '(Ljava/lang/String;ZZ)Ljava/lang/Class;' in 'org/eclipse/osgi/internal/loader/BundleLoader')}
  0x00000120c7d9e710: 0049 b880 | 707b db20 | 0100 0049 | 8380 6807 | 0000 014c | 8b84 24b8 

  0x00000120c7d9e728: ;   {oop(nullptr)}
  0x00000120c7d9e728: 0000 0049 | b900 0000 | 0000 0000 | 0048 8b94 | 24a8 0000 

  0x00000120c7d9e73c: ;   {optimized virtual_call}
  0x00000120c7d9e73c: 0066 90e8 

  0x00000120c7d9e740: ; ImmutableOopMap {[160]=Oop [168]=Oop [184]=Oop [208]=Oop [232]=Oop }
                      ;*invokespecial findRequiredSource {reexecute=0 rethrow=0 return_oop=0}
                      ; - org.eclipse.osgi.internal.loader.BundleLoader::findClass0@260 (line 516)
  0x00000120c7d9e740: e724 0000 

  0x00000120c7d9e744: ;   {other}
  0x00000120c7d9e744: 0f1f 8400 | 342e 0022 | 4889 8424 | 3001 0000 

  0x00000120c7d9e754: ;   {metadata(method data for {method} {0x00000120db58c878} 'findClass0' '(Ljava/lang/String;ZZ)Ljava/lang/Class;' in 'org/eclipse/osgi/internal/loader/BundleLoader')}
  0x00000120c7d9e754: 4885 c048 | ba80 707b | db20 0100 | 0048 c7c6 | 8807 0000 | 7507 48c7 | c678 0700 | 0048 8b3c 
  0x00000120c7d9e774: 3248 8d7f | 0148 893c | 320f 850d | 0000 0048 | 8bb4 24e8 | 0000 00e9 | ef0a 0000 | 488b 9c24 
  0x00000120c7d9e794: d000 0000 

  0x00000120c7d9e798: ;   {metadata(method data for {method} {0x00000120db58c878} 'findClass0' '(Ljava/lang/String;ZZ)Ljava/lang/Class;' in 'org/eclipse/osgi/internal/loader/BundleLoader')}
  0x00000120c7d9e798: 4885 db48 | ba80 707b | db20 0100 | 0048 c7c6 | 9807 0000 | 7407 48c7 | c6a8 0700 | 0048 8b3c 
  0x00000120c7d9e7b8: 3248 8d7f | 0148 893c | 3248 899c | 24d0 0000 | 000f 84ed | 0900 0048 | 8b94 24a8 | 0000 0044 
  0x00000120c7d9e7d8: 8b4a 184c | 898c 2438 | 0100 000f | 1f44 0000 

  0x00000120c7d9e7e8: ;   {no_reloc}
  0x00000120c7d9e7e8: e9b4 1d00 | 0000 0000 | 0000 498b | 87b8 0100 | 0048 8d78 | 1849 3bbf | c801 0000 | 0f87 a11d 
  0x00000120c7d9e808: 0000 4989 | bfb8 0100 | 0048 c700 | 0100 0000 | 488b ca49 | ba00 0000 | 8020 0100 | 0049 2bca 
  0x00000120c7d9e828: 8948 0848 | 33c9 8948 | 0c48 33c9 | 4889 4810 

  0x00000120c7d9e838: ;   {metadata(method data for {method} {0x00000120db58c878} 'findClass0' '(Ljava/lang/String;ZZ)Ljava/lang/Class;' in 'org/eclipse/osgi/internal/loader/BundleLoader')}
  0x00000120c7d9e838: 4c8b c048 | ba80 707b | db20 0100 | 0048 8382 | b807 0000 

  0x00000120c7d9e84c: ;   {metadata(method data for {method} {0x0000012080461da8} '<init>' '(Ljava/lang/String;)V' in 'java/lang/StringBuilder')}
  0x00000120c7d9e84c: 0149 b850 | 5e30 db20 | 0100 0041 | 8b90 cc00 | 0000 83c2 | 0241 8990 | cc00 0000 | 81e2 feff 
  0x00000120c7d9e86c: 1f00 85d2 | 0f84 421d | 0000 4c8b 

  0x00000120c7d9e878: ;   {metadata(method data for {method} {0x0000012080461da8} '<init>' '(Ljava/lang/String;)V' in 'java/lang/StringBuilder')}
  0x00000120c7d9e878: c048 ba50 | 5e30 db20 | 0100 0048 | 8382 1001 

  0x00000120c7d9e888: ;   {oop("BundleLoader["{0x00000000cdd6f960})}
  0x00000120c7d9e888: 0000 0149 | b860 f9d6 | cd00 0000 | 0048 8bd0 | 4889 8424 | 2801 0000 | 0f1f 8000 

  0x00000120c7d9e8a4: ;   {optimized virtual_call}
  0x00000120c7d9e8a4: 0000 00e8 

  0x00000120c7d9e8a8: ; ImmutableOopMap {[160]=Oop [168]=Oop [184]=Oop [208]=Oop [296]=Oop [304]=Oop [312]=Oop }
                      ;*invokespecial <init> {reexecute=0 rethrow=0 return_oop=0}
                      ; - java.lang.StringBuilder::<init>@2
                      ; - org.eclipse.osgi.internal.loader.BundleLoader::findClass0@288 (line 520)
  0x00000120c7d9e8a8: d401 2107 

  0x00000120c7d9e8ac: ;   {other}
  0x00000120c7d9e8ac: 0f1f 8400 | 9c2f 0023 | 488b 8424 | 2801 0000 

  0x00000120c7d9e8bc: ;   {metadata(method data for {method} {0x00000120db58c878} 'findClass0' '(Ljava/lang/String;ZZ)Ljava/lang/Class;' in 'org/eclipse/osgi/internal/loader/BundleLoader')}
  0x00000120c7d9e8bc: 48ba 8070 | 7bdb 2001 | 0000 4883 | 82c8 0700 

  0x00000120c7d9e8cc: ;   {metadata(method data for {method} {0x0000012080461b40} 'append' '(Ljava/lang/Object;)Ljava/lang/StringBuilder;' in 'java/lang/StringBuilder')}
  0x00000120c7d9e8cc: 0001 48ba | 58e4 09db | 2001 0000 | 8bb2 cc00 | 0000 83c6 | 0289 b2cc | 0000 0081 | e6fe ff1f 
  0x00000120c7d9e8ec: 0085 f60f | 84e4 1c00 

  0x00000120c7d9e8f4: ;   {metadata(method data for {method} {0x0000012080461b40} 'append' '(Ljava/lang/Object;)Ljava/lang/StringBuilder;' in 'java/lang/StringBuilder')}
  0x00000120c7d9e8f4: 0048 ba58 | e409 db20 | 0100 0048 | 8382 1001 

  0x00000120c7d9e904: ;   {metadata(method data for {method} {0x0000012080455280} 'valueOf' '(Ljava/lang/Object;)Ljava/lang/String;' in 'java/lang/String')}
  0x00000120c7d9e904: 0000 0148 | baf8 e509 | db20 0100 | 008b b2cc | 0000 0083 | c602 89b2 | cc00 0000 | 81e6 feff 
  0x00000120c7d9e924: 1f00 85f6 | 0f84 cc1c 

  0x00000120c7d9e92c: ;   {metadata(method data for {method} {0x0000012080455280} 'valueOf' '(Ljava/lang/Object;)Ljava/lang/String;' in 'java/lang/String')}
  0x00000120c7d9e92c: 0000 48ba | f8e5 09db | 2001 0000 | ff82 1001 | 0000 488b | 9424 a800 

  0x00000120c7d9e944: ;   {metadata(method data for {method} {0x0000012080455280} 'valueOf' '(Ljava/lang/Object;)Ljava/lang/String;' in 'java/lang/String')}
  0x00000120c7d9e944: 0000 48be | f8e5 09db | 2001 0000 | 8b52 0849 | ba00 0000 | 8020 0100 | 0049 03d2 | 483b 9658 
  0x00000120c7d9e964: 0100 0075 | 0d48 8386 | 6001 0000 | 01e9 6000 | 0000 483b | 9668 0100 | 0075 0d48 | 8386 7001 
  0x00000120c7d9e984: 0000 01e9 | 4a00 0000 | 4883 be58 | 0100 0000 | 7517 4889 | 9658 0100 | 0048 c786 | 6001 0000 
  0x00000120c7d9e9a4: 0100 0000 | e929 0000 | 0048 83be | 6801 0000 | 0075 1748 | 8996 6801 | 0000 48c7 | 8670 0100 
  0x00000120c7d9e9c4: 0001 0000 | 00e9 0800 | 0000 4883 | 8648 0100 | 0001 488b | 9424 a800 

  0x00000120c7d9e9dc: ;   {optimized virtual_call}
  0x00000120c7d9e9dc: 0000 90e8 

  0x00000120c7d9e9e0: ; ImmutableOopMap {[160]=Oop [168]=Oop [184]=Oop [208]=Oop [296]=Oop [304]=Oop [312]=Oop }
                      ;*invokevirtual toString {reexecute=0 rethrow=0 return_oop=0}
                      ; - java.lang.String::valueOf@11
                      ; - java.lang.StringBuilder::append@2
                      ; - org.eclipse.osgi.internal.loader.BundleLoader::findClass0@292 (line 520)
  0x00000120c7d9e9e0: 9c00 2107 

  0x00000120c7d9e9e4: ;   {other}
  0x00000120c7d9e9e4: 0f1f 8400 | d430 0024 | 4c8b 8424 | 2801 0000 

  0x00000120c7d9e9f4: ;   {metadata(method data for {method} {0x0000012080461b40} 'append' '(Ljava/lang/Object;)Ljava/lang/StringBuilder;' in 'java/lang/StringBuilder')}
  0x00000120c7d9e9f4: 48ba 58e4 | 09db 2001 | 0000 4883 | 8220 0100 

  0x00000120c7d9ea04: ;   {metadata(method data for {method} {0x0000012080461ae8} 'append' '(Ljava/lang/String;)Ljava/lang/StringBuilder;' in 'java/lang/StringBuilder')}
  0x00000120c7d9ea04: 0001 49b8 | b0b3 00db | 2001 0000 | 418b 90cc | 0000 0083 | c202 4189 | 90cc 0000 | 0081 e2fe 
  0x00000120c7d9ea24: ff1f 0085 | d20f 84ec | 1b00 004c | 8b84 2428 

  0x00000120c7d9ea34: ;   {metadata(method data for {method} {0x0000012080461ae8} 'append' '(Ljava/lang/String;)Ljava/lang/StringBuilder;' in 'java/lang/StringBuilder')}
  0x00000120c7d9ea34: 0100 0048 | bab0 b300 | db20 0100 | 0048 8382 | 1001 0000 | 014c 8bc0 | 488b 9424 | 2801 0000 
  0x00000120c7d9ea54: ;   {optimized virtual_call}
  0x00000120c7d9ea54: 6666 90e8 

  0x00000120c7d9ea58: ; ImmutableOopMap {[160]=Oop [168]=Oop [184]=Oop [208]=Oop [296]=Oop [304]=Oop [312]=Oop }
                      ;*invokespecial append {reexecute=0 rethrow=0 return_oop=0}
                      ; - java.lang.StringBuilder::append@2
                      ; - java.lang.StringBuilder::append@5
                      ; - org.eclipse.osgi.internal.loader.BundleLoader::findClass0@292 (line 520)
  0x00000120c7d9ea58: 2400 2107 

  0x00000120c7d9ea5c: ;   {other}
  0x00000120c7d9ea5c: 0f1f 8400 | 4c31 0025 | 4c8b 8424 | 2801 0000 

  0x00000120c7d9ea6c: ;   {metadata(method data for {method} {0x00000120db58c878} 'findClass0' '(Ljava/lang/String;ZZ)Ljava/lang/Class;' in 'org/eclipse/osgi/internal/loader/BundleLoader')}
  0x00000120c7d9ea6c: 48ba 8070 | 7bdb 2001 | 0000 4883 | 8200 0800 

  0x00000120c7d9ea7c: ;   {metadata(method data for {method} {0x0000012080461ae8} 'append' '(Ljava/lang/String;)Ljava/lang/StringBuilder;' in 'java/lang/StringBuilder')}
  0x00000120c7d9ea7c: 0001 49b8 | b0b3 00db | 2001 0000 | 418b 90cc | 0000 0083 | c202 4189 | 90cc 0000 | 0081 e2fe 
  0x00000120c7d9ea9c: ff1f 0085 | d20f 8495 | 1b00 004c | 8b84 2428 

  0x00000120c7d9eaac: ;   {metadata(method data for {method} {0x0000012080461ae8} 'append' '(Ljava/lang/String;)Ljava/lang/StringBuilder;' in 'java/lang/StringBuilder')}
  0x00000120c7d9eaac: 0100 0048 | bab0 b300 | db20 0100 | 0048 8382 | 1001 0000 

  0x00000120c7d9eac0: ;   {oop("] loading from required bundle package: "{0x00000000cfce1110})}
  0x00000120c7d9eac0: 0149 b810 | 11ce cf00 | 0000 0048 | 8b94 2428 | 0100 000f 

  0x00000120c7d9ead4: ;   {optimized virtual_call}
  0x00000120c7d9ead4: 1f40 00e8 

  0x00000120c7d9ead8: ; ImmutableOopMap {[160]=Oop [168]=Oop [184]=Oop [208]=Oop [296]=Oop [304]=Oop [312]=Oop }
                      ;*invokespecial append {reexecute=0 rethrow=0 return_oop=0}
                      ; - java.lang.StringBuilder::append@2
                      ; - org.eclipse.osgi.internal.loader.BundleLoader::findClass0@298 (line 520)
  0x00000120c7d9ead8: a4ff 2007 

  0x00000120c7d9eadc: ;   {other}
  0x00000120c7d9eadc: 0f1f 8400 | cc31 0026 | 488b 8424 | 2801 0000 

  0x00000120c7d9eaec: ;   {metadata(method data for {method} {0x00000120db58c878} 'findClass0' '(Ljava/lang/String;ZZ)Ljava/lang/Class;' in 'org/eclipse/osgi/internal/loader/BundleLoader')}
  0x00000120c7d9eaec: 48ba 8070 | 7bdb 2001 | 0000 4883 | 8238 0800 

  0x00000120c7d9eafc: ;   {metadata(method data for {method} {0x0000012080461b40} 'append' '(Ljava/lang/Object;)Ljava/lang/StringBuilder;' in 'java/lang/StringBuilder')}
  0x00000120c7d9eafc: 0001 48ba | 58e4 09db | 2001 0000 | 8bb2 cc00 | 0000 83c6 | 0289 b2cc | 0000 0081 | e6fe ff1f 
  0x00000120c7d9eb1c: 0085 f60f | 8438 1b00 

  0x00000120c7d9eb24: ;   {metadata(method data for {method} {0x0000012080461b40} 'append' '(Ljava/lang/Object;)Ljava/lang/StringBuilder;' in 'java/lang/StringBuilder')}
  0x00000120c7d9eb24: 0048 ba58 | e409 db20 | 0100 0048 | 8382 1001 

  0x00000120c7d9eb34: ;   {metadata(method data for {method} {0x0000012080455280} 'valueOf' '(Ljava/lang/Object;)Ljava/lang/String;' in 'java/lang/String')}
  0x00000120c7d9eb34: 0000 0148 | baf8 e509 | db20 0100 | 008b b2cc | 0000 0083 | c602 89b2 | cc00 0000 | 81e6 feff 
  0x00000120c7d9eb54: 1f00 85f6 | 0f84 201b | 0000 488b | 8424 3001 | 0000 4885 

  0x00000120c7d9eb68: ;   {metadata(method data for {method} {0x0000012080455280} 'valueOf' '(Ljava/lang/Object;)Ljava/lang/String;' in 'java/lang/String')}
  0x00000120c7d9eb68: c048 baf8 | e509 db20 | 0100 0048 | c7c6 1001 | 0000 7507 | 48c7 c620 | 0100 0048 | 8b3c 3248 
  0x00000120c7d9eb88: 8d7f 0148 | 893c 320f | 851f 0000 

  0x00000120c7d9eb94: ;   {metadata(method data for {method} {0x0000012080455280} 'valueOf' '(Ljava/lang/Object;)Ljava/lang/String;' in 'java/lang/String')}
  0x00000120c7d9eb94: 0048 baf8 | e509 db20 | 0100 00ff | 8230 0100 

  0x00000120c7d9eba4: ;   {oop("null"{0x00000000c00a2f58})}
  0x00000120c7d9eba4: 0048 be58 | 2f0a c000 | 0000 00e9 | ab00 0000 

  0x00000120c7d9ebb4: ; implicit exception: dispatches to 0x00000120c7da069f
  0x00000120c7d9ebb4: 483b 0048 

  0x00000120c7d9ebb8: ;   {metadata(method data for {method} {0x0000012080455280} 'valueOf' '(Ljava/lang/Object;)Ljava/lang/String;' in 'java/lang/String')}
  0x00000120c7d9ebb8: 8bd0 48be | f8e5 09db | 2001 0000 | 8b52 0849 | ba00 0000 | 8020 0100 | 0049 03d2 | 483b 9658 
  0x00000120c7d9ebd8: 0100 0075 | 0d48 8386 | 6001 0000 | 01e9 6000 | 0000 483b | 9668 0100 | 0075 0d48 | 8386 7001 
  0x00000120c7d9ebf8: 0000 01e9 | 4a00 0000 | 4883 be58 | 0100 0000 | 7517 4889 | 9658 0100 | 0048 c786 | 6001 0000 
  0x00000120c7d9ec18: 0100 0000 | e929 0000 | 0048 83be | 6801 0000 | 0075 1748 | 8996 6801 | 0000 48c7 | 8670 0100 
  0x00000120c7d9ec38: 0001 0000 | 00e9 0800 | 0000 4883 | 8648 0100 | 0001 488b 

  0x00000120c7d9ec4c: ;   {optimized virtual_call}
  0x00000120c7d9ec4c: d066 90e8 

  0x00000120c7d9ec50: ; ImmutableOopMap {[160]=Oop [168]=Oop [184]=Oop [208]=Oop [296]=Oop [304]=Oop [312]=Oop }
                      ;*invokevirtual toString {reexecute=0 rethrow=0 return_oop=0}
                      ; - java.lang.String::valueOf@11
                      ; - java.lang.StringBuilder::append@2
                      ; - org.eclipse.osgi.internal.loader.BundleLoader::findClass0@303 (line 520)
  0x00000120c7d9ec50: 2cfe 2007 

  0x00000120c7d9ec54: ;   {other}
  0x00000120c7d9ec54: 0f1f 8400 | 4433 0027 | 488b f048 | 8b84 2428 

  0x00000120c7d9ec64: ;   {metadata(method data for {method} {0x0000012080461b40} 'append' '(Ljava/lang/Object;)Ljava/lang/StringBuilder;' in 'java/lang/StringBuilder')}
  0x00000120c7d9ec64: 0100 0049 | b858 e409 | db20 0100 | 0049 8380 | 2001 0000 

  0x00000120c7d9ec78: ;   {metadata(method data for {method} {0x0000012080461ae8} 'append' '(Ljava/lang/String;)Ljava/lang/StringBuilder;' in 'java/lang/StringBuilder')}
  0x00000120c7d9ec78: 0149 b8b0 | b300 db20 | 0100 0041 | 8b90 cc00 | 0000 83c2 | 0241 8990 | cc00 0000 | 81e2 feff 
  0x00000120c7d9ec98: 1f00 85d2 | 0f84 021a | 0000 488b | 8424 2801 

  0x00000120c7d9eca8: ;   {metadata(method data for {method} {0x0000012080461ae8} 'append' '(Ljava/lang/String;)Ljava/lang/StringBuilder;' in 'java/lang/StringBuilder')}
  0x00000120c7d9eca8: 0000 49b8 | b0b3 00db | 2001 0000 | 4983 8010 | 0100 0001 | 4c8b c648 | 8b94 2428 

  0x00000120c7d9ecc4: ;   {optimized virtual_call}
  0x00000120c7d9ecc4: 0100 00e8 

  0x00000120c7d9ecc8: ; ImmutableOopMap {[160]=Oop [168]=Oop [184]=Oop [208]=Oop [296]=Oop [304]=Oop [312]=Oop }
                      ;*invokespecial append {reexecute=0 rethrow=0 return_oop=0}
                      ; - java.lang.StringBuilder::append@2
                      ; - java.lang.StringBuilder::append@5
                      ; - org.eclipse.osgi.internal.loader.BundleLoader::findClass0@303 (line 520)
  0x00000120c7d9ecc8: b4fd 2007 

  0x00000120c7d9eccc: ;   {other}
  0x00000120c7d9eccc: 0f1f 8400 | bc33 0028 | 4c8b 8424 | 2801 0000 

  0x00000120c7d9ecdc: ;   {metadata(method data for {method} {0x00000120db58c878} 'findClass0' '(Ljava/lang/String;ZZ)Ljava/lang/Class;' in 'org/eclipse/osgi/internal/loader/BundleLoader')}
  0x00000120c7d9ecdc: 498b c048 | ba80 707b | db20 0100 | 0048 8382 | 7008 0000 

  0x00000120c7d9ecf0: ;   {metadata(method data for {method} {0x0000012080008958} 'toString' '()Ljava/lang/String;' in 'java/lang/StringBuilder')}
  0x00000120c7d9ecf0: 0148 bad8 | ba00 db20 | 0100 008b | b2cc 0000 | 0083 c602 | 89b2 cc00 | 0000 81e6 | feff 1f00 
  0x00000120c7d9ed10: 85f6 0f84 | ad19 0000 

  0x00000120c7d9ed18: ;   {metadata('java/lang/String')}
  0x00000120c7d9ed18: 48ba 78e8 | 0080 2001 | 0000 498b | 87b8 0100 | 0048 8d78 | 1849 3bbf | c801 0000 | 0f87 ac19 
  0x00000120c7d9ed38: 0000 4989 | bfb8 0100 | 0048 c700 | 0100 0000 | 488b ca49 | ba00 0000 | 8020 0100 | 0049 2bca 
  0x00000120c7d9ed58: 8948 0848 | 33c9 8948 | 0c48 33c9 | 4889 4810 

  0x00000120c7d9ed68: ;   {metadata(method data for {method} {0x0000012080008958} 'toString' '()Ljava/lang/String;' in 'java/lang/StringBuilder')}
  0x00000120c7d9ed68: 488b d048 | bed8 ba00 | db20 0100 | 0048 8386 | 1001 0000 

  0x00000120c7d9ed7c: ;   {metadata(method data for {method} {0x0000012080455dd8} '<init>' '(Ljava/lang/StringBuilder;)V' in 'java/lang/String')}
  0x00000120c7d9ed7c: 0148 ba20 | bc00 db20 | 0100 008b | b2cc 0000 | 0083 c602 | 89b2 cc00 | 0000 81e6 | feff 1f00 
  0x00000120c7d9ed9c: 85f6 0f84 | 4f19 0000 

  0x00000120c7d9eda4: ;   {metadata(method data for {method} {0x0000012080455dd8} '<init>' '(Ljava/lang/StringBuilder;)V' in 'java/lang/String')}
  0x00000120c7d9eda4: 488b d048 | be20 bc00 | db20 0100 | 0048 8386 | 1001 0000 

  0x00000120c7d9edb8: ;   {oop(nullptr)}
  0x00000120c7d9edb8: 0149 b900 | 0000 0000 | 0000 0048 | 8bd0 4889 | 8424 4001 

  0x00000120c7d9edcc: ;   {optimized virtual_call}
  0x00000120c7d9edcc: 0000 90e8 

  0x00000120c7d9edd0: ; ImmutableOopMap {[160]=Oop [168]=Oop [184]=Oop [208]=Oop [304]=Oop [312]=Oop [320]=Oop }
                      ;*invokespecial <init> {reexecute=0 rethrow=0 return_oop=0}
                      ; - java.lang.String::<init>@3
                      ; - java.lang.StringBuilder::toString@5
                      ; - org.eclipse.osgi.internal.loader.BundleLoader::findClass0@306 (line 520)
  0x00000120c7d9edd0: acfc 2007 

  0x00000120c7d9edd4: ;   {other}
  0x00000120c7d9edd4: 0f1f 8400 | c434 0029 | 4c8b 8c24 | 3801 0000 

  0x00000120c7d9ede4: ; implicit exception: dispatches to 0x00000120c7da0714
  0x00000120c7d9ede4: 493b 014d 

  0x00000120c7d9ede8: ;   {metadata(method data for {method} {0x00000120db58c878} 'findClass0' '(Ljava/lang/String;ZZ)Ljava/lang/Class;' in 'org/eclipse/osgi/internal/loader/BundleLoader')}
  0x00000120c7d9ede8: 8bc1 48ba | 8070 7bdb | 2001 0000 

  0x00000120c7d9edf4: ;   {metadata('org/eclipse/osgi/internal/debug/Debug')}
  0x00000120c7d9edf4: 49ba 8009 | 0981 2001 | 0000 4c89 | 92b8 0800 | 0048 8382 | c008 0000 

  0x00000120c7d9ee0c: ;   {metadata(method data for {method} {0x00000120db4e5400} 'trace' '(Ljava/lang/String;Ljava/lang/String;)V' in 'org/eclipse/osgi/internal/debug/Debug')}
  0x00000120c7d9ee0c: 0149 b8a0 | 5178 db20 | 0100 0041 | 8b90 cc00 | 0000 83c2 | 0241 8990 | cc00 0000 | 81e2 feff 
  0x00000120c7d9ee2c: 1f00 85d2 | 0f84 e318 | 0000 418b | 5124 4885 

  0x00000120c7d9ee3c: ;   {metadata(method data for {method} {0x00000120db4e5400} 'trace' '(Ljava/lang/String;Ljava/lang/String;)V' in 'org/eclipse/osgi/internal/debug/Debug')}
  0x00000120c7d9ee3c: d249 b8a0 | 5178 db20 | 0100 0049 | c7c1 1001 | 0000 7407 | 49c7 c120 | 0100 004b | 8b34 0848 
  0x00000120c7d9ee5c: 8d76 014b | 8934 080f | 84f9 0200 | 0048 85d2 | 0f84 2900 

  0x00000120c7d9ee70: ;   {metadata('org/eclipse/osgi/internal/log/ExtendedLogServiceImpl')}
  0x00000120c7d9ee70: 0000 48bf | 4056 0981 | 2001 0000 | 8b72 0849 | ba00 0000 | 8020 0100 | 0049 03f2 | 483b 7e38 
  0x00000120c7d9ee90: 0f85 a418 | 0000 e900 | 0000 004c | 8bc2 483b | 024c 8bc2 

  0x00000120c7d9eea4: ;   {metadata(method data for {method} {0x00000120db4e5400} 'trace' '(Ljava/lang/String;Ljava/lang/String;)V' in 'org/eclipse/osgi/internal/debug/Debug')}
  0x00000120c7d9eea4: 49b9 a051 | 78db 2001 

  0x00000120c7d9eeac: ;   {metadata('org/eclipse/osgi/internal/log/ExtendedLogServiceImpl')}
  0x00000120c7d9eeac: 0000 49ba | 4056 0981 | 2001 0000 | 4d89 9140 | 0100 0049 | 8381 4801 

  0x00000120c7d9eec4: ;   {metadata(method data for {method} {0x00000120db50ca90} 'getLogger' '(Ljava/lang/String;)Lorg/osgi/service/log/Logger;' in 'org/eclipse/osgi/internal/log/ExtendedLogServiceImpl')}
  0x00000120c7d9eec4: 0000 0149 | b8f0 5478 | db20 0100 | 0045 8b88 | cc00 0000 | 4183 c102 | 4589 88cc | 0000 0041 
  0x00000120c7d9eee4: 81e1 feff | 1f00 4585 | c90f 8451 | 1800 004c 

  0x00000120c7d9eef4: ;   {metadata(method data for {method} {0x00000120db50ca90} 'getLogger' '(Ljava/lang/String;)Lorg/osgi/service/log/Logger;' in 'org/eclipse/osgi/internal/log/ExtendedLogServiceImpl')}
  0x00000120c7d9eef4: 8bc2 49b9 | f054 78db | 2001 0000 

  0x00000120c7d9ef00: ;   {metadata('org/eclipse/osgi/internal/log/ExtendedLogServiceImpl')}
  0x00000120c7d9ef00: 49ba 4056 | 0981 2001 | 0000 4d89 | 9120 0100 | 0049 8381 | 2801 0000 

  0x00000120c7d9ef18: ;   {metadata(method data for {method} {0x00000120db50a318} 'getLogger' '(Ljava/lang/String;)Lorg/eclipse/equinox/log/Logger;' in 'org/eclipse/osgi/internal/log/ExtendedLogServiceImpl')}
  0x00000120c7d9ef18: 0149 b868 | 5778 db20 | 0100 0045 | 8b88 cc00 | 0000 4183 | c102 4589 | 88cc 0000 | 0041 81e1 
  0x00000120c7d9ef38: feff 1f00 | 4585 c90f | 8420 1800 | 004c 8bc2 

  0x00000120c7d9ef48: ;   {metadata(method data for {method} {0x00000120db50a318} 'getLogger' '(Ljava/lang/String;)Lorg/eclipse/equinox/log/Logger;' in 'org/eclipse/osgi/internal/log/ExtendedLogServiceImpl')}
  0x00000120c7d9ef48: 49b9 6857 | 78db 2001 

  0x00000120c7d9ef50: ;   {metadata('org/eclipse/osgi/internal/log/ExtendedLogServiceImpl')}
  0x00000120c7d9ef50: 0000 49ba | 4056 0981 | 2001 0000 | 4d89 9120 | 0100 0049 | 8381 2801 | 0000 014c | 8b84 24d0 
  0x00000120c7d9ef70: ;   {oop(a 'java/lang/Class'{0x00000000cdd65978} = 'org/osgi/service/log/Logger')}
  0x00000120c7d9ef70: 0000 0049 | b978 59d6 | cd00 0000 

  0x00000120c7d9ef7c: ;   {optimized virtual_call}
  0x00000120c7d9ef7c: 0066 90e8 

  0x00000120c7d9ef80: ; ImmutableOopMap {[160]=Oop [168]=Oop [184]=Oop [208]=Oop [304]=Oop [320]=Oop }
                      ;*invokevirtual getLogger {reexecute=0 rethrow=0 return_oop=0}
                      ; - org.eclipse.osgi.internal.log.ExtendedLogServiceImpl::getLogger@4 (line 73)
                      ; - org.eclipse.osgi.internal.log.ExtendedLogServiceImpl::getLogger@2 (line 1)
                      ; - org.eclipse.osgi.internal.debug.Debug::trace@11 (line 265)
                      ; - org.eclipse.osgi.internal.loader.BundleLoader::findClass0@309 (line 519)
  0x00000120c7d9ef80: fcfa 2007 

  0x00000120c7d9ef84: ;   {other}
  0x00000120c7d9ef84: 0f1f 8400 | 7436 002a | 4885 c075 

  0x00000120c7d9ef90: ;   {metadata(method data for {method} {0x00000120db50a318} 'getLogger' '(Ljava/lang/String;)Lorg/eclipse/equinox/log/Logger;' in 'org/eclipse/osgi/internal/log/ExtendedLogServiceImpl')}
  0x00000120c7d9ef90: 1648 be68 | 5778 db20 | 0100 0080 | 8e41 0100 | 0001 e9e7 

  0x00000120c7d9efa4: ;   {metadata('org/eclipse/equinox/log/Logger')}
  0x00000120c7d9efa4: 0000 0048 | bff8 2909 | 8120 0100 | 008b 7008 | 49ba 0000 | 0080 2001 | 0000 4903 | f248 3b7e 
  0x00000120c7d9efc4: 200f 841a | 0000 0048 | 3bf7 0f84 | 1100 0000 

  0x00000120c7d9efd4: ;   {runtime_call slow_subtype_check Runtime1 stub}
  0x00000120c7d9efd4: 5657 e825 | df2c 075e | 5e85 f60f | 848d 0000 

  0x00000120c7d9efe4: ;   {metadata(method data for {method} {0x00000120db50a318} 'getLogger' '(Ljava/lang/String;)Lorg/eclipse/equinox/log/Logger;' in 'org/eclipse/osgi/internal/log/ExtendedLogServiceImpl')}
  0x00000120c7d9efe4: 0048 be68 | 5778 db20 | 0100 008b | 7808 49ba | 0000 0080 | 2001 0000 | 4903 fa48 | 3bbe 5801 
  0x00000120c7d9f004: 0000 750d | 4883 8660 | 0100 0001 | e979 0000 | 0048 3bbe | 6801 0000 | 750d 4883 | 8670 0100 
  0x00000120c7d9f024: 0001 e963 | 0000 0048 | 83be 5801 | 0000 0075 | 1748 89be | 5801 0000 | 48c7 8660 | 0100 0001 
  0x00000120c7d9f044: 0000 00e9 | 4200 0000 | 4883 be68 | 0100 0000 | 7517 4889 | be68 0100 | 0048 c786 | 7001 0000 
  0x00000120c7d9f064: 0100 0000 | e921 0000 | 00e9 1c00 

  0x00000120c7d9f070: ;   {metadata(method data for {method} {0x00000120db50a318} 'getLogger' '(Ljava/lang/String;)Lorg/eclipse/equinox/log/Logger;' in 'org/eclipse/osgi/internal/log/ExtendedLogServiceImpl')}
  0x00000120c7d9f070: 0000 48be | 6857 78db | 2001 0000 | 4883 ae48 | 0100 0001 | e9fd 1600 | 00e9 0000 | 0000 488b 
  0x00000120c7d9f090: d048 3b02 

  0x00000120c7d9f094: ;   {metadata(method data for {method} {0x00000120db4e5400} 'trace' '(Ljava/lang/String;Ljava/lang/String;)V' in 'org/eclipse/osgi/internal/debug/Debug')}
  0x00000120c7d9f094: 4c8b c248 | bea0 5178 | db20 0100 | 0045 8b40 | 0849 ba00 | 0000 8020 | 0100 004d | 03c2 4c3b 
  0x00000120c7d9f0b4: 8678 0100 | 0075 0d48 | 8386 8001 | 0000 01e9 | 6000 0000 | 4c3b 8688 | 0100 0075 | 0d48 8386 
  0x00000120c7d9f0d4: 9001 0000 | 01e9 4a00 | 0000 4883 | be78 0100 | 0000 7517 | 4c89 8678 | 0100 0048 | c786 8001 
  0x00000120c7d9f0f4: 0000 0100 | 0000 e929 | 0000 0048 | 83be 8801 | 0000 0075 | 174c 8986 | 8801 0000 | 48c7 8690 
  0x00000120c7d9f114: 0100 0001 | 0000 00e9 | 0800 0000 | 4883 8668 | 0100 0001 | 4c8b 8424 | 4001 0000 | 0f1f 4400 
  0x00000120c7d9f134: 0048 b8ff | ffff ffff 

  0x00000120c7d9f13c: ;   {virtual_call}
  0x00000120c7d9f13c: ffff ffe8 

  0x00000120c7d9f140: ; ImmutableOopMap {[160]=Oop [168]=Oop [184]=Oop [208]=Oop [304]=Oop }
                      ;*invokeinterface debug {reexecute=0 rethrow=0 return_oop=0}
                      ; - org.eclipse.osgi.internal.debug.Debug::trace@17 (line 265)
                      ; - org.eclipse.osgi.internal.loader.BundleLoader::findClass0@309 (line 519)
  0x00000120c7d9f140: 3cfc 2007 

  0x00000120c7d9f144: ;   {other}
  0x00000120c7d9f144: 0f1f 8400 | 3438 002b 

  0x00000120c7d9f14c: ;   {metadata(method data for {method} {0x00000120db4e5400} 'trace' '(Ljava/lang/String;Ljava/lang/String;)V' in 'org/eclipse/osgi/internal/debug/Debug')}
  0x00000120c7d9f14c: 49b8 a051 | 78db 2001 | 0000 41ff | 80a0 0100 | 00e9 5200 | 0000 488b | 8424 4001 

  0x00000120c7d9f168: ;   {oop(a 'java/lang/Class'{0x00000000cdda98a0} = 'org/eclipse/osgi/internal/debug/Debug')}
  0x00000120c7d9f168: 0000 49b8 | a098 dacd | 0000 0000 | 418b 90d0 | 0000 0048 | 3b02 4c8b 

  0x00000120c7d9f180: ;   {metadata(method data for {method} {0x00000120db4e5400} 'trace' '(Ljava/lang/String;Ljava/lang/String;)V' in 'org/eclipse/osgi/internal/debug/Debug')}
  0x00000120c7d9f180: c248 bea0 | 5178 db20 

  0x00000120c7d9f188: ;   {metadata('java/io/PrintStream')}
  0x00000120c7d9f188: 0100 0049 | bac8 a300 | 8020 0100 | 004c 8996 | c801 0000 | 4883 86d0 | 0100 0001 

  0x00000120c7d9f1a4: ;   {optimized virtual_call}
  0x00000120c7d9f1a4: 4c8b c0e8 

  0x00000120c7d9f1a8: ; ImmutableOopMap {[160]=Oop [168]=Oop [184]=Oop [208]=Oop [304]=Oop }
                      ;*invokevirtual println {reexecute=0 rethrow=0 return_oop=0}
                      ; - org.eclipse.osgi.internal.debug.Debug::trace@29 (line 267)
                      ; - org.eclipse.osgi.internal.loader.BundleLoader::findClass0@309 (line 519)
  0x00000120c7d9f1a8: d4f8 2007 

  0x00000120c7d9f1ac: ;   {other}
  0x00000120c7d9f1ac: 0f1f 8400 | 9c38 002c | 488b 8424 | 3001 0000 

  0x00000120c7d9f1bc: ; implicit exception: dispatches to 0x00000120c7da0799
  0x00000120c7d9f1bc: 483b 004c 

  0x00000120c7d9f1c0: ;   {metadata(method data for {method} {0x00000120db58c878} 'findClass0' '(Ljava/lang/String;ZZ)Ljava/lang/Class;' in 'org/eclipse/osgi/internal/loader/BundleLoader')}
  0x00000120c7d9f1c0: 8bc0 48ba | 8070 7bdb | 2001 0000 | 458b 4008 | 49ba 0000 | 0080 2001 | 0000 4d03 | c24c 3b82 
  0x00000120c7d9f1e0: f008 0000 | 750d 4883 | 82f8 0800 | 0001 e960 | 0000 004c | 3b82 0009 | 0000 750d | 4883 8208 
  0x00000120c7d9f200: 0900 0001 | e94a 0000 | 0048 83ba | f008 0000 | 0075 174c | 8982 f008 | 0000 48c7 | 82f8 0800 
  0x00000120c7d9f220: 0001 0000 | 00e9 2900 | 0000 4883 | ba00 0900 | 0000 7517 | 4c89 8200 | 0900 0048 | c782 0809 
  0x00000120c7d9f240: 0000 0100 | 0000 e908 | 0000 0048 | 8382 e008 | 0000 014c | 8b84 24a0 | 0000 0048 | 8bd0 0f1f 
  0x00000120c7d9f260: 8000 0000 | 0048 b810 | f887 df20 

  0x00000120c7d9f26c: ;   {virtual_call}
  0x00000120c7d9f26c: 0100 00e8 

  0x00000120c7d9f270: ; ImmutableOopMap {[160]=Oop [168]=Oop [184]=Oop [208]=Oop [304]=Oop }
                      ;*invokevirtual loadClass {reexecute=0 rethrow=0 return_oop=0}
                      ; - org.eclipse.osgi.internal.loader.BundleLoader::findClass0@315 (line 523)
  0x00000120c7d9f270: 414d 2107 

  0x00000120c7d9f274: ;   {other}
  0x00000120c7d9f274: 0f1f 8400 | 6439 002d | 488b f048 

  0x00000120c7d9f280: ;   {metadata(method data for {method} {0x00000120db58c878} 'findClass0' '(Ljava/lang/String;ZZ)Ljava/lang/Class;' in 'org/eclipse/osgi/internal/loader/BundleLoader')}
  0x00000120c7d9f280: 85f6 49b8 | 8070 7bdb | 2001 0000 | 48c7 c218 | 0900 0075 | 0748 c7c2 | 2809 0000 | 498b 3c10 
  0x00000120c7d9f2a0: 488d 7f01 | 4989 3c10 | 0f85 c900 | 0000 488b | 9424 a800 

  0x00000120c7d9f2b4: ;   {metadata(method data for {method} {0x00000120db58c878} 'findClass0' '(Ljava/lang/String;ZZ)Ljava/lang/Class;' in 'org/eclipse/osgi/internal/loader/BundleLoader')}
  0x00000120c7d9f2b4: 0000 49b8 | 8070 7bdb | 2001 0000 | 8b52 0849 | ba00 0000 | 8020 0100 | 0049 03d2 | 493b 9048 
  0x00000120c7d9f2d4: 0900 0075 | 0d49 8380 | 5009 0000 | 01e9 6000 | 0000 493b | 9058 0900 | 0075 0d49 | 8380 6009 
  0x00000120c7d9f2f4: 0000 01e9 | 4a00 0000 | 4983 b848 | 0900 0000 | 7517 4989 | 9048 0900 | 0049 c780 | 5009 0000 
  0x00000120c7d9f314: 0100 0000 | e929 0000 | 0049 83b8 | 5809 0000 | 0075 1749 | 8990 5809 | 0000 49c7 | 8060 0900 
  0x00000120c7d9f334: 0001 0000 | 00e9 0800 | 0000 4983 | 8038 0900 | 0001 4c8b | 8424 a000 | 0000 488b | 9424 a800 
  0x00000120c7d9f354: 0000 0f1f | 8000 0000 | 0048 b8a0 | fb87 df20 

  0x00000120c7d9f364: ;   {virtual_call}
  0x00000120c7d9f364: 0100 00e8 

  0x00000120c7d9f368: ; ImmutableOopMap {[160]=Oop [168]=Oop [184]=Oop [208]=Oop [304]=Oop }
                      ;*invokevirtual findLocalClass {reexecute=0 rethrow=0 return_oop=0}
                      ; - org.eclipse.osgi.internal.loader.BundleLoader::findClass0@327 (line 527)
  0x00000120c7d9f368: 494c 2107 

  0x00000120c7d9f36c: ;   {other}
  0x00000120c7d9f36c: 0f1f 8400 | 5c3a 002e | 488b f048 

  0x00000120c7d9f378: ;   {metadata(method data for {method} {0x00000120db58c878} 'findClass0' '(Ljava/lang/String;ZZ)Ljava/lang/Class;' in 'org/eclipse/osgi/internal/loader/BundleLoader')}
  0x00000120c7d9f378: 85f6 49b8 | 8070 7bdb | 2001 0000 | 48c7 c280 | 0900 0075 | 0748 c7c2 | 7009 0000 | 498b 3c10 
  0x00000120c7d9f398: 488d 7f01 | 4989 3c10 | 0f85 3408 | 0000 488b | 8424 3001 | 0000 4885 

  0x00000120c7d9f3b0: ;   {metadata(method data for {method} {0x00000120db58c878} 'findClass0' '(Ljava/lang/String;ZZ)Ljava/lang/Class;' in 'org/eclipse/osgi/internal/loader/BundleLoader')}
  0x00000120c7d9f3b0: c049 b880 | 707b db20 | 0100 0048 | c7c2 9009 | 0000 7507 | 48c7 c2a0 | 0900 0049 | 8b3c 1048 
  0x00000120c7d9f3d0: 8d7f 0149 | 893c 100f | 857e 0000 | 0048 89b4 | 2448 0100 | 0048 8bb4 | 24b8 0000 | 0048 8b94 
  0x00000120c7d9f3f0: 24a8 0000 

  0x00000120c7d9f3f4: ;   {metadata(method data for {method} {0x00000120db58c878} 'findClass0' '(Ljava/lang/String;ZZ)Ljava/lang/Class;' in 'org/eclipse/osgi/internal/loader/BundleLoader')}
  0x00000120c7d9f3f4: 0049 b880 | 707b db20 | 0100 0049 | 8380 b009 | 0000 014c | 8bc6 488b | 9424 a800 | 0000 0f1f 
  0x00000120c7d9f414: ;   {optimized virtual_call}
  0x00000120c7d9f414: 4400 00e8 

  0x00000120c7d9f418: ; ImmutableOopMap {[160]=Oop [168]=Oop [208]=Oop [328]=Oop }
                      ;*invokespecial findDynamicSource {reexecute=0 rethrow=0 return_oop=0}
                      ; - org.eclipse.osgi.internal.loader.BundleLoader::findClass0@348 (line 533)
  0x00000120c7d9f418: 64f6 2007 

  0x00000120c7d9f41c: ;   {other}
  0x00000120c7d9f41c: 0f1f 8400 | 0c3b 002f 

  0x00000120c7d9f424: ;   {metadata(method data for {method} {0x00000120db58c878} 'findClass0' '(Ljava/lang/String;ZZ)Ljava/lang/Class;' in 'org/eclipse/osgi/internal/loader/BundleLoader')}
  0x00000120c7d9f424: 4885 c049 | b880 707b | db20 0100 | 0049 c7c1 | d009 0000 | 7507 49c7 | c1c0 0900 | 004b 8b14 
  0x00000120c7d9f444: 0848 8d52 | 014b 8914 | 080f 8583 | 0100 0048 | 8bb4 2448 | 0100 0048 

  0x00000120c7d9f45c: ;   {metadata(method data for {method} {0x00000120db58c878} 'findClass0' '(Ljava/lang/String;ZZ)Ljava/lang/Class;' in 'org/eclipse/osgi/internal/loader/BundleLoader')}
  0x00000120c7d9f45c: 85f6 49b8 | 8070 7bdb | 2001 0000 | 49c7 c148 | 0a00 0075 | 0749 c7c1 | 580a 0000 | 4b8b 1408 
  0x00000120c7d9f47c: 488d 5201 | 4b89 1408 | 0f85 7202 | 0000 4889 | b424 4801 | 0000 488b | 9424 a800 

  0x00000120c7d9f498: ;   {metadata(method data for {method} {0x00000120db58c878} 'findClass0' '(Ljava/lang/String;ZZ)Ljava/lang/Class;' in 'org/eclipse/osgi/internal/loader/BundleLoader')}
  0x00000120c7d9f498: 0000 49b8 | 8070 7bdb | 2001 0000 | 4983 8068 | 0a00 0001 | 4c8b 8424 | a000 0000 | 41b9 0200 
  0x00000120c7d9f4b8: 0000 488b | 9424 a800 | 0000 0f1f 

  0x00000120c7d9f4c4: ;   {optimized virtual_call}
  0x00000120c7d9f4c4: 4400 00e8 

  0x00000120c7d9f4c8: ; ImmutableOopMap {[160]=Oop [168]=Oop [208]=Oop [328]=Oop }
                      ;*invokespecial searchHooks {reexecute=0 rethrow=0 return_oop=0}
                      ; - org.eclipse.osgi.internal.loader.BundleLoader::findClass0@391 (line 544)
  0x00000120c7d9f4c8: b4f5 2007 

  0x00000120c7d9f4cc: ;   {other}
  0x00000120c7d9f4cc: 0f1f 8400 | bc3b 0030 | 4885 c075 

  0x00000120c7d9f4d8: ;   {metadata(method data for {method} {0x00000120db58c878} 'findClass0' '(Ljava/lang/String;ZZ)Ljava/lang/Class;' in 'org/eclipse/osgi/internal/loader/BundleLoader')}
  0x00000120c7d9f4d8: 1648 be80 | 707b db20 | 0100 0080 | 8e71 0a00 | 0001 e9cc 

  0x00000120c7d9f4ec: ;   {metadata('java/lang/Class')}
  0x00000120c7d9f4ec: 0000 0048 | bf50 6b00 | 8020 0100 | 008b 5008 | 49ba 0000 | 0080 2001 | 0000 4903 | d248 3bfa 
  0x00000120c7d9f50c: 0f85 8d00 

  0x00000120c7d9f510: ;   {metadata(method data for {method} {0x00000120db58c878} 'findClass0' '(Ljava/lang/String;ZZ)Ljava/lang/Class;' in 'org/eclipse/osgi/internal/loader/BundleLoader')}
  0x00000120c7d9f510: 0000 48be | 8070 7bdb | 2001 0000 | 8b78 0849 | ba00 0000 | 8020 0100 | 0049 03fa | 483b be88 
  0x00000120c7d9f530: 0a00 0075 | 0d48 8386 | 900a 0000 | 01e9 7900 | 0000 483b | be98 0a00 | 0075 0d48 | 8386 a00a 
  0x00000120c7d9f550: 0000 01e9 | 6300 0000 | 4883 be88 | 0a00 0000 | 7517 4889 | be88 0a00 | 0048 c786 | 900a 0000 
  0x00000120c7d9f570: 0100 0000 | e942 0000 | 0048 83be | 980a 0000 | 0075 1748 | 89be 980a | 0000 48c7 | 86a0 0a00 
  0x00000120c7d9f590: 0001 0000 | 00e9 2100 | 0000 e91c 

  0x00000120c7d9f59c: ;   {metadata(method data for {method} {0x00000120db58c878} 'findClass0' '(Ljava/lang/String;ZZ)Ljava/lang/Class;' in 'org/eclipse/osgi/internal/loader/BundleLoader')}
  0x00000120c7d9f59c: 0000 0048 | be80 707b | db20 0100 | 0048 83ae | 780a 0000 | 01e9 e811 | 0000 e900 | 0000 004c 
  0x00000120c7d9f5bc: ;   {metadata(method data for {method} {0x00000120db58c878} 'findClass0' '(Ljava/lang/String;ZZ)Ljava/lang/Class;' in 'org/eclipse/osgi/internal/loader/BundleLoader')}
  0x00000120c7d9f5bc: 8bc0 48ba | 8070 7bdb | 2001 0000 | ff82 b00a | 0000 498b | f0e9 2601 | 0000 483b | 004c 8bc0 
  0x00000120c7d9f5dc: ;   {metadata(method data for {method} {0x00000120db58c878} 'findClass0' '(Ljava/lang/String;ZZ)Ljava/lang/Class;' in 'org/eclipse/osgi/internal/loader/BundleLoader')}
  0x00000120c7d9f5dc: 48ba 8070 | 7bdb 2001 | 0000 458b | 4008 49ba | 0000 0080 | 2001 0000 | 4d03 c24c | 3b82 f009 
  0x00000120c7d9f5fc: 0000 750d | 4883 82f8 | 0900 0001 | e960 0000 | 004c 3b82 | 000a 0000 | 750d 4883 | 8208 0a00 
  0x00000120c7d9f61c: 0001 e94a | 0000 0048 | 83ba f009 | 0000 0075 | 174c 8982 | f009 0000 | 48c7 82f8 | 0900 0001 
  0x00000120c7d9f63c: 0000 00e9 | 2900 0000 | 4883 ba00 | 0a00 0000 | 7517 4c89 | 8200 0a00 | 0048 c782 | 080a 0000 
  0x00000120c7d9f65c: 0100 0000 | e908 0000 | 0048 8382 | e009 0000 | 014c 8b84 | 24a0 0000 | 0048 8bd0 | 0f1f 4400 
  0x00000120c7d9f67c: 0048 b8ff | ffff ffff 

  0x00000120c7d9f684: ;   {virtual_call}
  0x00000120c7d9f684: ffff ffe8 

  0x00000120c7d9f688: ; ImmutableOopMap {[160]=Oop [168]=Oop [208]=Oop }
                      ;*invokevirtual loadClass {reexecute=0 rethrow=0 return_oop=0}
                      ; - org.eclipse.osgi.internal.loader.BundleLoader::findClass0@361 (line 535)
  0x00000120c7d9f688: f4f6 2007 

  0x00000120c7d9f68c: ;   {other}
  0x00000120c7d9f68c: 0f1f 8400 | 7c3d 0031 

  0x00000120c7d9f694: ;   {metadata(method data for {method} {0x00000120db58c878} 'findClass0' '(Ljava/lang/String;ZZ)Ljava/lang/Class;' in 'org/eclipse/osgi/internal/loader/BundleLoader')}
  0x00000120c7d9f694: 4885 c049 | b880 707b | db20 0100 | 0048 c7c2 | 180a 0000 | 7407 48c7 | c228 0a00 | 0049 8b34 
  0x00000120c7d9f6b4: 1048 8d76 | 0149 8934 | 100f 84b6 | 0400 0048 | 81c4 7001 

  0x00000120c7d9f6c8: ;   {poll_return}
  0x00000120c7d9f6c8: 0000 5d49 | 3ba7 5004 | 0000 0f87 | d410 0000 | c349 8b87 | 0005 0000 | 4d33 d24d | 8997 0005 
  0x00000120c7d9f6e8: 0000 4d33 | d24d 8997 | 0805 0000 | 488b b424 | 4801 0000 

  0x00000120c7d9f6fc: ;   {metadata(method data for {method} {0x00000120db58c878} 'findClass0' '(Ljava/lang/String;ZZ)Ljava/lang/Class;' in 'org/eclipse/osgi/internal/loader/BundleLoader')}
  0x00000120c7d9f6fc: 4885 f649 | b880 707b | db20 0100 | 0048 c7c2 | c80a 0000 | 7507 48c7 | c2d8 0a00 | 0049 8b3c 
  0x00000120c7d9f71c: 1048 8d7f | 0149 893c | 100f 8564 | 0000 0048 | 8b94 24a8 | 0000 008b | 7a1c 4885 

  0x00000120c7d9f738: ;   {metadata(method data for {method} {0x00000120db58c878} 'findClass0' '(Ljava/lang/String;ZZ)Ljava/lang/Class;' in 'org/eclipse/osgi/internal/loader/BundleLoader')}
  0x00000120c7d9f738: ff49 b880 | 707b db20 | 0100 0048 | c7c3 e80a | 0000 7407 | 48c7 c3f8 | 0a00 0049 | 8b04 1848 
  0x00000120c7d9f758: 8d40 0149 | 8904 180f | 842a 0000 | 004c 8b84 | 24a0 0000 | 0048 8bd7 | 0f1f 4400 | 0048 b8ff 
  0x00000120c7d9f778: ffff ffff 

  0x00000120c7d9f77c: ;   {virtual_call}
  0x00000120c7d9f77c: ffff ffe8 

  0x00000120c7d9f780: ; ImmutableOopMap {[160]=Oop [168]=Oop [208]=Oop }
                      ;*invokevirtual doBuddyClassLoading {reexecute=0 rethrow=0 return_oop=0}
                      ; - org.eclipse.osgi.internal.loader.BundleLoader::findClass0@421 (line 550)
  0x00000120c7d9f780: fcf5 2007 

  0x00000120c7d9f784: ;   {other}
  0x00000120c7d9f784: 0f1f 8400 | 743e 0032 | 488b f048 

  0x00000120c7d9f790: ;   {metadata(method data for {method} {0x00000120db58c878} 'findClass0' '(Ljava/lang/String;ZZ)Ljava/lang/Class;' in 'org/eclipse/osgi/internal/loader/BundleLoader')}
  0x00000120c7d9f790: 85f6 48ba | 8070 7bdb | 2001 0000 | 48c7 c750 | 0b00 0075 | 0748 c7c7 | 400b 0000 | 488b 1c3a 
  0x00000120c7d9f7b0: 488d 5b01 | 4889 1c3a | 0f85 8c03 | 0000 448b | 8c24 b000 | 0000 4585 

  0x00000120c7d9f7c8: ;   {metadata(method data for {method} {0x00000120db58c878} 'findClass0' '(Ljava/lang/String;ZZ)Ljava/lang/Class;' in 'org/eclipse/osgi/internal/loader/BundleLoader')}
  0x00000120c7d9f7c8: c948 ba80 | 707b db20 | 0100 0048 | c7c6 700b | 0000 7507 | 48c7 c660 | 0b00 0048 | 8b3c 3248 
  0x00000120c7d9f7e8: 8d7f 0148 | 893c 320f | 8524 0000 | 0048 8b9c | 24d0 0000 | 008b bc24 | b400 0000 | 4c8b 8424 
  0x00000120c7d9f808: a000 0000 | 488b 9424 | a800 0000 | e95b 0600 | 0048 8b94 | 24a8 0000 | 008b 7248 

  0x00000120c7d9f824: ;   {metadata(method data for {method} {0x00000120db58c878} 'findClass0' '(Ljava/lang/String;ZZ)Ljava/lang/Class;' in 'org/eclipse/osgi/internal/loader/BundleLoader')}
  0x00000120c7d9f824: 4885 f648 | be80 707b | db20 0100 | 0048 c7c7 | 900b 0000 | 7507 48c7 | c780 0b00 | 0048 8b1c 
  0x00000120c7d9f844: 3e48 8d5b | 0148 891c | 3e0f 851c | 0000 0048 | 8b9c 24d0 | 0000 008b | bc24 b400 | 0000 4c8b 
  0x00000120c7d9f864: 8424 a000 | 0000 e905 | 0600 008b | b424 e000 | 0000 85f6 

  0x00000120c7d9f878: ;   {metadata(method data for {method} {0x00000120db58c878} 'findClass0' '(Ljava/lang/String;ZZ)Ljava/lang/Class;' in 'org/eclipse/osgi/internal/loader/BundleLoader')}
  0x00000120c7d9f878: 48be 8070 | 7bdb 2001 | 0000 48c7 | c7b0 0b00 | 0074 0748 | c7c7 a00b | 0000 488b | 1c3e 488d 
  0x00000120c7d9f898: 5b01 4889 | 1c3e 0f84 | 1c00 0000 | 488b 9c24 | d000 0000 | 8bbc 24b4 | 0000 004c | 8b84 24a0 
  0x00000120c7d9f8b8: 0000 00e9 | b405 0000 | 8b72 1448 | 3b06 488b 

  0x00000120c7d9f8c8: ;   {metadata(method data for {method} {0x00000120db58c878} 'findClass0' '(Ljava/lang/String;ZZ)Ljava/lang/Class;' in 'org/eclipse/osgi/internal/loader/BundleLoader')}
  0x00000120c7d9f8c8: fe48 bb80 | 707b db20 

  0x00000120c7d9f8d0: ;   {metadata('org/eclipse/osgi/internal/framework/EquinoxContainer')}
  0x00000120c7d9f8d0: 0100 0049 | ba00 b008 | 8120 0100 | 004c 8993 | d00b 0000 | 4883 83d8 | 0b00 0001 | 8b76 140f 
  0x00000120c7d9f8f0: be76 1e85 

  0x00000120c7d9f8f4: ;   {metadata(method data for {method} {0x00000120db58c878} 'findClass0' '(Ljava/lang/String;ZZ)Ljava/lang/Class;' in 'org/eclipse/osgi/internal/loader/BundleLoader')}
  0x00000120c7d9f8f4: f648 be80 | 707b db20 | 0100 0048 | c7c7 f80b | 0000 7507 | 48c7 c708 | 0c00 0048 | 8b1c 3e48 
  0x00000120c7d9f914: 8d5b 0148 | 891c 3e0f | 858a 0000 | 0048 8bf2 

  0x00000120c7d9f924: ;   {metadata(method data for {method} {0x00000120db58c878} 'findClass0' '(Ljava/lang/String;ZZ)Ljava/lang/Class;' in 'org/eclipse/osgi/internal/loader/BundleLoader')}
  0x00000120c7d9f924: 48bf 8070 | 7bdb 2001 | 0000 4883 | 8718 0c00 | 0001 488b | f248 8bd6 

  0x00000120c7d9f93c: ;   {optimized virtual_call}
  0x00000120c7d9f93c: 6666 90e8 

  0x00000120c7d9f940: ; ImmutableOopMap {[160]=Oop [168]=Oop [208]=Oop }
                      ;*invokespecial isRequestFromVM {reexecute=0 rethrow=0 return_oop=0}
                      ; - org.eclipse.osgi.internal.loader.BundleLoader::findClass0@464 (line 556)
  0x00000120c7d9f940: 3cf1 2007 

  0x00000120c7d9f944: ;   {other}
  0x00000120c7d9f944: 0f1f 8400 | 3440 0033 

  0x00000120c7d9f94c: ;   {metadata(method data for {method} {0x00000120db58c878} 'findClass0' '(Ljava/lang/String;ZZ)Ljava/lang/Class;' in 'org/eclipse/osgi/internal/loader/BundleLoader')}
  0x00000120c7d9f94c: 85c0 49b8 | 8070 7bdb | 2001 0000 | 49c7 c128 | 0c00 0074 | 0749 c7c1 | 380c 0000 | 4b8b 1408 
  0x00000120c7d9f96c: 488d 5201 | 4b89 1408 | 0f84 0d00 | 0000 488b | 9424 a800 | 0000 e924 | 0000 0048 | 8b9c 24d0 
  0x00000120c7d9f98c: 0000 008b | bc24 b400 | 0000 4c8b | 8424 a000 | 0000 488b | 9424 a800 | 0000 e9c9 | 0400 008b 
  0x00000120c7d9f9ac: 7248 483b | 064c 8bc6 

  0x00000120c7d9f9b4: ;   {metadata(method data for {method} {0x00000120db58c878} 'findClass0' '(Ljava/lang/String;ZZ)Ljava/lang/Class;' in 'org/eclipse/osgi/internal/loader/BundleLoader')}
  0x00000120c7d9f9b4: 49b9 8070 | 7bdb 2001 | 0000 458b | 4008 49ba | 0000 0080 | 2001 0000 | 4d03 c24d | 3b81 580c 
  0x00000120c7d9f9d4: 0000 750d | 4983 8160 | 0c00 0001 | e960 0000 | 004d 3b81 | 680c 0000 | 750d 4983 | 8170 0c00 
  0x00000120c7d9f9f4: 0001 e94a | 0000 0049 | 83b9 580c | 0000 0075 | 174d 8981 | 580c 0000 | 49c7 8160 | 0c00 0001 
  0x00000120c7d9fa14: 0000 00e9 | 2900 0000 | 4983 b968 | 0c00 0000 | 7517 4d89 | 8168 0c00 | 0049 c781 | 700c 0000 
  0x00000120c7d9fa34: 0100 0000 | e908 0000 | 0049 8381 | 480c 0000 

  0x00000120c7d9fa44: ;   {metadata(method data for {method} {0x00000120800143f0} 'loadClass' '(Ljava/lang/String;)Ljava/lang/Class;' in 'java/lang/ClassLoader')}
  0x00000120c7d9fa44: 0149 b870 | 912a db20 | 0100 0045 | 8b88 cc00 | 0000 4183 | c102 4589 | 88cc 0000 | 0041 81e1 
  0x00000120c7d9fa64: feff 1f00 | 4585 c90f | 8460 0d00 | 004c 8bc6 

  0x00000120c7d9fa74: ;   {metadata(method data for {method} {0x00000120800143f0} 'loadClass' '(Ljava/lang/String;)Ljava/lang/Class;' in 'java/lang/ClassLoader')}
  0x00000120c7d9fa74: 49b9 7091 | 2adb 2001 | 0000 458b | 4008 49ba | 0000 0080 | 2001 0000 | 4d03 c24d | 3b81 2001 
  0x00000120c7d9fa94: 0000 750d | 4983 8128 | 0100 0001 | e960 0000 | 004d 3b81 | 3001 0000 | 750d 4983 | 8138 0100 
  0x00000120c7d9fab4: 0001 e94a | 0000 0049 | 83b9 2001 | 0000 0075 | 174d 8981 | 2001 0000 | 49c7 8128 | 0100 0001 
  0x00000120c7d9fad4: 0000 00e9 | 2900 0000 | 4983 b930 | 0100 0000 | 7517 4d89 | 8130 0100 | 0049 c781 | 3801 0000 
  0x00000120c7d9faf4: 0100 0000 | e908 0000 | 0049 8381 | 1001 0000 | 014c 8b84 | 24a0 0000 | 0041 b900 | 0000 0048 
  0x00000120c7d9fb14: 8bd6 0f1f | 8000 0000 | 0048 b8ff | ffff ffff 

  0x00000120c7d9fb24: ;   {virtual_call}
  0x00000120c7d9fb24: ffff ffe8 

  0x00000120c7d9fb28: ; ImmutableOopMap {[160]=Oop [168]=Oop [208]=Oop }
                      ;*invokevirtual loadClass {reexecute=0 rethrow=0 return_oop=0}
                      ; - java.lang.ClassLoader::loadClass@3
                      ; - org.eclipse.osgi.internal.loader.BundleLoader::findClass0@475 (line 559)
  0x00000120c7d9fb28: 54f2 2007 

  0x00000120c7d9fb2c: ;   {other}
  0x00000120c7d9fb2c: 0f1f 8400 | 1c42 0034 | 4881 c470 | 0100 005d 

  0x00000120c7d9fb3c: ;   {poll_return}
  0x00000120c7d9fb3c: 493b a750 | 0400 000f | 87a9 0c00 | 00c3 488b | c648 81c4 | 7001 0000 

  0x00000120c7d9fb54: ;   {poll_return}
  0x00000120c7d9fb54: 5d49 3ba7 | 5004 0000 | 0f87 a60c | 0000 c348 | 81c4 7001 

  0x00000120c7d9fb68: ;   {poll_return}
  0x00000120c7d9fb68: 0000 5d49 | 3ba7 5004 | 0000 0f87 | a60c 0000 | c348 8b94 | 24a8 0000 

  0x00000120c7d9fb80: ;   {metadata(method data for {method} {0x00000120db58c878} 'findClass0' '(Ljava/lang/String;ZZ)Ljava/lang/Class;' in 'org/eclipse/osgi/internal/loader/BundleLoader')}
  0x00000120c7d9fb80: 0049 b880 | 707b db20 | 0100 0049 | 8380 380a | 0000 014c | 8b84 24a0 | 0000 0044 | 8b8c 24b4 
  0x00000120c7d9fba0: 0000 0048 | 8bbc 24d0 | 0000 0048 | 8b94 24a8 | 0000 000f 

  0x00000120c7d9fbb4: ;   {optimized virtual_call}
  0x00000120c7d9fbb4: 1f40 00e8 

  0x00000120c7d9fbb8: ; ImmutableOopMap {}
                      ;*invokespecial generateException {reexecute=0 rethrow=0 return_oop=0}
                      ; - org.eclipse.osgi.internal.loader.BundleLoader::findClass0@379 (line 538)
  0x00000120c7d9fbb8: c4ee 2007 

  0x00000120c7d9fbbc: ;   {other}
  0x00000120c7d9fbbc: 0f1f 8400 | ac42 0035 | 4881 c470 | 0100 005d 

  0x00000120c7d9fbcc: ;   {poll_return}
  0x00000120c7d9fbcc: 493b a750 | 0400 000f | 875b 0c00 | 00c3 488b | c648 81c4 | 7001 0000 

  0x00000120c7d9fbe4: ;   {poll_return}
  0x00000120c7d9fbe4: 5d49 3ba7 | 5004 0000 | 0f87 580c | 0000 c348 | 81c4 7001 

  0x00000120c7d9fbf8: ;   {poll_return}
  0x00000120c7d9fbf8: 0000 5d49 | 3ba7 5004 | 0000 0f87 | 580c 0000 | c348 8b94 | 24a8 0000 

  0x00000120c7d9fc10: ;   {metadata(method data for {method} {0x00000120db58c878} 'findClass0' '(Ljava/lang/String;ZZ)Ljava/lang/Class;' in 'org/eclipse/osgi/internal/loader/BundleLoader')}
  0x00000120c7d9fc10: 0049 b880 | 707b db20 | 0100 0049 | 8380 5807 | 0000 014c | 8b84 24a0 | 0000 0044 | 8b8c 24b4 
  0x00000120c7d9fc30: 0000 0048 | 8bbc 24d0 | 0000 0048 | 8b94 24a8 | 0000 000f 

  0x00000120c7d9fc44: ;   {optimized virtual_call}
  0x00000120c7d9fc44: 1f40 00e8 

  0x00000120c7d9fc48: ; ImmutableOopMap {}
                      ;*invokespecial generateException {reexecute=0 rethrow=0 return_oop=0}
                      ; - org.eclipse.osgi.internal.loader.BundleLoader::findClass0@252 (line 513)
  0x00000120c7d9fc48: 34ee 2007 

  0x00000120c7d9fc4c: ;   {other}
  0x00000120c7d9fc4c: 0f1f 8400 | 3c43 0036 | 4881 c470 | 0100 005d 

  0x00000120c7d9fc5c: ;   {poll_return}
  0x00000120c7d9fc5c: 493b a750 | 0400 000f | 870d 0c00 | 00c3 4881 | c470 0100 

  0x00000120c7d9fc70: ;   {poll_return}
  0x00000120c7d9fc70: 005d 493b | a750 0400 | 000f 870d | 0c00 00c3 | 4881 c470 | 0100 005d 

  0x00000120c7d9fc88: ;   {poll_return}
  0x00000120c7d9fc88: 493b a750 | 0400 000f | 870d 0c00 | 00c3 488b | 9424 a800 | 0000 8b52 | 4848 3b02 

  0x00000120c7d9fca4: ;   {metadata(method data for {method} {0x00000120db58c878} 'findClass0' '(Ljava/lang/String;ZZ)Ljava/lang/Class;' in 'org/eclipse/osgi/internal/loader/BundleLoader')}
  0x00000120c7d9fca4: 4c8b c249 | b980 707b | db20 0100 | 0045 8b40 | 0849 ba00 | 0000 8020 | 0100 004d | 03c2 4d3b 
  0x00000120c7d9fcc4: 81b8 0100 | 0075 0d49 | 8381 c001 | 0000 01e9 | 6000 0000 | 4d3b 81c8 | 0100 0075 | 0d49 8381 
  0x00000120c7d9fce4: d001 0000 | 01e9 4a00 | 0000 4983 | b9b8 0100 | 0000 7517 | 4d89 81b8 | 0100 0049 | c781 c001 
  0x00000120c7d9fd04: 0000 0100 | 0000 e929 | 0000 0049 | 83b9 c801 | 0000 0075 | 174d 8981 | c801 0000 | 49c7 81d0 
  0x00000120c7d9fd24: 0100 0001 | 0000 00e9 | 0800 0000 | 4983 81a8 | 0100 0001 

  0x00000120c7d9fd38: ;   {metadata(method data for {method} {0x00000120800143f0} 'loadClass' '(Ljava/lang/String;)Ljava/lang/Class;' in 'java/lang/ClassLoader')}
  0x00000120c7d9fd38: 49b8 7091 | 2adb 2001 | 0000 458b | 88cc 0000 | 0041 83c1 | 0245 8988 | cc00 0000 | 4181 e1fe 
  0x00000120c7d9fd58: ff1f 0045 | 85c9 0f84 | 590b 0000 

  0x00000120c7d9fd64: ;   {metadata(method data for {method} {0x00000120800143f0} 'loadClass' '(Ljava/lang/String;)Ljava/lang/Class;' in 'java/lang/ClassLoader')}
  0x00000120c7d9fd64: 4c8b c249 | b970 912a | db20 0100 | 0045 8b40 | 0849 ba00 | 0000 8020 | 0100 004d | 03c2 4d3b 
  0x00000120c7d9fd84: 8120 0100 | 0075 0d49 | 8381 2801 | 0000 01e9 | 6000 0000 | 4d3b 8130 | 0100 0075 | 0d49 8381 
  0x00000120c7d9fda4: 3801 0000 | 01e9 4a00 | 0000 4983 | b920 0100 | 0000 7517 | 4d89 8120 | 0100 0049 | c781 2801 
  0x00000120c7d9fdc4: 0000 0100 | 0000 e929 | 0000 0049 | 83b9 3001 | 0000 0075 | 174d 8981 | 3001 0000 | 49c7 8138 
  0x00000120c7d9fde4: 0100 0001 | 0000 00e9 | 0800 0000 | 4983 8110 | 0100 0001 | 4c8b 8424 | a000 0000 | 41b9 0000 
  0x00000120c7d9fe04: 0000 0f1f | 8000 0000 | 0048 b8f8 | 8206 8020 

  0x00000120c7d9fe14: ;   {virtual_call}
  0x00000120c7d9fe14: 0100 00e8 

  0x00000120c7d9fe18: ; ImmutableOopMap {}
                      ;*invokevirtual loadClass {reexecute=0 rethrow=0 return_oop=0}
                      ; - java.lang.ClassLoader::loadClass@3
                      ; - org.eclipse.osgi.internal.loader.BundleLoader::findClass0@25 (line 470)
  0x00000120c7d9fe18: 4463 e4ff 

  0x00000120c7d9fe1c: ;   {other}
  0x00000120c7d9fe1c: 0f1f 8400 | 0c45 0037 | 4881 c470 | 0100 005d 

  0x00000120c7d9fe2c: ;   {poll_return}
  0x00000120c7d9fe2c: 493b a750 | 0400 000f | 87a5 0a00 | 00c3 488b | 9424 a800 | 0000 498b | 8700 0500 | 004d 33d2 
  0x00000120c7d9fe4c: 4d89 9700 | 0500 004d | 33d2 4d89 | 9708 0500 | 0048 8b9c | 24d0 0000 | 008b bc24 | b400 0000 
  0x00000120c7d9fe6c: 4c8b 8424 | a000 0000 

  0x00000120c7d9fe74: ;   {metadata(method data for {method} {0x00000120db58c878} 'findClass0' '(Ljava/lang/String;ZZ)Ljava/lang/Class;' in 'org/eclipse/osgi/internal/loader/BundleLoader')}
  0x00000120c7d9fe74: 4c8b ca48 | be80 707b | db20 0100 | 0048 8386 | 800c 0000 | 014c 8bcf 

  0x00000120c7d9fe8c: ;   {optimized virtual_call}
  0x00000120c7d9fe8c: 488b fbe8 

  0x00000120c7d9fe90: ; ImmutableOopMap {}
                      ;*invokespecial generateException {reexecute=0 rethrow=0 return_oop=0}
                      ; - org.eclipse.osgi.internal.loader.BundleLoader::findClass0@486 (line 564)
  0x00000120c7d9fe90: eceb 2007 

  0x00000120c7d9fe94: ;   {other}
  0x00000120c7d9fe94: 0f1f 8400 | 8445 0038 | 4881 c470 | 0100 005d 

  0x00000120c7d9fea4: ;   {poll_return}
  0x00000120c7d9fea4: 493b a750 | 0400 000f | 8743 0a00 | 00c3 498b | 8700 0500 | 004d 33d2 | 4d89 9700 | 0500 004d 
  0x00000120c7d9fec4: 33d2 4d89 | 9708 0500 | 0048 8bf0 | 488d 8424 | 5001 0000 | 488b 3848 | 85ff 0f84 | 0f00 0000 
  0x00000120c7d9fee4: 488b 5808 | f048 0fb1 | 3b0f 8517 | 0a00 0049 | ff8f 5005 | 0000 488b | c6e9 510a | 0000 498b 
  0x00000120c7d9ff04: 8700 0500 | 004d 33d2 | 4d89 9700 | 0500 004d | 33d2 4d89 | 9708 0500 | 0048 8bf0 | 488d 8424 
  0x00000120c7d9ff24: 5001 0000 | 488b 3848 | 85ff 0f84 | 0f00 0000 | 488b 5808 | f048 0fb1 | 3b0f 85dd | 0900 0049 
  0x00000120c7d9ff44: ff8f 5005 | 0000 488b | c6e9 010a 

  0x00000120c7d9ff50: ;   {metadata({method} {0x00000120db58c878} 'findClass0' '(Ljava/lang/String;ZZ)Ljava/lang/Class;' in 'org/eclipse/osgi/internal/loader/BundleLoader')}
  0x00000120c7d9ff50: 0000 49ba | 70c8 58db | 2001 0000 | 4c89 5424 | 0848 c704 | 24ff ffff 

  0x00000120c7d9ff68: ;   {runtime_call counter_overflow Runtime1 stub}
  0x00000120c7d9ff68: ffe8 920a 

  0x00000120c7d9ff6c: ; ImmutableOopMap {rdx=Oop r8=Oop [160]=Oop [168]=Oop }
                      ;*synchronization entry
                      ; - org.eclipse.osgi.internal.loader.BundleLoader::findClass0@-1 (line 466)
  0x00000120c7d9ff6c: 2d07 e9eb 

  0x00000120c7d9ff70: ;   {runtime_call throw_null_pointer_exception Runtime1 stub}
  0x00000120c7d9ff70: c2ff ffe8 

  0x00000120c7d9ff74: ; ImmutableOopMap {r8=Oop [160]=Oop [168]=Oop }
                      ;*invokevirtual startsWith {reexecute=0 rethrow=0 return_oop=0}
                      ; - org.eclipse.osgi.internal.loader.BundleLoader::findClass0@14 (line 466)
  0x00000120c7d9ff74: 889d 2c07 

  0x00000120c7d9ff78: ;   {metadata({method} {0x0000012080453e38} 'startsWith' '(Ljava/lang/String;)Z' in 'java/lang/String')}
  0x00000120c7d9ff78: 49ba 303e | 4580 2001 | 0000 4c89 | 5424 0848 | c704 24ff 

  0x00000120c7d9ff8c: ;   {runtime_call counter_overflow Runtime1 stub}
  0x00000120c7d9ff8c: ffff ffe8 

  0x00000120c7d9ff90: ; ImmutableOopMap {r8=Oop [160]=Oop [168]=Oop }
                      ;*synchronization entry
                      ; - java.lang.String::startsWith@-1
                      ; - org.eclipse.osgi.internal.loader.BundleLoader::findClass0@14 (line 466)
  0x00000120c7d9ff90: 6c0a 2d07 | e978 c3ff 

  0x00000120c7d9ff98: ;   {metadata({method} {0x00000120db58ac20} 'getPackageName' '(Ljava/lang/String;)Ljava/lang/String;' in 'org/eclipse/osgi/internal/loader/BundleLoader')}
  0x00000120c7d9ff98: ff49 ba18 | ac58 db20 | 0100 004c | 8954 2408 | 48c7 0424 | ffff ffff 

  0x00000120c7d9ffb0: ;   {runtime_call counter_overflow Runtime1 stub}
  0x00000120c7d9ffb0: e84b 0a2d 

  0x00000120c7d9ffb4: ; ImmutableOopMap {r8=Oop [160]=Oop [168]=Oop }
                      ;*synchronization entry
                      ; - org.eclipse.osgi.internal.loader.BundleLoader::getPackageName@-1 (line 142)
                      ; - org.eclipse.osgi.internal.loader.BundleLoader::findClass0@30 (line 473)
  0x00000120c7d9ffb4: 07e9 09c4 

  0x00000120c7d9ffb8: ;   {runtime_call throw_null_pointer_exception Runtime1 stub}
  0x00000120c7d9ffb8: ffff e841 

  0x00000120c7d9ffbc: ; ImmutableOopMap {r8=Oop [160]=Oop [168]=Oop }
                      ;*invokevirtual lastIndexOf {reexecute=0 rethrow=0 return_oop=0}
                      ; - org.eclipse.osgi.internal.loader.BundleLoader::getPackageName@7 (line 143)
                      ; - org.eclipse.osgi.internal.loader.BundleLoader::findClass0@30 (line 473)
                      ;   {metadata({method} {0x0000012080453d30} 'lastIndexOf' '(I)I' in 'java/lang/String')}
  0x00000120c7d9ffbc: 9d2c 0749 | ba28 3d45 | 8020 0100 | 004c 8954 | 2408 48c7 | 0424 ffff 

  0x00000120c7d9ffd4: ;   {runtime_call counter_overflow Runtime1 stub}
  0x00000120c7d9ffd4: ffff e825 

  0x00000120c7d9ffd8: ; ImmutableOopMap {r8=Oop [160]=Oop [168]=Oop }
                      ;*synchronization entry
                      ; - java.lang.String::lastIndexOf@-1
                      ; - org.eclipse.osgi.internal.loader.BundleLoader::getPackageName@7 (line 143)
                      ; - org.eclipse.osgi.internal.loader.BundleLoader::findClass0@30 (line 473)
  0x00000120c7d9ffd8: 0a2d 07e9 | 56c4 ffff 

  0x00000120c7d9ffe0: ;   {metadata({method} {0x000001208000ee90} 'length' '()I' in 'java/lang/String')}
  0x00000120c7d9ffe0: 49ba 88ee | 0080 2001 | 0000 4c89 | 5424 0848 | c704 24ff 

  0x00000120c7d9fff4: ;   {runtime_call counter_overflow Runtime1 stub}
  0x00000120c7d9fff4: ffff ffe8 

  0x00000120c7d9fff8: ; ImmutableOopMap {r8=Oop [160]=Oop [168]=Oop }
                      ;*synchronization entry
                      ; - java.lang.String::length@-1
                      ; - java.lang.String::lastIndexOf@3
                      ; - org.eclipse.osgi.internal.loader.BundleLoader::getPackageName@7 (line 143)
                      ; - org.eclipse.osgi.internal.loader.BundleLoader::findClass0@30 (line 473)
  0x00000120c7d9fff8: 040a 2d07 | e976 c4ff 

  0x00000120c7da0000: ;   {runtime_call throw_null_pointer_exception Runtime1 stub}
  0x00000120c7da0000: ffe8 fa9c 

  0x00000120c7da0004: ; ImmutableOopMap {r8=Oop [160]=Oop [168]=Oop }
                      ;*arraylength {reexecute=0 rethrow=0 return_oop=0}
                      ; - java.lang.String::length@4
                      ; - java.lang.String::lastIndexOf@3
                      ; - org.eclipse.osgi.internal.loader.BundleLoader::getPackageName@7 (line 143)
                      ; - org.eclipse.osgi.internal.loader.BundleLoader::findClass0@30 (line 473)
                      ;   {metadata({method} {0x0000012080455018} 'coder' '()B' in 'java/lang/String')}
  0x00000120c7da0004: 2c07 49ba | 1050 4580 | 2001 0000 | 4c89 5424 | 0848 c704 | 24ff ffff 

  0x00000120c7da001c: ;   {runtime_call counter_overflow Runtime1 stub}
  0x00000120c7da001c: ffe8 de09 

  0x00000120c7da0020: ; ImmutableOopMap {r8=Oop [160]=Oop [168]=Oop }
                      ;*synchronization entry
                      ; - java.lang.String::coder@-1
                      ; - java.lang.String::length@6
                      ; - java.lang.String::lastIndexOf@3
                      ; - org.eclipse.osgi.internal.loader.BundleLoader::getPackageName@7 (line 143)
                      ; - org.eclipse.osgi.internal.loader.BundleLoader::findClass0@30 (line 473)
  0x00000120c7da0020: 2d07 e994 

  0x00000120c7da0024: ;   {runtime_call throw_null_pointer_exception Runtime1 stub}
  0x00000120c7da0024: c4ff ffe8 

  0x00000120c7da0028: ; ImmutableOopMap {rsi=Oop rdx=Oop r8=Oop [160]=Oop [168]=Oop }
                      ;*invokevirtual loaderWithPackage {reexecute=0 rethrow=0 return_oop=0}
                      ; - org.eclipse.osgi.internal.loader.BundleLoader::findClass0@41 (line 474)
  0x00000120c7da0028: d49c 2c07 

  0x00000120c7da002c: ;   {metadata({method} {0x00000120db4e54e8} 'loaderWithPackage' '(Ljava/lang/String;)Ljava/lang/String;' in 'org/eclipse/osgi/internal/debug/Debug')}
  0x00000120c7da002c: 49ba e054 | 4edb 2001 | 0000 4c89 | 5424 0848 | c704 24ff 

  0x00000120c7da0040: ;   {runtime_call counter_overflow Runtime1 stub}
  0x00000120c7da0040: ffff ffe8 

  0x00000120c7da0044: ; ImmutableOopMap {rsi=Oop rdx=Oop r8=Oop [160]=Oop [168]=Oop }
                      ;*synchronization entry
                      ; - org.eclipse.osgi.internal.debug.Debug::loaderWithPackage@-1 (line 272)
                      ; - org.eclipse.osgi.internal.loader.BundleLoader::findClass0@41 (line 474)
  0x00000120c7da0044: b809 2d07 | e995 c5ff 

  0x00000120c7da004c: ;   {runtime_call throw_null_pointer_exception Runtime1 stub}
  0x00000120c7da004c: ffe8 ae9c 

  0x00000120c7da0050: ; ImmutableOopMap {rsi=Oop rdi=Oop [160]=Oop [168]=Oop }
                      ;*invokeinterface contains {reexecute=0 rethrow=0 return_oop=0}
                      ; - org.eclipse.osgi.internal.debug.Debug::loaderWithPackage@22 (line 275)
                      ; - org.eclipse.osgi.internal.loader.BundleLoader::findClass0@41 (line 474)
                      ;   {metadata(nullptr)}
  0x00000120c7da0050: 2c07 48ba | 0000 0000 | 0000 0000 | b800 0f05 

  0x00000120c7da0060: ;   {runtime_call load_klass_patching Runtime1 stub}
  0x00000120c7da0060: 0ae8 1aed 

  0x00000120c7da0064: ; ImmutableOopMap {r9=Oop [160]=Oop [168]=Oop [184]=Oop [200]=Oop [208]=Oop }
                      ;*new {reexecute=1 rethrow=0 return_oop=0}
                      ; - (reexecute) org.eclipse.osgi.internal.loader.BundleLoader::findClass0@57 (line 476)
  0x00000120c7da0064: 2c07 e955 | c7ff ff48 

  0x00000120c7da006c: ;   {runtime_call fast_new_instance Runtime1 stub}
  0x00000120c7da006c: 8bd2 e88d 

  0x00000120c7da0070: ; ImmutableOopMap {r9=Oop [160]=Oop [168]=Oop [184]=Oop [200]=Oop [208]=Oop }
                      ;*new {reexecute=0 rethrow=0 return_oop=0}
                      ; - org.eclipse.osgi.internal.loader.BundleLoader::findClass0@57 (line 476)
  0x00000120c7da0070: a52c 07e9 | 98c7 ffff 

  0x00000120c7da0078: ;   {metadata({method} {0x0000012080461da8} '<init>' '(Ljava/lang/String;)V' in 'java/lang/StringBuilder')}
  0x00000120c7da0078: 49ba a01d | 4680 2001 | 0000 4c89 | 5424 0848 | c704 24ff 

  0x00000120c7da008c: ;   {runtime_call counter_overflow Runtime1 stub}
  0x00000120c7da008c: ffff ffe8 

  0x00000120c7da0090: ; ImmutableOopMap {r9=Oop rax=Oop [160]=Oop [168]=Oop [184]=Oop [192]=Oop [200]=Oop [208]=Oop }
                      ;*synchronization entry
                      ; - java.lang.StringBuilder::<init>@-1
                      ; - org.eclipse.osgi.internal.loader.BundleLoader::findClass0@64 (line 476)
  0x00000120c7da0090: 6c09 2d07 | e9bd c7ff 

  0x00000120c7da0098: ;   {metadata({method} {0x0000012080461b40} 'append' '(Ljava/lang/Object;)Ljava/lang/StringBuilder;' in 'java/lang/StringBuilder')}
  0x00000120c7da0098: ff49 ba38 | 1b46 8020 | 0100 004c | 8954 2408 | 48c7 0424 | ffff ffff 

  0x00000120c7da00b0: ;   {runtime_call counter_overflow Runtime1 stub}
  0x00000120c7da00b0: e84b 092d 

  0x00000120c7da00b4: ; ImmutableOopMap {[160]=Oop [168]=Oop [184]=Oop [192]=Oop [200]=Oop [208]=Oop }
                      ;*synchronization entry
                      ; - java.lang.StringBuilder::append@-1
                      ; - org.eclipse.osgi.internal.loader.BundleLoader::findClass0@68 (line 476)
  0x00000120c7da00b4: 07e9 13c8 

  0x00000120c7da00b8: ;   {metadata({method} {0x0000012080455280} 'valueOf' '(Ljava/lang/Object;)Ljava/lang/String;' in 'java/lang/String')}
  0x00000120c7da00b8: ffff 49ba | 7852 4580 | 2001 0000 | 4c89 5424 | 0848 c704 | 24ff ffff 

  0x00000120c7da00d0: ;   {runtime_call counter_overflow Runtime1 stub}
  0x00000120c7da00d0: ffe8 2a09 

  0x00000120c7da00d4: ; ImmutableOopMap {[160]=Oop [168]=Oop [184]=Oop [192]=Oop [200]=Oop [208]=Oop }
                      ;*synchronization entry
                      ; - java.lang.String::valueOf@-1
                      ; - java.lang.StringBuilder::append@2
                      ; - org.eclipse.osgi.internal.loader.BundleLoader::findClass0@68 (line 476)
  0x00000120c7da00d4: 2d07 e92b 

  0x00000120c7da00d8: ;   {metadata({method} {0x0000012080461ae8} 'append' '(Ljava/lang/String;)Ljava/lang/StringBuilder;' in 'java/lang/StringBuilder')}
  0x00000120c7da00d8: c8ff ff49 | bae0 1a46 | 8020 0100 | 004c 8954 | 2408 48c7 | 0424 ffff 

  0x00000120c7da00f0: ;   {runtime_call counter_overflow Runtime1 stub}
  0x00000120c7da00f0: ffff e809 

  0x00000120c7da00f4: ; ImmutableOopMap {rax=Oop [160]=Oop [168]=Oop [184]=Oop [192]=Oop [200]=Oop [208]=Oop }
                      ;*synchronization entry
                      ; - java.lang.StringBuilder::append@-1
                      ; - java.lang.StringBuilder::append@5
                      ; - org.eclipse.osgi.internal.loader.BundleLoader::findClass0@68 (line 476)
  0x00000120c7da00f4: 092d 07e9 | 0bc9 ffff 

  0x00000120c7da00fc: ;   {metadata({method} {0x0000012080461ae8} 'append' '(Ljava/lang/String;)Ljava/lang/StringBuilder;' in 'java/lang/StringBuilder')}
  0x00000120c7da00fc: 49ba e01a | 4680 2001 | 0000 4c89 | 5424 0848 | c704 24ff 

  0x00000120c7da0110: ;   {runtime_call counter_overflow Runtime1 stub}
  0x00000120c7da0110: ffff ffe8 

  0x00000120c7da0114: ; ImmutableOopMap {rax=Oop [160]=Oop [168]=Oop [184]=Oop [192]=Oop [200]=Oop [208]=Oop }
                      ;*synchronization entry
                      ; - java.lang.StringBuilder::append@-1
                      ; - org.eclipse.osgi.internal.loader.BundleLoader::findClass0@74 (line 476)
  0x00000120c7da0114: e808 2d07 | e965 c9ff 

  0x00000120c7da011c: ;   {metadata({method} {0x0000012080461ae8} 'append' '(Ljava/lang/String;)Ljava/lang/StringBuilder;' in 'java/lang/StringBuilder')}
  0x00000120c7da011c: ff49 bae0 | 1a46 8020 | 0100 004c | 8954 2408 | 48c7 0424 | ffff ffff 

  0x00000120c7da0134: ;   {runtime_call counter_overflow Runtime1 stub}
  0x00000120c7da0134: e8c7 082d 

  0x00000120c7da0138: ; ImmutableOopMap {[160]=Oop [168]=Oop [184]=Oop [192]=Oop [200]=Oop [208]=Oop }
                      ;*synchronization entry
                      ; - java.lang.StringBuilder::append@-1
                      ; - org.eclipse.osgi.internal.loader.BundleLoader::findClass0@78 (line 476)
  0x00000120c7da0138: 07e9 b9c9 

  0x00000120c7da013c: ;   {metadata({method} {0x0000012080461ae8} 'append' '(Ljava/lang/String;)Ljava/lang/StringBuilder;' in 'java/lang/StringBuilder')}
  0x00000120c7da013c: ffff 49ba | e01a 4680 | 2001 0000 | 4c89 5424 | 0848 c704 | 24ff ffff 

  0x00000120c7da0154: ;   {runtime_call counter_overflow Runtime1 stub}
  0x00000120c7da0154: ffe8 a608 

  0x00000120c7da0158: ; ImmutableOopMap {[160]=Oop [168]=Oop [184]=Oop [192]=Oop [200]=Oop [208]=Oop }
                      ;*synchronization entry
                      ; - java.lang.StringBuilder::append@-1
                      ; - org.eclipse.osgi.internal.loader.BundleLoader::findClass0@84 (line 476)
  0x00000120c7da0158: 2d07 e918 

  0x00000120c7da015c: ;   {metadata({method} {0x0000012080008958} 'toString' '()Ljava/lang/String;' in 'java/lang/StringBuilder')}
  0x00000120c7da015c: caff ff49 | ba50 8900 | 8020 0100 | 004c 8954 | 2408 48c7 | 0424 ffff 

  0x00000120c7da0174: ;   {runtime_call counter_overflow Runtime1 stub}
  0x00000120c7da0174: ffff e885 

  0x00000120c7da0178: ; ImmutableOopMap {[160]=Oop [168]=Oop [184]=Oop [192]=Oop [200]=Oop [208]=Oop }
                      ;*synchronization entry
                      ; - java.lang.StringBuilder::toString@-1
                      ; - org.eclipse.osgi.internal.loader.BundleLoader::findClass0@87 (line 476)
  0x00000120c7da0178: 082d 07e9 | 75ca ffff 

  0x00000120c7da0180: ;   {runtime_call fast_new_instance Runtime1 stub}
  0x00000120c7da0180: 488b d2e8 

  0x00000120c7da0184: ; ImmutableOopMap {[160]=Oop [168]=Oop [184]=Oop [192]=Oop [200]=Oop [208]=Oop }
                      ;*new {reexecute=0 rethrow=0 return_oop=0}
                      ; - java.lang.StringBuilder::toString@0
                      ; - org.eclipse.osgi.internal.loader.BundleLoader::findClass0@87 (line 476)
  0x00000120c7da0184: 78a4 2c07 | e9b8 caff 

  0x00000120c7da018c: ;   {metadata({method} {0x0000012080455dd8} '<init>' '(Ljava/lang/StringBuilder;)V' in 'java/lang/String')}
  0x00000120c7da018c: ff49 bad0 | 5d45 8020 | 0100 004c | 8954 2408 | 48c7 0424 | ffff ffff 

  0x00000120c7da01a4: ;   {runtime_call counter_overflow Runtime1 stub}
  0x00000120c7da01a4: e857 082d 

  0x00000120c7da01a8: ; ImmutableOopMap {rax=Oop [160]=Oop [168]=Oop [184]=Oop [192]=Oop [200]=Oop [208]=Oop }
                      ;*synchronization entry
                      ; - java.lang.String::<init>@-1
                      ; - java.lang.StringBuilder::toString@5
                      ; - org.eclipse.osgi.internal.loader.BundleLoader::findClass0@87 (line 476)
  0x00000120c7da01a8: 07e9 d8ca 

  0x00000120c7da01ac: ;   {runtime_call throw_null_pointer_exception Runtime1 stub}
  0x00000120c7da01ac: ffff e84d 

  0x00000120c7da01b0: ; ImmutableOopMap {r9=Oop [160]=Oop [168]=Oop [184]=Oop [200]=Oop [208]=Oop [216]=Oop }
                      ;*invokevirtual trace {reexecute=0 rethrow=0 return_oop=0}
                      ; - org.eclipse.osgi.internal.loader.BundleLoader::findClass0@90 (line 476)
                      ;   {metadata({method} {0x00000120db4e5400} 'trace' '(Ljava/lang/String;Ljava/lang/String;)V' in 'org/eclipse/osgi/internal/debug/Debug')}
  0x00000120c7da01b0: 9b2c 0749 | baf8 534e | db20 0100 | 004c 8954 | 2408 48c7 | 0424 ffff 

  0x00000120c7da01c8: ;   {runtime_call counter_overflow Runtime1 stub}
  0x00000120c7da01c8: ffff e831 

  0x00000120c7da01cc: ; ImmutableOopMap {r9=Oop [160]=Oop [168]=Oop [184]=Oop [200]=Oop [208]=Oop [216]=Oop }
                      ;*synchronization entry
                      ; - org.eclipse.osgi.internal.debug.Debug::trace@-1 (line 256)
                      ; - org.eclipse.osgi.internal.loader.BundleLoader::findClass0@90 (line 476)
  0x00000120c7da01cc: 082d 07e9 | 52cb ffff 

  0x00000120c7da01d4: ;   {runtime_call throw_incompatible_class_change_error Runtime1 stub}
  0x00000120c7da01d4: e827 ca2c 

  0x00000120c7da01d8: ; ImmutableOopMap {rdx=Oop [160]=Oop [168]=Oop [184]=Oop [208]=Oop [216]=Oop }
                      ;*invokeinterface getLogger {reexecute=0 rethrow=0 return_oop=0}
                      ; - org.eclipse.osgi.internal.debug.Debug::trace@11 (line 265)
                      ; - org.eclipse.osgi.internal.loader.BundleLoader::findClass0@90 (line 476)
                      ;   {runtime_call throw_null_pointer_exception Runtime1 stub}
  0x00000120c7da01d8: 07e8 229b 

  0x00000120c7da01dc: ; ImmutableOopMap {rdx=Oop [160]=Oop [168]=Oop [184]=Oop [208]=Oop [216]=Oop }
                      ;*invokeinterface getLogger {reexecute=0 rethrow=0 return_oop=0}
                      ; - org.eclipse.osgi.internal.debug.Debug::trace@11 (line 265)
                      ; - org.eclipse.osgi.internal.loader.BundleLoader::findClass0@90 (line 476)
                      ;   {metadata({method} {0x00000120db50ca90} 'getLogger' '(Ljava/lang/String;)Lorg/osgi/service/log/Logger;' in 'org/eclipse/osgi/internal/log/ExtendedLogServiceImpl')}
  0x00000120c7da01dc: 2c07 49ba | 88ca 50db | 2001 0000 | 4c89 5424 | 0848 c704 | 24ff ffff 

  0x00000120c7da01f4: ;   {runtime_call counter_overflow Runtime1 stub}
  0x00000120c7da01f4: ffe8 0608 

  0x00000120c7da01f8: ; ImmutableOopMap {rdx=Oop [160]=Oop [168]=Oop [184]=Oop [208]=Oop [216]=Oop }
                      ;*synchronization entry
                      ; - org.eclipse.osgi.internal.log.ExtendedLogServiceImpl::getLogger@-1 (line 1)
                      ; - org.eclipse.osgi.internal.debug.Debug::trace@11 (line 265)
                      ; - org.eclipse.osgi.internal.loader.BundleLoader::findClass0@90 (line 476)
  0x00000120c7da01f8: 2d07 e9e4 

  0x00000120c7da01fc: ;   {metadata({method} {0x00000120db50a318} 'getLogger' '(Ljava/lang/String;)Lorg/eclipse/equinox/log/Logger;' in 'org/eclipse/osgi/internal/log/ExtendedLogServiceImpl')}
  0x00000120c7da01fc: cbff ff49 | ba10 a350 | db20 0100 | 004c 8954 | 2408 48c7 | 0424 ffff 

  0x00000120c7da0214: ;   {runtime_call counter_overflow Runtime1 stub}
  0x00000120c7da0214: ffff e8e5 

  0x00000120c7da0218: ; ImmutableOopMap {rdx=Oop [160]=Oop [168]=Oop [184]=Oop [208]=Oop [216]=Oop }
                      ;*synchronization entry
                      ; - org.eclipse.osgi.internal.log.ExtendedLogServiceImpl::getLogger@-1 (line 73)
                      ; - org.eclipse.osgi.internal.log.ExtendedLogServiceImpl::getLogger@2 (line 1)
                      ; - org.eclipse.osgi.internal.debug.Debug::trace@11 (line 265)
                      ; - org.eclipse.osgi.internal.loader.BundleLoader::findClass0@90 (line 476)
  0x00000120c7da0218: 072d 07e9 | 15cc ffff | 4889 0424 

  0x00000120c7da0224: ;   {runtime_call throw_class_cast_exception Runtime1 stub}
  0x00000120c7da0224: e8d7 c22c 

  0x00000120c7da0228: ; ImmutableOopMap {[160]=Oop [168]=Oop [184]=Oop [208]=Oop [216]=Oop }
                      ;*checkcast {reexecute=0 rethrow=0 return_oop=0}
                      ; - org.eclipse.osgi.internal.log.ExtendedLogServiceImpl::getLogger@7 (line 73)
                      ; - org.eclipse.osgi.internal.log.ExtendedLogServiceImpl::getLogger@2 (line 1)
                      ; - org.eclipse.osgi.internal.debug.Debug::trace@11 (line 265)
                      ; - org.eclipse.osgi.internal.loader.BundleLoader::findClass0@90 (line 476)
                      ;   {runtime_call throw_null_pointer_exception Runtime1 stub}
  0x00000120c7da0228: 07e8 d29a 

  0x00000120c7da022c: ; ImmutableOopMap {rdx=Oop [160]=Oop [168]=Oop [184]=Oop [208]=Oop [216]=Oop }
                      ;*invokeinterface debug {reexecute=0 rethrow=0 return_oop=0}
                      ; - org.eclipse.osgi.internal.debug.Debug::trace@17 (line 265)
                      ; - org.eclipse.osgi.internal.loader.BundleLoader::findClass0@90 (line 476)
                      ;   {runtime_call throw_null_pointer_exception Runtime1 stub}
  0x00000120c7da022c: 2c07 e8cd 

  0x00000120c7da0230: ; ImmutableOopMap {rax=Oop rdx=Oop [160]=Oop [168]=Oop [184]=Oop [208]=Oop }
                      ;*invokevirtual println {reexecute=0 rethrow=0 return_oop=0}
                      ; - org.eclipse.osgi.internal.debug.Debug::trace@29 (line 267)
                      ; - org.eclipse.osgi.internal.loader.BundleLoader::findClass0@90 (line 476)
                      ;   {runtime_call throw_null_pointer_exception Runtime1 stub}
  0x00000120c7da0230: 9a2c 07e8 

  0x00000120c7da0234: ; ImmutableOopMap {rdx=Oop rsi=Oop [160]=Oop [168]=Oop [184]=Oop [208]=Oop }
                      ;*invokevirtual isBootDelegationPackage {reexecute=0 rethrow=0 return_oop=0}
                      ; - org.eclipse.osgi.internal.loader.BundleLoader::findClass0@113 (line 480)
  0x00000120c7da0234: c89a 2c07 

  0x00000120c7da0238: ;   {runtime_call throw_null_pointer_exception Runtime1 stub}
  0x00000120c7da0238: e8c3 9a2c 

  0x00000120c7da023c: ; ImmutableOopMap {rdx=Oop rsi=Oop [160]=Oop [168]=Oop [184]=Oop [208]=Oop }
                      ;*invokevirtual loadClass {reexecute=0 rethrow=0 return_oop=0}
                      ; - org.eclipse.osgi.internal.loader.BundleLoader::findClass0@124 (line 484)
                      ;   {metadata({method} {0x00000120800143f0} 'loadClass' '(Ljava/lang/String;)Ljava/lang/Class;' in 'java/lang/ClassLoader')}
  0x00000120c7da023c: 0749 bae8 | 4301 8020 | 0100 004c | 8954 2408 | 48c7 0424 | ffff ffff 

  0x00000120c7da0254: ;   {runtime_call counter_overflow Runtime1 stub}
  0x00000120c7da0254: e8a7 072d 

  0x00000120c7da0258: ; ImmutableOopMap {rdx=Oop rsi=Oop [160]=Oop [168]=Oop [184]=Oop [208]=Oop }
                      ;*synchronization entry
                      ; - java.lang.ClassLoader::loadClass@-1
                      ; - org.eclipse.osgi.internal.loader.BundleLoader::findClass0@124 (line 484)
  0x00000120c7da0258: 07e9 0cd0 

  0x00000120c7da025c: ;   {internal_word}
  0x00000120c7da025c: ffff 49ba | 34d3 d9c7 | 2001 0000 | 4d89 9768 

  0x00000120c7da026c: ;   {runtime_call SafepointBlob}
  0x00000120c7da026c: 0400 00e9 | 0c52 2107 | 4889 0424 

  0x00000120c7da0278: ;   {runtime_call throw_class_cast_exception Runtime1 stub}
  0x00000120c7da0278: e883 c22c 

  0x00000120c7da027c: ; ImmutableOopMap {[160]=Oop [168]=Oop [184]=Oop [208]=Oop }
                      ;*checkcast {reexecute=0 rethrow=0 return_oop=0}
                      ; - org.eclipse.osgi.internal.loader.BundleLoader::findClass0@142 (line 492)
                      ;   {metadata({method} {0x00000120db58f618} 'findImportedSource' '(Ljava/lang/String;Ljava/util/Collection;)Lorg/eclipse/osgi/internal/loader/sources/PackageSource;' in 'org/eclipse/osgi/internal/loader/BundleLoader')}
  0x00000120c7da027c: 0749 ba10 | f658 db20 | 0100 004c | 8954 2408 | 48c7 0424 | ffff ffff 

  0x00000120c7da0294: ;   {runtime_call counter_overflow Runtime1 stub}
  0x00000120c7da0294: e867 072d 

  0x00000120c7da0298: ; ImmutableOopMap {[160]=Oop [168]=Oop [184]=Oop [208]=Oop [232]=Oop }
                      ;*synchronization entry
                      ; - org.eclipse.osgi.internal.loader.BundleLoader::findImportedSource@-1 (line 1251)
                      ; - org.eclipse.osgi.internal.loader.BundleLoader::findClass0@164 (line 499)
  0x00000120c7da0298: 07e9 abd2 

  0x00000120c7da029c: ;   {runtime_call throw_null_pointer_exception Runtime1 stub}
  0x00000120c7da029c: ffff e85d 

  0x00000120c7da02a0: ; ImmutableOopMap {rsi=Oop [160]=Oop [168]=Oop [184]=Oop [208]=Oop [232]=Oop }
                      ;*monitorenter {reexecute=0 rethrow=0 return_oop=0}
                      ; - org.eclipse.osgi.internal.loader.BundleLoader::findImportedSource@10 (line 1252)
                      ; - org.eclipse.osgi.internal.loader.BundleLoader::findClass0@164 (line 499)
  0x00000120c7da02a0: 9a2c 0748 | 8974 2408 | 4c89 0424 

  0x00000120c7da02ac: ;   {runtime_call monitorenter_nofpu Runtime1 stub}
  0x00000120c7da02ac: e84f d62c 

  0x00000120c7da02b0: ; ImmutableOopMap {rsi=Oop [160]=Oop [168]=Oop [184]=Oop [208]=Oop [232]=Oop [344]=Oop }
                      ;*monitorenter {reexecute=0 rethrow=0 return_oop=0}
                      ; - org.eclipse.osgi.internal.loader.BundleLoader::findImportedSource@10 (line 1252)
                      ; - org.eclipse.osgi.internal.loader.BundleLoader::findClass0@164 (line 499)
  0x00000120c7da02b0: 07e9 0bd3 | ffff 4889 

  0x00000120c7da02b8: ;   {runtime_call throw_class_cast_exception Runtime1 stub}
  0x00000120c7da02b8: 0424 e841 

  0x00000120c7da02bc: ; ImmutableOopMap {[160]=Oop [168]=Oop [184]=Oop [208]=Oop [232]=Oop [240]=Oop [344]=Oop }
                      ;*checkcast {reexecute=0 rethrow=0 return_oop=0}
                      ; - org.eclipse.osgi.internal.loader.BundleLoader::findImportedSource@18 (line 1253)
                      ; - org.eclipse.osgi.internal.loader.BundleLoader::findClass0@164 (line 499)
  0x00000120c7da02bc: c22c 0748 | 8d84 2450 | 0100 0048 

  0x00000120c7da02c8: ;   {runtime_call monitorexit_nofpu Runtime1 stub}
  0x00000120c7da02c8: 8904 24e8 | 30dc 2c07 | e9cc d4ff 

  0x00000120c7da02d4: ;   {metadata(nullptr)}
  0x00000120c7da02d4: ff48 ba00 | 0000 0000 | 0000 00b8 | 000f 050a 

  0x00000120c7da02e4: ;   {runtime_call load_klass_patching Runtime1 stub}
  0x00000120c7da02e4: e897 ea2c 

  0x00000120c7da02e8: ; ImmutableOopMap {r11=Oop [160]=Oop [168]=Oop [208]=Oop [256]=Oop [264]=Oop }
                      ;*new {reexecute=1 rethrow=0 return_oop=0}
                      ; - (reexecute) org.eclipse.osgi.internal.loader.BundleLoader::findClass0@185 (line 502)
  0x00000120c7da02e8: 07e9 3ad5 | ffff 488b 

  0x00000120c7da02f0: ;   {runtime_call fast_new_instance Runtime1 stub}
  0x00000120c7da02f0: d2e8 0aa3 

  0x00000120c7da02f4: ; ImmutableOopMap {r11=Oop [160]=Oop [168]=Oop [208]=Oop [256]=Oop [264]=Oop }
                      ;*new {reexecute=0 rethrow=0 return_oop=0}
                      ; - org.eclipse.osgi.internal.loader.BundleLoader::findClass0@185 (line 502)
  0x00000120c7da02f4: 2c07 e97d 

  0x00000120c7da02f8: ;   {metadata({method} {0x0000012080461da8} '<init>' '(Ljava/lang/String;)V' in 'java/lang/StringBuilder')}
  0x00000120c7da02f8: d5ff ff49 | baa0 1d46 | 8020 0100 | 004c 8954 | 2408 48c7 | 0424 ffff 

  0x00000120c7da0310: ;   {runtime_call counter_overflow Runtime1 stub}
  0x00000120c7da0310: ffff e8e9 

  0x00000120c7da0314: ; ImmutableOopMap {r11=Oop rax=Oop [160]=Oop [168]=Oop [208]=Oop [256]=Oop [264]=Oop }
                      ;*synchronization entry
                      ; - java.lang.StringBuilder::<init>@-1
                      ; - org.eclipse.osgi.internal.loader.BundleLoader::findClass0@192 (line 502)
  0x00000120c7da0314: 062d 07e9 | 9ad5 ffff 

  0x00000120c7da031c: ;   {metadata({method} {0x0000012080461b40} 'append' '(Ljava/lang/Object;)Ljava/lang/StringBuilder;' in 'java/lang/StringBuilder')}
  0x00000120c7da031c: 49ba 381b | 4680 2001 | 0000 4c89 | 5424 0848 | c704 24ff 

  0x00000120c7da0330: ;   {runtime_call counter_overflow Runtime1 stub}
  0x00000120c7da0330: ffff ffe8 

  0x00000120c7da0334: ; ImmutableOopMap {[160]=Oop [168]=Oop [208]=Oop [248]=Oop [256]=Oop [264]=Oop }
                      ;*synchronization entry
                      ; - java.lang.StringBuilder::append@-1
                      ; - org.eclipse.osgi.internal.loader.BundleLoader::findClass0@196 (line 502)
  0x00000120c7da0334: c806 2d07 | e9f8 d5ff 

  0x00000120c7da033c: ;   {metadata({method} {0x0000012080455280} 'valueOf' '(Ljava/lang/Object;)Ljava/lang/String;' in 'java/lang/String')}
  0x00000120c7da033c: ff49 ba78 | 5245 8020 | 0100 004c | 8954 2408 | 48c7 0424 | ffff ffff 

  0x00000120c7da0354: ;   {runtime_call counter_overflow Runtime1 stub}
  0x00000120c7da0354: e8a7 062d 

  0x00000120c7da0358: ; ImmutableOopMap {[160]=Oop [168]=Oop [208]=Oop [248]=Oop [256]=Oop [264]=Oop }
                      ;*synchronization entry
                      ; - java.lang.String::valueOf@-1
                      ; - java.lang.StringBuilder::append@2
                      ; - org.eclipse.osgi.internal.loader.BundleLoader::findClass0@196 (line 502)
  0x00000120c7da0358: 07e9 10d6 

  0x00000120c7da035c: ;   {metadata({method} {0x0000012080461ae8} 'append' '(Ljava/lang/String;)Ljava/lang/StringBuilder;' in 'java/lang/StringBuilder')}
  0x00000120c7da035c: ffff 49ba | e01a 4680 | 2001 0000 | 4c89 5424 | 0848 c704 | 24ff ffff 

  0x00000120c7da0374: ;   {runtime_call counter_overflow Runtime1 stub}
  0x00000120c7da0374: ffe8 8606 

  0x00000120c7da0378: ; ImmutableOopMap {rax=Oop [160]=Oop [168]=Oop [208]=Oop [248]=Oop [256]=Oop [264]=Oop }
                      ;*synchronization entry
                      ; - java.lang.StringBuilder::append@-1
                      ; - java.lang.StringBuilder::append@5
                      ; - org.eclipse.osgi.internal.loader.BundleLoader::findClass0@196 (line 502)
  0x00000120c7da0378: 2d07 e9f0 

  0x00000120c7da037c: ;   {metadata({method} {0x0000012080461ae8} 'append' '(Ljava/lang/String;)Ljava/lang/StringBuilder;' in 'java/lang/StringBuilder')}
  0x00000120c7da037c: d6ff ff49 | bae0 1a46 | 8020 0100 | 004c 8954 | 2408 48c7 | 0424 ffff 

  0x00000120c7da0394: ;   {runtime_call counter_overflow Runtime1 stub}
  0x00000120c7da0394: ffff e865 

  0x00000120c7da0398: ; ImmutableOopMap {[160]=Oop [168]=Oop [208]=Oop [248]=Oop [256]=Oop [264]=Oop }
                      ;*synchronization entry
                      ; - java.lang.StringBuilder::append@-1
                      ; - org.eclipse.osgi.internal.loader.BundleLoader::findClass0@202 (line 502)
  0x00000120c7da0398: 062d 07e9 | 47d7 ffff 

  0x00000120c7da03a0: ;   {metadata({method} {0x0000012080461b40} 'append' '(Ljava/lang/Object;)Ljava/lang/StringBuilder;' in 'java/lang/StringBuilder')}
  0x00000120c7da03a0: 49ba 381b | 4680 2001 | 0000 4c89 | 5424 0848 | c704 24ff 

  0x00000120c7da03b4: ;   {runtime_call counter_overflow Runtime1 stub}
  0x00000120c7da03b4: ffff ffe8 

  0x00000120c7da03b8: ; ImmutableOopMap {[160]=Oop [168]=Oop [208]=Oop [248]=Oop [256]=Oop [264]=Oop }
                      ;*synchronization entry
                      ; - java.lang.StringBuilder::append@-1
                      ; - org.eclipse.osgi.internal.loader.BundleLoader::findClass0@207 (line 502)
  0x00000120c7da03b8: 4406 2d07 | e9a4 d7ff 

  0x00000120c7da03c0: ;   {metadata({method} {0x0000012080455280} 'valueOf' '(Ljava/lang/Object;)Ljava/lang/String;' in 'java/lang/String')}
  0x00000120c7da03c0: ff49 ba78 | 5245 8020 | 0100 004c | 8954 2408 | 48c7 0424 | ffff ffff 

  0x00000120c7da03d8: ;   {runtime_call counter_overflow Runtime1 stub}
  0x00000120c7da03d8: e823 062d 

  0x00000120c7da03dc: ; ImmutableOopMap {[160]=Oop [168]=Oop [208]=Oop [248]=Oop [256]=Oop [264]=Oop }
                      ;*synchronization entry
                      ; - java.lang.String::valueOf@-1
                      ; - java.lang.StringBuilder::append@2
                      ; - org.eclipse.osgi.internal.loader.BundleLoader::findClass0@207 (line 502)
  0x00000120c7da03dc: 07e9 bcd7 

  0x00000120c7da03e0: ;   {runtime_call throw_null_pointer_exception Runtime1 stub}
  0x00000120c7da03e0: ffff e819 

  0x00000120c7da03e4: ; ImmutableOopMap {rbx=Oop [160]=Oop [168]=Oop [208]=Oop [248]=Oop [256]=Oop [264]=Oop }
                      ;*invokevirtual toString {reexecute=0 rethrow=0 return_oop=0}
                      ; - java.lang.String::valueOf@11
                      ; - java.lang.StringBuilder::append@2
                      ; - org.eclipse.osgi.internal.loader.BundleLoader::findClass0@207 (line 502)
                      ;   {metadata({method} {0x0000012080461ae8} 'append' '(Ljava/lang/String;)Ljava/lang/StringBuilder;' in 'java/lang/StringBuilder')}
  0x00000120c7da03e4: 992c 0749 | bae0 1a46 | 8020 0100 | 004c 8954 | 2408 48c7 | 0424 ffff 

  0x00000120c7da03fc: ;   {runtime_call counter_overflow Runtime1 stub}
  0x00000120c7da03fc: ffff e8fd 

  0x00000120c7da0400: ; ImmutableOopMap {rsi=Oop [160]=Oop [168]=Oop [208]=Oop [248]=Oop [256]=Oop [264]=Oop }
                      ;*synchronization entry
                      ; - java.lang.StringBuilder::append@-1
                      ; - java.lang.StringBuilder::append@5
                      ; - org.eclipse.osgi.internal.loader.BundleLoader::findClass0@207 (line 502)
  0x00000120c7da0400: 052d 07e9 | dad8 ffff 

  0x00000120c7da0408: ;   {metadata({method} {0x0000012080008958} 'toString' '()Ljava/lang/String;' in 'java/lang/StringBuilder')}
  0x00000120c7da0408: 49ba 5089 | 0080 2001 | 0000 4c89 | 5424 0848 | c704 24ff 

  0x00000120c7da041c: ;   {runtime_call counter_overflow Runtime1 stub}
  0x00000120c7da041c: ffff ffe8 

  0x00000120c7da0420: ; ImmutableOopMap {r8=Oop [160]=Oop [168]=Oop [208]=Oop [256]=Oop [264]=Oop }
                      ;*synchronization entry
                      ; - java.lang.StringBuilder::toString@-1
                      ; - org.eclipse.osgi.internal.loader.BundleLoader::findClass0@210 (line 502)
  0x00000120c7da0420: dc05 2d07 | e92f d9ff | ff48 8bd2 

  0x00000120c7da042c: ;   {runtime_call fast_new_instance Runtime1 stub}
  0x00000120c7da042c: e8cf a12c 

  0x00000120c7da0430: ; ImmutableOopMap {r8=Oop [160]=Oop [168]=Oop [208]=Oop [256]=Oop [264]=Oop }
                      ;*new {reexecute=0 rethrow=0 return_oop=0}
                      ; - java.lang.StringBuilder::toString@0
                      ; - org.eclipse.osgi.internal.loader.BundleLoader::findClass0@210 (line 502)
  0x00000120c7da0430: 07e9 72d9 

  0x00000120c7da0434: ;   {metadata({method} {0x0000012080455dd8} '<init>' '(Ljava/lang/StringBuilder;)V' in 'java/lang/String')}
  0x00000120c7da0434: ffff 49ba | d05d 4580 | 2001 0000 | 4c89 5424 | 0848 c704 | 24ff ffff 

  0x00000120c7da044c: ;   {runtime_call counter_overflow Runtime1 stub}
  0x00000120c7da044c: ffe8 ae05 

  0x00000120c7da0450: ; ImmutableOopMap {r8=Oop rax=Oop [160]=Oop [168]=Oop [208]=Oop [256]=Oop [264]=Oop }
                      ;*synchronization entry
                      ; - java.lang.String::<init>@-1
                      ; - java.lang.StringBuilder::toString@5
                      ; - org.eclipse.osgi.internal.loader.BundleLoader::findClass0@210 (line 502)
  0x00000120c7da0450: 2d07 e98f 

  0x00000120c7da0454: ;   {runtime_call throw_null_pointer_exception Runtime1 stub}
  0x00000120c7da0454: d9ff ffe8 

  0x00000120c7da0458: ; ImmutableOopMap {r11=Oop [160]=Oop [168]=Oop [208]=Oop [256]=Oop [264]=Oop [272]=Oop }
                      ;*invokevirtual trace {reexecute=0 rethrow=0 return_oop=0}
                      ; - org.eclipse.osgi.internal.loader.BundleLoader::findClass0@213 (line 502)
  0x00000120c7da0458: a498 2c07 

  0x00000120c7da045c: ;   {metadata({method} {0x00000120db4e5400} 'trace' '(Ljava/lang/String;Ljava/lang/String;)V' in 'org/eclipse/osgi/internal/debug/Debug')}
  0x00000120c7da045c: 49ba f853 | 4edb 2001 | 0000 4c89 | 5424 0848 | c704 24ff 

  0x00000120c7da0470: ;   {runtime_call counter_overflow Runtime1 stub}
  0x00000120c7da0470: ffff ffe8 

  0x00000120c7da0474: ; ImmutableOopMap {r11=Oop [160]=Oop [168]=Oop [208]=Oop [256]=Oop [264]=Oop [272]=Oop }
                      ;*synchronization entry
                      ; - org.eclipse.osgi.internal.debug.Debug::trace@-1 (line 256)
                      ; - org.eclipse.osgi.internal.loader.BundleLoader::findClass0@213 (line 502)
  0x00000120c7da0474: 8805 2d07 | e904 daff 

  0x00000120c7da047c: ;   {runtime_call throw_incompatible_class_change_error Runtime1 stub}
  0x00000120c7da047c: ffe8 7ec7 

  0x00000120c7da0480: ; ImmutableOopMap {rdx=Oop [160]=Oop [168]=Oop [208]=Oop [256]=Oop [272]=Oop }
                      ;*invokeinterface getLogger {reexecute=0 rethrow=0 return_oop=0}
                      ; - org.eclipse.osgi.internal.debug.Debug::trace@11 (line 265)
                      ; - org.eclipse.osgi.internal.loader.BundleLoader::findClass0@213 (line 502)
                      ;   {runtime_call throw_null_pointer_exception Runtime1 stub}
  0x00000120c7da0480: 2c07 e879 

  0x00000120c7da0484: ; ImmutableOopMap {rdx=Oop [160]=Oop [168]=Oop [208]=Oop [256]=Oop [272]=Oop }
                      ;*invokeinterface getLogger {reexecute=0 rethrow=0 return_oop=0}
                      ; - org.eclipse.osgi.internal.debug.Debug::trace@11 (line 265)
                      ; - org.eclipse.osgi.internal.loader.BundleLoader::findClass0@213 (line 502)
                      ;   {metadata({method} {0x00000120db50ca90} 'getLogger' '(Ljava/lang/String;)Lorg/osgi/service/log/Logger;' in 'org/eclipse/osgi/internal/log/ExtendedLogServiceImpl')}
  0x00000120c7da0484: 982c 0749 | ba88 ca50 | db20 0100 | 004c 8954 | 2408 48c7 | 0424 ffff 

  0x00000120c7da049c: ;   {runtime_call counter_overflow Runtime1 stub}
  0x00000120c7da049c: ffff e85d 

  0x00000120c7da04a0: ; ImmutableOopMap {rdx=Oop [160]=Oop [168]=Oop [208]=Oop [256]=Oop [272]=Oop }
                      ;*synchronization entry
                      ; - org.eclipse.osgi.internal.log.ExtendedLogServiceImpl::getLogger@-1 (line 1)
                      ; - org.eclipse.osgi.internal.debug.Debug::trace@11 (line 265)
                      ; - org.eclipse.osgi.internal.loader.BundleLoader::findClass0@213 (line 502)
  0x00000120c7da04a0: 052d 07e9 | 96da ffff 

  0x00000120c7da04a8: ;   {metadata({method} {0x00000120db50a318} 'getLogger' '(Ljava/lang/String;)Lorg/eclipse/equinox/log/Logger;' in 'org/eclipse/osgi/internal/log/ExtendedLogServiceImpl')}
  0x00000120c7da04a8: 49ba 10a3 | 50db 2001 | 0000 4c89 | 5424 0848 | c704 24ff 

  0x00000120c7da04bc: ;   {runtime_call counter_overflow Runtime1 stub}
  0x00000120c7da04bc: ffff ffe8 

  0x00000120c7da04c0: ; ImmutableOopMap {rdx=Oop [160]=Oop [168]=Oop [208]=Oop [256]=Oop [272]=Oop }
                      ;*synchronization entry
                      ; - org.eclipse.osgi.internal.log.ExtendedLogServiceImpl::getLogger@-1 (line 73)
                      ; - org.eclipse.osgi.internal.log.ExtendedLogServiceImpl::getLogger@2 (line 1)
                      ; - org.eclipse.osgi.internal.debug.Debug::trace@11 (line 265)
                      ; - org.eclipse.osgi.internal.loader.BundleLoader::findClass0@213 (line 502)
  0x00000120c7da04c0: 3c05 2d07 | e9c7 daff | ff48 8904 

  0x00000120c7da04cc: ;   {runtime_call throw_class_cast_exception Runtime1 stub}
  0x00000120c7da04cc: 24e8 2ec0 

  0x00000120c7da04d0: ; ImmutableOopMap {[160]=Oop [168]=Oop [208]=Oop [256]=Oop [272]=Oop }
                      ;*checkcast {reexecute=0 rethrow=0 return_oop=0}
                      ; - org.eclipse.osgi.internal.log.ExtendedLogServiceImpl::getLogger@7 (line 73)
                      ; - org.eclipse.osgi.internal.log.ExtendedLogServiceImpl::getLogger@2 (line 1)
                      ; - org.eclipse.osgi.internal.debug.Debug::trace@11 (line 265)
                      ; - org.eclipse.osgi.internal.loader.BundleLoader::findClass0@213 (line 502)
                      ;   {runtime_call throw_null_pointer_exception Runtime1 stub}
  0x00000120c7da04d0: 2c07 e829 

  0x00000120c7da04d4: ; ImmutableOopMap {rdx=Oop [160]=Oop [168]=Oop [208]=Oop [256]=Oop [272]=Oop }
                      ;*invokeinterface debug {reexecute=0 rethrow=0 return_oop=0}
                      ; - org.eclipse.osgi.internal.debug.Debug::trace@17 (line 265)
                      ; - org.eclipse.osgi.internal.loader.BundleLoader::findClass0@213 (line 502)
                      ;   {runtime_call throw_null_pointer_exception Runtime1 stub}
  0x00000120c7da04d4: 982c 07e8 

  0x00000120c7da04d8: ; ImmutableOopMap {rax=Oop rdx=Oop [160]=Oop [168]=Oop [208]=Oop [256]=Oop }
                      ;*invokevirtual println {reexecute=0 rethrow=0 return_oop=0}
                      ; - org.eclipse.osgi.internal.debug.Debug::trace@29 (line 267)
                      ; - org.eclipse.osgi.internal.loader.BundleLoader::findClass0@213 (line 502)
  0x00000120c7da04d8: 2498 2c07 

  0x00000120c7da04dc: ;   {runtime_call throw_null_pointer_exception Runtime1 stub}
  0x00000120c7da04dc: e81f 982c 

  0x00000120c7da04e0: ; ImmutableOopMap {rbx=Oop [160]=Oop [168]=Oop [208]=Oop [256]=Oop }
                      ;*invokevirtual loadClass {reexecute=0 rethrow=0 return_oop=0}
                      ; - org.eclipse.osgi.internal.loader.BundleLoader::findClass0@219 (line 505)
                      ;   {runtime_call throw_null_pointer_exception Runtime1 stub}
  0x00000120c7da04e0: 07e8 1a98 

  0x00000120c7da04e4: ; ImmutableOopMap {rax=Oop [160]=Oop [168]=Oop [208]=Oop }
                      ;*invokevirtual publicFindLoaded {reexecute=0 rethrow=0 return_oop=0}
                      ; - org.eclipse.osgi.internal.loader.BundleLoader::findClass0@234 (line 509)
                      ;   {metadata({method} {0x00000120db5dff98} 'publicFindLoaded' '(Ljava/lang/String;)Ljava/lang/Class;' in 'org/eclipse/osgi/internal/loader/ModuleClassLoader')}
  0x00000120c7da04e4: 2c07 49ba | 90ff 5ddb | 2001 0000 | 4c89 5424 | 0848 c704 | 24ff ffff 

  0x00000120c7da04fc: ;   {runtime_call counter_overflow Runtime1 stub}
  0x00000120c7da04fc: ffe8 fe04 

  0x00000120c7da0500: ; ImmutableOopMap {rax=Oop [160]=Oop [168]=Oop [208]=Oop }
                      ;*synchronization entry
                      ; - org.eclipse.osgi.internal.loader.ModuleClassLoader::publicFindLoaded@-1 (line 323)
                      ; - org.eclipse.osgi.internal.loader.BundleLoader::findClass0@234 (line 509)
  0x00000120c7da0500: 2d07 e96d 

  0x00000120c7da0504: ;   {metadata({method} {0x00000120db624b48} 'getClassLoadingLock' '(Ljava/lang/String;)Ljava/lang/Object;' in 'org/eclipse/osgi/internal/loader/ModuleClassLoader')}
  0x00000120c7da0504: dfff ff49 | ba40 4b62 | db20 0100 | 004c 8954 | 2408 48c7 | 0424 ffff 

  0x00000120c7da051c: ;   {runtime_call counter_overflow Runtime1 stub}
  0x00000120c7da051c: ffff e8dd 

  0x00000120c7da0520: ; ImmutableOopMap {rax=Oop [160]=Oop [168]=Oop [208]=Oop }
                      ;*synchronization entry
                      ; - org.eclipse.osgi.internal.loader.ModuleClassLoader::getClassLoadingLock@-1 (line 437)
                      ; - org.eclipse.osgi.internal.loader.ModuleClassLoader::publicFindLoaded@2 (line 323)
                      ; - org.eclipse.osgi.internal.loader.BundleLoader::findClass0@234 (line 509)
  0x00000120c7da0520: 042d 07e9 | 09e0 ffff 

  0x00000120c7da0528: ;   {runtime_call throw_null_pointer_exception Runtime1 stub}
  0x00000120c7da0528: e8d3 972c 

  0x00000120c7da052c: ; ImmutableOopMap {rax=Oop rdx=Oop [160]=Oop [168]=Oop [208]=Oop }
                      ;*invokevirtual getLock {reexecute=0 rethrow=0 return_oop=0}
                      ; - org.eclipse.osgi.internal.loader.ModuleClassLoader::getClassLoadingLock@5 (line 437)
                      ; - org.eclipse.osgi.internal.loader.ModuleClassLoader::publicFindLoaded@2 (line 323)
                      ; - org.eclipse.osgi.internal.loader.BundleLoader::findClass0@234 (line 509)
                      ;   {runtime_call throw_null_pointer_exception Runtime1 stub}
  0x00000120c7da052c: 07e8 ce97 

  0x00000120c7da0530: ; ImmutableOopMap {rsi=Oop [160]=Oop [168]=Oop [208]=Oop [280]=Oop [288]=Oop }
                      ;*monitorenter {reexecute=0 rethrow=0 return_oop=0}
                      ; - org.eclipse.osgi.internal.loader.ModuleClassLoader::publicFindLoaded@7 (line 323)
                      ; - org.eclipse.osgi.internal.loader.BundleLoader::findClass0@234 (line 509)
  0x00000120c7da0530: 2c07 4889 | 7424 0848 

  0x00000120c7da0538: ;   {runtime_call monitorenter_nofpu Runtime1 stub}
  0x00000120c7da0538: 8914 24e8 

  0x00000120c7da053c: ; ImmutableOopMap {rsi=Oop [160]=Oop [168]=Oop [208]=Oop [280]=Oop [288]=Oop [344]=Oop }
                      ;*monitorenter {reexecute=0 rethrow=0 return_oop=0}
                      ; - org.eclipse.osgi.internal.loader.ModuleClassLoader::publicFindLoaded@7 (line 323)
                      ; - org.eclipse.osgi.internal.loader.BundleLoader::findClass0@234 (line 509)
  0x00000120c7da053c: c0d3 2c07 | e96c e0ff 

  0x00000120c7da0544: ;   {metadata({method} {0x00000120804353e0} 'findLoadedClass' '(Ljava/lang/String;)Ljava/lang/Class;' in 'java/lang/ClassLoader')}
  0x00000120c7da0544: ff49 bad8 | 5343 8020 | 0100 004c | 8954 2408 | 48c7 0424 | ffff ffff 

  0x00000120c7da055c: ;   {runtime_call counter_overflow Runtime1 stub}
  0x00000120c7da055c: e89f 042d 

  0x00000120c7da0560: ; ImmutableOopMap {[160]=Oop [168]=Oop [208]=Oop [280]=Oop [288]=Oop [344]=Oop }
                      ;*synchronization entry
                      ; - java.lang.ClassLoader::findLoadedClass@-1
                      ; - org.eclipse.osgi.internal.loader.ModuleClassLoader::publicFindLoaded@10 (line 324)
                      ; - org.eclipse.osgi.internal.loader.BundleLoader::findClass0@234 (line 509)
  0x00000120c7da0560: 07e9 8ce0 | ffff 488d | 8424 5001 | 0000 4889 

  0x00000120c7da0570: ;   {runtime_call monitorexit_nofpu Runtime1 stub}
  0x00000120c7da0570: 0424 e889 | d92c 07e9 | 45e1 ffff 

  0x00000120c7da057c: ;   {internal_word}
  0x00000120c7da057c: 49ba fbe6 | d9c7 2001 | 0000 4d89 | 9768 0400 

  0x00000120c7da058c: ;   {runtime_call SafepointBlob}
  0x00000120c7da058c: 00e9 ee4e 

  0x00000120c7da0590: ;   {metadata(nullptr)}
  0x00000120c7da0590: 2107 48ba | 0000 0000 | 0000 0000 | b800 0f05 

  0x00000120c7da05a0: ;   {runtime_call load_klass_patching Runtime1 stub}
  0x00000120c7da05a0: 0ae8 dae7 

  0x00000120c7da05a4: ; ImmutableOopMap {r9=Oop [160]=Oop [168]=Oop [184]=Oop [208]=Oop [304]=Oop [312]=Oop }
                      ;*new {reexecute=1 rethrow=0 return_oop=0}
                      ; - (reexecute) org.eclipse.osgi.internal.loader.BundleLoader::findClass0@281 (line 520)
  0x00000120c7da05a4: 2c07 e93d | e2ff ff48 

  0x00000120c7da05ac: ;   {runtime_call fast_new_instance Runtime1 stub}
  0x00000120c7da05ac: 8bd2 e84d 

  0x00000120c7da05b0: ; ImmutableOopMap {r9=Oop [160]=Oop [168]=Oop [184]=Oop [208]=Oop [304]=Oop [312]=Oop }
                      ;*new {reexecute=0 rethrow=0 return_oop=0}
                      ; - org.eclipse.osgi.internal.loader.BundleLoader::findClass0@281 (line 520)
  0x00000120c7da05b0: a02c 07e9 | 80e2 ffff 

  0x00000120c7da05b8: ;   {metadata({method} {0x0000012080461da8} '<init>' '(Ljava/lang/String;)V' in 'java/lang/StringBuilder')}
  0x00000120c7da05b8: 49ba a01d | 4680 2001 | 0000 4c89 | 5424 0848 | c704 24ff 

  0x00000120c7da05cc: ;   {runtime_call counter_overflow Runtime1 stub}
  0x00000120c7da05cc: ffff ffe8 

  0x00000120c7da05d0: ; ImmutableOopMap {r9=Oop rax=Oop [160]=Oop [168]=Oop [184]=Oop [208]=Oop [304]=Oop [312]=Oop }
                      ;*synchronization entry
                      ; - java.lang.StringBuilder::<init>@-1
                      ; - org.eclipse.osgi.internal.loader.BundleLoader::findClass0@288 (line 520)
  0x00000120c7da05d0: 2c04 2d07 | e99d e2ff 

  0x00000120c7da05d8: ;   {metadata({method} {0x0000012080461b40} 'append' '(Ljava/lang/Object;)Ljava/lang/StringBuilder;' in 'java/lang/StringBuilder')}
  0x00000120c7da05d8: ff49 ba38 | 1b46 8020 | 0100 004c | 8954 2408 | 48c7 0424 | ffff ffff 

  0x00000120c7da05f0: ;   {runtime_call counter_overflow Runtime1 stub}
  0x00000120c7da05f0: e80b 042d 

  0x00000120c7da05f4: ; ImmutableOopMap {[160]=Oop [168]=Oop [184]=Oop [208]=Oop [296]=Oop [304]=Oop [312]=Oop }
                      ;*synchronization entry
                      ; - java.lang.StringBuilder::append@-1
                      ; - org.eclipse.osgi.internal.loader.BundleLoader::findClass0@292 (line 520)
  0x00000120c7da05f4: 07e9 fbe2 

  0x00000120c7da05f8: ;   {metadata({method} {0x0000012080455280} 'valueOf' '(Ljava/lang/Object;)Ljava/lang/String;' in 'java/lang/String')}
  0x00000120c7da05f8: ffff 49ba | 7852 4580 | 2001 0000 | 4c89 5424 | 0848 c704 | 24ff ffff 

  0x00000120c7da0610: ;   {runtime_call counter_overflow Runtime1 stub}
  0x00000120c7da0610: ffe8 ea03 

  0x00000120c7da0614: ; ImmutableOopMap {[160]=Oop [168]=Oop [184]=Oop [208]=Oop [296]=Oop [304]=Oop [312]=Oop }
                      ;*synchronization entry
                      ; - java.lang.String::valueOf@-1
                      ; - java.lang.StringBuilder::append@2
                      ; - org.eclipse.osgi.internal.loader.BundleLoader::findClass0@292 (line 520)
  0x00000120c7da0614: 2d07 e913 

  0x00000120c7da0618: ;   {metadata({method} {0x0000012080461ae8} 'append' '(Ljava/lang/String;)Ljava/lang/StringBuilder;' in 'java/lang/StringBuilder')}
  0x00000120c7da0618: e3ff ff49 | bae0 1a46 | 8020 0100 | 004c 8954 | 2408 48c7 | 0424 ffff 

  0x00000120c7da0630: ;   {runtime_call counter_overflow Runtime1 stub}
  0x00000120c7da0630: ffff e8c9 

  0x00000120c7da0634: ; ImmutableOopMap {rax=Oop [160]=Oop [168]=Oop [184]=Oop [208]=Oop [296]=Oop [304]=Oop [312]=Oop }
                      ;*synchronization entry
                      ; - java.lang.StringBuilder::append@-1
                      ; - java.lang.StringBuilder::append@5
                      ; - org.eclipse.osgi.internal.loader.BundleLoader::findClass0@292 (line 520)
  0x00000120c7da0634: 032d 07e9 | f3e3 ffff 

  0x00000120c7da063c: ;   {metadata({method} {0x0000012080461ae8} 'append' '(Ljava/lang/String;)Ljava/lang/StringBuilder;' in 'java/lang/StringBuilder')}
  0x00000120c7da063c: 49ba e01a | 4680 2001 | 0000 4c89 | 5424 0848 | c704 24ff 

  0x00000120c7da0650: ;   {runtime_call counter_overflow Runtime1 stub}
  0x00000120c7da0650: ffff ffe8 

  0x00000120c7da0654: ; ImmutableOopMap {[160]=Oop [168]=Oop [184]=Oop [208]=Oop [296]=Oop [304]=Oop [312]=Oop }
                      ;*synchronization entry
                      ; - java.lang.StringBuilder::append@-1
                      ; - org.eclipse.osgi.internal.loader.BundleLoader::findClass0@298 (line 520)
  0x00000120c7da0654: a803 2d07 | e94a e4ff 

  0x00000120c7da065c: ;   {metadata({method} {0x0000012080461b40} 'append' '(Ljava/lang/Object;)Ljava/lang/StringBuilder;' in 'java/lang/StringBuilder')}
  0x00000120c7da065c: ff49 ba38 | 1b46 8020 | 0100 004c | 8954 2408 | 48c7 0424 | ffff ffff 

  0x00000120c7da0674: ;   {runtime_call counter_overflow Runtime1 stub}
  0x00000120c7da0674: e887 032d 

  0x00000120c7da0678: ; ImmutableOopMap {[160]=Oop [168]=Oop [184]=Oop [208]=Oop [296]=Oop [304]=Oop [312]=Oop }
                      ;*synchronization entry
                      ; - java.lang.StringBuilder::append@-1
                      ; - org.eclipse.osgi.internal.loader.BundleLoader::findClass0@303 (line 520)
  0x00000120c7da0678: 07e9 a7e4 

  0x00000120c7da067c: ;   {metadata({method} {0x0000012080455280} 'valueOf' '(Ljava/lang/Object;)Ljava/lang/String;' in 'java/lang/String')}
  0x00000120c7da067c: ffff 49ba | 7852 4580 | 2001 0000 | 4c89 5424 | 0848 c704 | 24ff ffff 

  0x00000120c7da0694: ;   {runtime_call counter_overflow Runtime1 stub}
  0x00000120c7da0694: ffe8 6603 

  0x00000120c7da0698: ; ImmutableOopMap {[160]=Oop [168]=Oop [184]=Oop [208]=Oop [296]=Oop [304]=Oop [312]=Oop }
                      ;*synchronization entry
                      ; - java.lang.String::valueOf@-1
                      ; - java.lang.StringBuilder::append@2
                      ; - org.eclipse.osgi.internal.loader.BundleLoader::findClass0@303 (line 520)
  0x00000120c7da0698: 2d07 e9bf 

  0x00000120c7da069c: ;   {runtime_call throw_null_pointer_exception Runtime1 stub}
  0x00000120c7da069c: e4ff ffe8 

  0x00000120c7da06a0: ; ImmutableOopMap {rax=Oop [160]=Oop [168]=Oop [184]=Oop [208]=Oop [296]=Oop [304]=Oop [312]=Oop }
                      ;*invokevirtual toString {reexecute=0 rethrow=0 return_oop=0}
                      ; - java.lang.String::valueOf@11
                      ; - java.lang.StringBuilder::append@2
                      ; - org.eclipse.osgi.internal.loader.BundleLoader::findClass0@303 (line 520)
  0x00000120c7da06a0: 5c96 2c07 

  0x00000120c7da06a4: ;   {metadata({method} {0x0000012080461ae8} 'append' '(Ljava/lang/String;)Ljava/lang/StringBuilder;' in 'java/lang/StringBuilder')}
  0x00000120c7da06a4: 49ba e01a | 4680 2001 | 0000 4c89 | 5424 0848 | c704 24ff 

  0x00000120c7da06b8: ;   {runtime_call counter_overflow Runtime1 stub}
  0x00000120c7da06b8: ffff ffe8 

  0x00000120c7da06bc: ; ImmutableOopMap {rsi=Oop [160]=Oop [168]=Oop [184]=Oop [208]=Oop [296]=Oop [304]=Oop [312]=Oop }
                      ;*synchronization entry
                      ; - java.lang.StringBuilder::append@-1
                      ; - java.lang.StringBuilder::append@5
                      ; - org.eclipse.osgi.internal.loader.BundleLoader::findClass0@303 (line 520)
  0x00000120c7da06bc: 4003 2d07 | e9dd e5ff 

  0x00000120c7da06c4: ;   {metadata({method} {0x0000012080008958} 'toString' '()Ljava/lang/String;' in 'java/lang/StringBuilder')}
  0x00000120c7da06c4: ff49 ba50 | 8900 8020 | 0100 004c | 8954 2408 | 48c7 0424 | ffff ffff 

  0x00000120c7da06dc: ;   {runtime_call counter_overflow Runtime1 stub}
  0x00000120c7da06dc: e81f 032d 

  0x00000120c7da06e0: ; ImmutableOopMap {r8=Oop [160]=Oop [168]=Oop [184]=Oop [208]=Oop [304]=Oop [312]=Oop }
                      ;*synchronization entry
                      ; - java.lang.StringBuilder::toString@-1
                      ; - org.eclipse.osgi.internal.loader.BundleLoader::findClass0@306 (line 520)
  0x00000120c7da06e0: 07e9 32e6 | ffff 488b 

  0x00000120c7da06e8: ;   {runtime_call fast_new_instance Runtime1 stub}
  0x00000120c7da06e8: d2e8 129f 

  0x00000120c7da06ec: ; ImmutableOopMap {r8=Oop [160]=Oop [168]=Oop [184]=Oop [208]=Oop [304]=Oop [312]=Oop }
                      ;*new {reexecute=0 rethrow=0 return_oop=0}
                      ; - java.lang.StringBuilder::toString@0
                      ; - org.eclipse.osgi.internal.loader.BundleLoader::findClass0@306 (line 520)
  0x00000120c7da06ec: 2c07 e975 

  0x00000120c7da06f0: ;   {metadata({method} {0x0000012080455dd8} '<init>' '(Ljava/lang/StringBuilder;)V' in 'java/lang/String')}
  0x00000120c7da06f0: e6ff ff49 | bad0 5d45 | 8020 0100 | 004c 8954 | 2408 48c7 | 0424 ffff 

  0x00000120c7da0708: ;   {runtime_call counter_overflow Runtime1 stub}
  0x00000120c7da0708: ffff e8f1 

  0x00000120c7da070c: ; ImmutableOopMap {r8=Oop rax=Oop [160]=Oop [168]=Oop [184]=Oop [208]=Oop [304]=Oop [312]=Oop }
                      ;*synchronization entry
                      ; - java.lang.String::<init>@-1
                      ; - java.lang.StringBuilder::toString@5
                      ; - org.eclipse.osgi.internal.loader.BundleLoader::findClass0@306 (line 520)
  0x00000120c7da070c: 022d 07e9 | 90e6 ffff 

  0x00000120c7da0714: ;   {runtime_call throw_null_pointer_exception Runtime1 stub}
  0x00000120c7da0714: e8e7 952c 

  0x00000120c7da0718: ; ImmutableOopMap {r9=Oop [160]=Oop [168]=Oop [184]=Oop [208]=Oop [304]=Oop [312]=Oop [320]=Oop }
                      ;*invokevirtual trace {reexecute=0 rethrow=0 return_oop=0}
                      ; - org.eclipse.osgi.internal.loader.BundleLoader::findClass0@309 (line 519)
                      ;   {metadata({method} {0x00000120db4e5400} 'trace' '(Ljava/lang/String;Ljava/lang/String;)V' in 'org/eclipse/osgi/internal/debug/Debug')}
  0x00000120c7da0718: 0749 baf8 | 534e db20 | 0100 004c | 8954 2408 | 48c7 0424 | ffff ffff 

  0x00000120c7da0730: ;   {runtime_call counter_overflow Runtime1 stub}
  0x00000120c7da0730: e8cb 022d 

  0x00000120c7da0734: ; ImmutableOopMap {r9=Oop [160]=Oop [168]=Oop [184]=Oop [208]=Oop [304]=Oop [312]=Oop [320]=Oop }
                      ;*synchronization entry
                      ; - org.eclipse.osgi.internal.debug.Debug::trace@-1 (line 256)
                      ; - org.eclipse.osgi.internal.loader.BundleLoader::findClass0@309 (line 519)
  0x00000120c7da0734: 07e9 fce6 

  0x00000120c7da0738: ;   {runtime_call throw_incompatible_class_change_error Runtime1 stub}
  0x00000120c7da0738: ffff e8c1 

  0x00000120c7da073c: ; ImmutableOopMap {rdx=Oop [160]=Oop [168]=Oop [184]=Oop [208]=Oop [304]=Oop [320]=Oop }
                      ;*invokeinterface getLogger {reexecute=0 rethrow=0 return_oop=0}
                      ; - org.eclipse.osgi.internal.debug.Debug::trace@11 (line 265)
                      ; - org.eclipse.osgi.internal.loader.BundleLoader::findClass0@309 (line 519)
                      ;   {runtime_call throw_null_pointer_exception Runtime1 stub}
  0x00000120c7da073c: c42c 07e8 

  0x00000120c7da0740: ; ImmutableOopMap {rdx=Oop [160]=Oop [168]=Oop [184]=Oop [208]=Oop [304]=Oop [320]=Oop }
                      ;*invokeinterface getLogger {reexecute=0 rethrow=0 return_oop=0}
                      ; - org.eclipse.osgi.internal.debug.Debug::trace@11 (line 265)
                      ; - org.eclipse.osgi.internal.loader.BundleLoader::findClass0@309 (line 519)
  0x00000120c7da0740: bc95 2c07 

  0x00000120c7da0744: ;   {metadata({method} {0x00000120db50ca90} 'getLogger' '(Ljava/lang/String;)Lorg/osgi/service/log/Logger;' in 'org/eclipse/osgi/internal/log/ExtendedLogServiceImpl')}
  0x00000120c7da0744: 49ba 88ca | 50db 2001 | 0000 4c89 | 5424 0848 | c704 24ff 

  0x00000120c7da0758: ;   {runtime_call counter_overflow Runtime1 stub}
  0x00000120c7da0758: ffff ffe8 

  0x00000120c7da075c: ; ImmutableOopMap {rdx=Oop [160]=Oop [168]=Oop [184]=Oop [208]=Oop [304]=Oop [320]=Oop }
                      ;*synchronization entry
                      ; - org.eclipse.osgi.internal.log.ExtendedLogServiceImpl::getLogger@-1 (line 1)
                      ; - org.eclipse.osgi.internal.debug.Debug::trace@11 (line 265)
                      ; - org.eclipse.osgi.internal.loader.BundleLoader::findClass0@309 (line 519)
  0x00000120c7da075c: a002 2d07 | e98e e7ff 

  0x00000120c7da0764: ;   {metadata({method} {0x00000120db50a318} 'getLogger' '(Ljava/lang/String;)Lorg/eclipse/equinox/log/Logger;' in 'org/eclipse/osgi/internal/log/ExtendedLogServiceImpl')}
  0x00000120c7da0764: ff49 ba10 | a350 db20 | 0100 004c | 8954 2408 | 48c7 0424 | ffff ffff 

  0x00000120c7da077c: ;   {runtime_call counter_overflow Runtime1 stub}
  0x00000120c7da077c: e87f 022d 

  0x00000120c7da0780: ; ImmutableOopMap {rdx=Oop [160]=Oop [168]=Oop [184]=Oop [208]=Oop [304]=Oop [320]=Oop }
                      ;*synchronization entry
                      ; - org.eclipse.osgi.internal.log.ExtendedLogServiceImpl::getLogger@-1 (line 73)
                      ; - org.eclipse.osgi.internal.log.ExtendedLogServiceImpl::getLogger@2 (line 1)
                      ; - org.eclipse.osgi.internal.debug.Debug::trace@11 (line 265)
                      ; - org.eclipse.osgi.internal.loader.BundleLoader::findClass0@309 (line 519)
  0x00000120c7da0780: 07e9 bfe7 | ffff 4889 

  0x00000120c7da0788: ;   {runtime_call throw_class_cast_exception Runtime1 stub}
  0x00000120c7da0788: 0424 e871 

  0x00000120c7da078c: ; ImmutableOopMap {[160]=Oop [168]=Oop [184]=Oop [208]=Oop [304]=Oop [320]=Oop }
                      ;*checkcast {reexecute=0 rethrow=0 return_oop=0}
                      ; - org.eclipse.osgi.internal.log.ExtendedLogServiceImpl::getLogger@7 (line 73)
                      ; - org.eclipse.osgi.internal.log.ExtendedLogServiceImpl::getLogger@2 (line 1)
                      ; - org.eclipse.osgi.internal.debug.Debug::trace@11 (line 265)
                      ; - org.eclipse.osgi.internal.loader.BundleLoader::findClass0@309 (line 519)
                      ;   {runtime_call throw_null_pointer_exception Runtime1 stub}
  0x00000120c7da078c: bd2c 07e8 

  0x00000120c7da0790: ; ImmutableOopMap {rdx=Oop [160]=Oop [168]=Oop [184]=Oop [208]=Oop [304]=Oop [320]=Oop }
                      ;*invokeinterface debug {reexecute=0 rethrow=0 return_oop=0}
                      ; - org.eclipse.osgi.internal.debug.Debug::trace@17 (line 265)
                      ; - org.eclipse.osgi.internal.loader.BundleLoader::findClass0@309 (line 519)
  0x00000120c7da0790: 6c95 2c07 

  0x00000120c7da0794: ;   {runtime_call throw_null_pointer_exception Runtime1 stub}
  0x00000120c7da0794: e867 952c 

  0x00000120c7da0798: ; ImmutableOopMap {rax=Oop rdx=Oop [160]=Oop [168]=Oop [184]=Oop [208]=Oop [304]=Oop }
                      ;*invokevirtual println {reexecute=0 rethrow=0 return_oop=0}
                      ; - org.eclipse.osgi.internal.debug.Debug::trace@29 (line 267)
                      ; - org.eclipse.osgi.internal.loader.BundleLoader::findClass0@309 (line 519)
                      ;   {runtime_call throw_null_pointer_exception Runtime1 stub}
  0x00000120c7da0798: 07e8 6295 

  0x00000120c7da079c: ; ImmutableOopMap {rax=Oop [160]=Oop [168]=Oop [184]=Oop [208]=Oop [304]=Oop }
                      ;*invokevirtual loadClass {reexecute=0 rethrow=0 return_oop=0}
                      ; - org.eclipse.osgi.internal.loader.BundleLoader::findClass0@315 (line 523)
  0x00000120c7da079c: 2c07 4889 

  0x00000120c7da07a0: ;   {runtime_call throw_class_cast_exception Runtime1 stub}
  0x00000120c7da07a0: 0424 e859 

  0x00000120c7da07a4: ; ImmutableOopMap {[160]=Oop [168]=Oop [208]=Oop [328]=Oop }
                      ;*checkcast {reexecute=0 rethrow=0 return_oop=0}
                      ; - org.eclipse.osgi.internal.loader.BundleLoader::findClass0@394 (line 544)
                      ;   {runtime_call throw_null_pointer_exception Runtime1 stub}
  0x00000120c7da07a4: bd2c 07e8 

  0x00000120c7da07a8: ; ImmutableOopMap {rax=Oop [160]=Oop [168]=Oop [208]=Oop }
                      ;*invokevirtual loadClass {reexecute=0 rethrow=0 return_oop=0}
                      ; - org.eclipse.osgi.internal.loader.BundleLoader::findClass0@361 (line 535)
  0x00000120c7da07a8: 5495 2c07 

  0x00000120c7da07ac: ;   {internal_word}
  0x00000120c7da07ac: 49ba cbf6 | d9c7 2001 | 0000 4d89 | 9768 0400 

  0x00000120c7da07bc: ;   {runtime_call SafepointBlob}
  0x00000120c7da07bc: 00e9 be4c 

  0x00000120c7da07c0: ;   {runtime_call throw_null_pointer_exception Runtime1 stub}
  0x00000120c7da07c0: 2107 e839 

  0x00000120c7da07c4: ; ImmutableOopMap {rdx=Oop rsi=Oop [160]=Oop [168]=Oop [208]=Oop }
                      ;*invokevirtual getConfiguration {reexecute=0 rethrow=0 return_oop=0}
                      ; - org.eclipse.osgi.internal.loader.BundleLoader::findClass0@454 (line 556)
                      ;   {runtime_call throw_null_pointer_exception Runtime1 stub}
  0x00000120c7da07c4: 952c 07e8 

  0x00000120c7da07c8: ; ImmutableOopMap {rdx=Oop [160]=Oop [168]=Oop [208]=Oop }
                      ;*getfield compatibilityBootDelegation {reexecute=1 rethrow=0 return_oop=0}
                      ; - (reexecute) org.eclipse.osgi.internal.loader.BundleLoader::findClass0@457 (line 556)
  0x00000120c7da07c8: 3495 2c07 

  0x00000120c7da07cc: ;   {runtime_call throw_null_pointer_exception Runtime1 stub}
  0x00000120c7da07cc: e82f 952c 

  0x00000120c7da07d0: ; ImmutableOopMap {rdx=Oop rsi=Oop [160]=Oop [168]=Oop [208]=Oop }
                      ;*invokevirtual loadClass {reexecute=0 rethrow=0 return_oop=0}
                      ; - org.eclipse.osgi.internal.loader.BundleLoader::findClass0@475 (line 559)
                      ;   {metadata({method} {0x00000120800143f0} 'loadClass' '(Ljava/lang/String;)Ljava/lang/Class;' in 'java/lang/ClassLoader')}
  0x00000120c7da07d0: 0749 bae8 | 4301 8020 | 0100 004c | 8954 2408 | 48c7 0424 | ffff ffff 

  0x00000120c7da07e8: ;   {runtime_call counter_overflow Runtime1 stub}
  0x00000120c7da07e8: e813 022d 

  0x00000120c7da07ec: ; ImmutableOopMap {rdx=Oop rsi=Oop [160]=Oop [168]=Oop [208]=Oop }
                      ;*synchronization entry
                      ; - java.lang.ClassLoader::loadClass@-1
                      ; - org.eclipse.osgi.internal.loader.BundleLoader::findClass0@475 (line 559)
  0x00000120c7da07ec: 07e9 7ff2 

  0x00000120c7da07f0: ;   {internal_word}
  0x00000120c7da07f0: ffff 49ba | 3cfb d9c7 | 2001 0000 | 4d89 9768 

  0x00000120c7da0800: ;   {runtime_call SafepointBlob}
  0x00000120c7da0800: 0400 00e9 | 784c 2107 

  0x00000120c7da0808: ;   {internal_word}
  0x00000120c7da0808: 49ba 55fb | d9c7 2001 | 0000 4d89 | 9768 0400 

  0x00000120c7da0818: ;   {runtime_call SafepointBlob}
  0x00000120c7da0818: 00e9 624c 

  0x00000120c7da081c: ;   {internal_word}
  0x00000120c7da081c: 2107 49ba | 6bfb d9c7 | 2001 0000 | 4d89 9768 

  0x00000120c7da082c: ;   {runtime_call SafepointBlob}
  0x00000120c7da082c: 0400 00e9 | 4c4c 2107 

  0x00000120c7da0834: ;   {internal_word}
  0x00000120c7da0834: 49ba ccfb | d9c7 2001 | 0000 4d89 | 9768 0400 

  0x00000120c7da0844: ;   {runtime_call SafepointBlob}
  0x00000120c7da0844: 00e9 364c 

  0x00000120c7da0848: ;   {internal_word}
  0x00000120c7da0848: 2107 49ba | e5fb d9c7 | 2001 0000 | 4d89 9768 

  0x00000120c7da0858: ;   {runtime_call SafepointBlob}
  0x00000120c7da0858: 0400 00e9 | 204c 2107 

  0x00000120c7da0860: ;   {internal_word}
  0x00000120c7da0860: 49ba fbfb | d9c7 2001 | 0000 4d89 | 9768 0400 

  0x00000120c7da0870: ;   {runtime_call SafepointBlob}
  0x00000120c7da0870: 00e9 0a4c 

  0x00000120c7da0874: ;   {internal_word}
  0x00000120c7da0874: 2107 49ba | 5cfc d9c7 | 2001 0000 | 4d89 9768 

  0x00000120c7da0884: ;   {runtime_call SafepointBlob}
  0x00000120c7da0884: 0400 00e9 | f44b 2107 

  0x00000120c7da088c: ;   {internal_word}
  0x00000120c7da088c: 49ba 72fc | d9c7 2001 | 0000 4d89 | 9768 0400 

  0x00000120c7da089c: ;   {runtime_call SafepointBlob}
  0x00000120c7da089c: 00e9 de4b 

  0x00000120c7da08a0: ;   {internal_word}
  0x00000120c7da08a0: 2107 49ba | 88fc d9c7 | 2001 0000 | 4d89 9768 

  0x00000120c7da08b0: ;   {runtime_call SafepointBlob}
  0x00000120c7da08b0: 0400 00e9 | c84b 2107 

  0x00000120c7da08b8: ;   {runtime_call throw_null_pointer_exception Runtime1 stub}
  0x00000120c7da08b8: e843 942c 

  0x00000120c7da08bc: ; ImmutableOopMap {rdx=Oop [160]=Oop }
                      ;*invokevirtual loadClass {reexecute=0 rethrow=0 return_oop=0}
                      ; - org.eclipse.osgi.internal.loader.BundleLoader::findClass0@25 (line 470)
                      ;   {metadata({method} {0x00000120800143f0} 'loadClass' '(Ljava/lang/String;)Ljava/lang/Class;' in 'java/lang/ClassLoader')}
  0x00000120c7da08bc: 0749 bae8 | 4301 8020 | 0100 004c | 8954 2408 | 48c7 0424 | ffff ffff 

  0x00000120c7da08d4: ;   {runtime_call counter_overflow Runtime1 stub}
  0x00000120c7da08d4: e827 012d 

  0x00000120c7da08d8: ; ImmutableOopMap {rdx=Oop [160]=Oop }
                      ;*synchronization entry
                      ; - java.lang.ClassLoader::loadClass@-1
                      ; - org.eclipse.osgi.internal.loader.BundleLoader::findClass0@25 (line 470)
  0x00000120c7da08d8: 07e9 86f4 

  0x00000120c7da08dc: ;   {internal_word}
  0x00000120c7da08dc: ffff 49ba | 2cfe d9c7 | 2001 0000 | 4d89 9768 

  0x00000120c7da08ec: ;   {runtime_call SafepointBlob}
  0x00000120c7da08ec: 0400 00e9 | 8c4b 2107 

  0x00000120c7da08f4: ;   {internal_word}
  0x00000120c7da08f4: 49ba a4fe | d9c7 2001 | 0000 4d89 | 9768 0400 

  0x00000120c7da0904: ;   {runtime_call SafepointBlob}
  0x00000120c7da0904: 00e9 764b | 2107 488d | 8424 5001 | 0000 4889 

  0x00000120c7da0914: ;   {runtime_call monitorexit_nofpu Runtime1 stub}
  0x00000120c7da0914: 0424 e8e5 | d52c 07e9 | daf5 ffff | 488d 8424 | 5001 0000 | 4889 0424 

  0x00000120c7da092c: ;   {runtime_call monitorexit_nofpu Runtime1 stub}
  0x00000120c7da092c: e8cf d52c | 07e9 14f6 | ffff 498b | 8700 0500 | 0049 c787 | 0005 0000 | 0000 0000 | 49c7 8708 
  0x00000120c7da094c: 0500 0000 | 0000 0048 | 81c4 7001 

  0x00000120c7da0958: ;   {runtime_call unwind_exception Runtime1 stub}
  0x00000120c7da0958: 0000 5de9 | a07c 2c07 
[Stub Code]
  0x00000120c7da0960: ;   {no_reloc}
  0x00000120c7da0960: 0f1f 4400 

  0x00000120c7da0964: ;   {static_stub}
  0x00000120c7da0964: 0048 bb00 | 0000 0000 

  0x00000120c7da096c: ;   {runtime_call nmethod}
  0x00000120c7da096c: 0000 00e9 | fbff ffff 

  0x00000120c7da0974: ;   {static_stub}
  0x00000120c7da0974: 9048 bb00 | 0000 0000 

  0x00000120c7da097c: ;   {runtime_call nmethod}
  0x00000120c7da097c: 0000 00e9 | fbff ffff 

  0x00000120c7da0984: ;   {static_stub}
  0x00000120c7da0984: 9048 bb00 | 0000 0000 

  0x00000120c7da098c: ;   {runtime_call nmethod}
  0x00000120c7da098c: 0000 00e9 | fbff ffff 

  0x00000120c7da0994: ;   {static_stub}
  0x00000120c7da0994: 9048 bb00 | 0000 0000 

  0x00000120c7da099c: ;   {runtime_call nmethod}
  0x00000120c7da099c: 0000 00e9 | fbff ffff 

  0x00000120c7da09a4: ;   {static_stub}
  0x00000120c7da09a4: 9048 bb00 | 0000 0000 

  0x00000120c7da09ac: ;   {runtime_call nmethod}
  0x00000120c7da09ac: 0000 00e9 | fbff ffff 

  0x00000120c7da09b4: ;   {static_stub}
  0x00000120c7da09b4: 9048 bb00 | 0000 0000 

  0x00000120c7da09bc: ;   {runtime_call nmethod}
  0x00000120c7da09bc: 0000 00e9 | fbff ffff 

  0x00000120c7da09c4: ;   {static_stub}
  0x00000120c7da09c4: 9048 bb00 | 0000 0000 

  0x00000120c7da09cc: ;   {runtime_call nmethod}
  0x00000120c7da09cc: 0000 00e9 | fbff ffff 

  0x00000120c7da09d4: ;   {static_stub}
  0x00000120c7da09d4: 9048 bb00 | 0000 0000 

  0x00000120c7da09dc: ;   {runtime_call nmethod}
  0x00000120c7da09dc: 0000 00e9 | fbff ffff 

  0x00000120c7da09e4: ;   {static_stub}
  0x00000120c7da09e4: 9048 bb00 | 0000 0000 

  0x00000120c7da09ec: ;   {runtime_call nmethod}
  0x00000120c7da09ec: 0000 00e9 | fbff ffff 

  0x00000120c7da09f4: ;   {static_stub}
  0x00000120c7da09f4: 9048 bb38 | 7d4a db20 

  0x00000120c7da09fc: ;   {runtime_call I2C/C2I adapters}
  0x00000120c7da09fc: 0100 00e9 | e335 2107 

  0x00000120c7da0a04: ;   {static_stub}
  0x00000120c7da0a04: 9048 bb00 | 0000 0000 

  0x00000120c7da0a0c: ;   {runtime_call nmethod}
  0x00000120c7da0a0c: 0000 00e9 | fbff ffff 

  0x00000120c7da0a14: ;   {static_stub}
  0x00000120c7da0a14: 9048 bb00 | 0000 0000 

  0x00000120c7da0a1c: ;   {runtime_call nmethod}
  0x00000120c7da0a1c: 0000 00e9 | fbff ffff 

  0x00000120c7da0a24: ;   {static_stub}
  0x00000120c7da0a24: 9048 bb00 | 0000 0000 

  0x00000120c7da0a2c: ;   {runtime_call nmethod}
  0x00000120c7da0a2c: 0000 00e9 | fbff ffff 

  0x00000120c7da0a34: ;   {static_stub}
  0x00000120c7da0a34: 9048 bb00 | 0000 0000 

  0x00000120c7da0a3c: ;   {runtime_call nmethod}
  0x00000120c7da0a3c: 0000 00e9 | fbff ffff 

  0x00000120c7da0a44: ;   {static_stub}
  0x00000120c7da0a44: 9048 bb00 | 0000 0000 

  0x00000120c7da0a4c: ;   {runtime_call nmethod}
  0x00000120c7da0a4c: 0000 00e9 | fbff ffff 

  0x00000120c7da0a54: ;   {static_stub}
  0x00000120c7da0a54: 9048 bb00 | 0000 0000 

  0x00000120c7da0a5c: ;   {runtime_call nmethod}
  0x00000120c7da0a5c: 0000 00e9 | fbff ffff 

  0x00000120c7da0a64: ;   {static_stub}
  0x00000120c7da0a64: 9048 bb00 | 0000 0000 

  0x00000120c7da0a6c: ;   {runtime_call nmethod}
  0x00000120c7da0a6c: 0000 00e9 | fbff ffff 

  0x00000120c7da0a74: ;   {static_stub}
  0x00000120c7da0a74: 9048 bb00 | 0000 0000 

  0x00000120c7da0a7c: ;   {runtime_call nmethod}
  0x00000120c7da0a7c: 0000 00e9 | fbff ffff 

  0x00000120c7da0a84: ;   {static_stub}
  0x00000120c7da0a84: 9048 bb00 | 0000 0000 

  0x00000120c7da0a8c: ;   {runtime_call nmethod}
  0x00000120c7da0a8c: 0000 00e9 | fbff ffff 

  0x00000120c7da0a94: ;   {static_stub}
  0x00000120c7da0a94: 9048 bb00 | 0000 0000 

  0x00000120c7da0a9c: ;   {runtime_call nmethod}
  0x00000120c7da0a9c: 0000 00e9 | fbff ffff 

  0x00000120c7da0aa4: ;   {static_stub}
  0x00000120c7da0aa4: 9048 bb00 | 0000 0000 

  0x00000120c7da0aac: ;   {runtime_call nmethod}
  0x00000120c7da0aac: 0000 00e9 | fbff ffff 

  0x00000120c7da0ab4: ;   {static_stub}
  0x00000120c7da0ab4: 9048 bb00 | 0000 0000 

  0x00000120c7da0abc: ;   {runtime_call nmethod}
  0x00000120c7da0abc: 0000 00e9 | fbff ffff 

  0x00000120c7da0ac4: ;   {static_stub}
  0x00000120c7da0ac4: 9048 bb00 | 0000 0000 

  0x00000120c7da0acc: ;   {runtime_call nmethod}
  0x00000120c7da0acc: 0000 00e9 | fbff ffff 

  0x00000120c7da0ad4: ;   {static_stub}
  0x00000120c7da0ad4: 9048 bb00 | 0000 0000 

  0x00000120c7da0adc: ;   {runtime_call nmethod}
  0x00000120c7da0adc: 0000 00e9 | fbff ffff 

  0x00000120c7da0ae4: ;   {static_stub}
  0x00000120c7da0ae4: 9048 bb00 | 0000 0000 

  0x00000120c7da0aec: ;   {runtime_call nmethod}
  0x00000120c7da0aec: 0000 00e9 | fbff ffff 

  0x00000120c7da0af4: ;   {static_stub}
  0x00000120c7da0af4: 9048 bb00 | 0000 0000 

  0x00000120c7da0afc: ;   {runtime_call nmethod}
  0x00000120c7da0afc: 0000 00e9 | fbff ffff 

  0x00000120c7da0b04: ;   {static_stub}
  0x00000120c7da0b04: 9048 bb00 | 0000 0000 

  0x00000120c7da0b0c: ;   {runtime_call nmethod}
  0x00000120c7da0b0c: 0000 00e9 | fbff ffff 

  0x00000120c7da0b14: ;   {static_stub}
  0x00000120c7da0b14: 9048 bb00 | 0000 0000 

  0x00000120c7da0b1c: ;   {runtime_call nmethod}
  0x00000120c7da0b1c: 0000 00e9 | fbff ffff 

  0x00000120c7da0b24: ;   {static_stub}
  0x00000120c7da0b24: 9048 bb00 | 0000 0000 

  0x00000120c7da0b2c: ;   {runtime_call nmethod}
  0x00000120c7da0b2c: 0000 00e9 | fbff ffff 

  0x00000120c7da0b34: ;   {static_stub}
  0x00000120c7da0b34: 9048 bb00 | 0000 0000 

  0x00000120c7da0b3c: ;   {runtime_call nmethod}
  0x00000120c7da0b3c: 0000 00e9 | fbff ffff 

  0x00000120c7da0b44: ;   {static_stub}
  0x00000120c7da0b44: 9048 bb00 | 0000 0000 

  0x00000120c7da0b4c: ;   {runtime_call nmethod}
  0x00000120c7da0b4c: 0000 00e9 | fbff ffff 

  0x00000120c7da0b54: ;   {static_stub}
  0x00000120c7da0b54: 9048 bb00 | 0000 0000 

  0x00000120c7da0b5c: ;   {runtime_call nmethod}
  0x00000120c7da0b5c: 0000 00e9 | fbff ffff 

  0x00000120c7da0b64: ;   {static_stub}
  0x00000120c7da0b64: 9048 bb00 | 0000 0000 

  0x00000120c7da0b6c: ;   {runtime_call nmethod}
  0x00000120c7da0b6c: 0000 00e9 | fbff ffff 

  0x00000120c7da0b74: ;   {static_stub}
  0x00000120c7da0b74: 9048 bb00 | 0000 0000 

  0x00000120c7da0b7c: ;   {runtime_call nmethod}
  0x00000120c7da0b7c: 0000 00e9 | fbff ffff 

  0x00000120c7da0b84: ;   {static_stub}
  0x00000120c7da0b84: 9048 bb00 | 0000 0000 

  0x00000120c7da0b8c: ;   {runtime_call nmethod}
  0x00000120c7da0b8c: 0000 00e9 | fbff ffff 

  0x00000120c7da0b94: ;   {static_stub}
  0x00000120c7da0b94: 9048 bb00 | 0000 0000 

  0x00000120c7da0b9c: ;   {runtime_call nmethod}
  0x00000120c7da0b9c: 0000 00e9 | fbff ffff 

  0x00000120c7da0ba4: ;   {static_stub}
  0x00000120c7da0ba4: 48bb f8cb | 58db 2001 

  0x00000120c7da0bac: ;   {runtime_call I2C/C2I adapters}
  0x00000120c7da0bac: 0000 e9b8 

  0x00000120c7da0bb0: ;   {static_stub}
  0x00000120c7da0bb0: 7e20 0748 | bb00 0000 | 0000 0000 

  0x00000120c7da0bbc: ;   {runtime_call nmethod}
  0x00000120c7da0bbc: 00e9 fbff 

  0x00000120c7da0bc0: ;   {static_stub}
  0x00000120c7da0bc0: ffff 48bb | 0000 0000 | 0000 0000 

  0x00000120c7da0bcc: ;   {runtime_call nmethod}
  0x00000120c7da0bcc: e9fb ffff 

  0x00000120c7da0bd0: ;   {static_stub}
  0x00000120c7da0bd0: ff48 bb00 | 0000 0000 

  0x00000120c7da0bd8: ;   {runtime_call nmethod}
  0x00000120c7da0bd8: 0000 00e9 | fbff ffff 

  0x00000120c7da0be0: ;   {static_stub}
  0x00000120c7da0be0: 48bb 0000 | 0000 0000 

  0x00000120c7da0be8: ;   {runtime_call nmethod}
  0x00000120c7da0be8: 0000 e9fb 

  0x00000120c7da0bec: ;   {static_stub}
  0x00000120c7da0bec: ffff ff48 | bb00 0000 | 0000 0000 

  0x00000120c7da0bf8: ;   {runtime_call nmethod}
  0x00000120c7da0bf8: 00e9 fbff 

  0x00000120c7da0bfc: ;   {static_stub}
  0x00000120c7da0bfc: ffff 48bb | 0000 0000 | 0000 0000 

  0x00000120c7da0c08: ;   {runtime_call nmethod}
  0x00000120c7da0c08: e9fb ffff 

  0x00000120c7da0c0c: ;   {static_stub}
  0x00000120c7da0c0c: ff48 bb00 | 0000 0000 

  0x00000120c7da0c14: ;   {runtime_call nmethod}
  0x00000120c7da0c14: 0000 00e9 | fbff ffff 

  0x00000120c7da0c1c: ;   {static_stub}
  0x00000120c7da0c1c: 48bb 0000 | 0000 0000 

  0x00000120c7da0c24: ;   {runtime_call nmethod}
  0x00000120c7da0c24: 0000 e9fb 

  0x00000120c7da0c28: ;   {static_stub}
  0x00000120c7da0c28: ffff ff48 | bb90 fc58 | db20 0100 

  0x00000120c7da0c34: ;   {runtime_call I2C/C2I adapters}
  0x00000120c7da0c34: 00e9 31a2 

  0x00000120c7da0c38: ;   {static_stub}
  0x00000120c7da0c38: 2007 48bb | 0000 0000 | 0000 0000 

  0x00000120c7da0c44: ;   {runtime_call nmethod}
  0x00000120c7da0c44: e9fb ffff 

  0x00000120c7da0c48: ;   {static_stub}
  0x00000120c7da0c48: ff48 bb00 | 0000 0000 

  0x00000120c7da0c50: ;   {runtime_call nmethod}
  0x00000120c7da0c50: 0000 00e9 | fbff ffff 

  0x00000120c7da0c58: ;   {static_stub}
  0x00000120c7da0c58: 48bb 0000 | 0000 0000 

  0x00000120c7da0c60: ;   {runtime_call nmethod}
  0x00000120c7da0c60: 0000 e9fb 

  0x00000120c7da0c64: ;   {static_stub}
  0x00000120c7da0c64: ffff ff48 | bb00 0000 | 0000 0000 

  0x00000120c7da0c70: ;   {runtime_call nmethod}
  0x00000120c7da0c70: 00e9 fbff 

  0x00000120c7da0c74: ;   {runtime_call handle_exception_from_callee Runtime1 stub}
  0x00000120c7da0c74: ffff e885 

  0x00000120c7da0c78: ;   {external_word}
  0x00000120c7da0c78: b22c 0748 | b940 537c | 3ffe 7f00 | 0048 83e4 

  0x00000120c7da0c88: ;   {runtime_call}
  0x00000120c7da0c88: f048 b8b0 | c33e 3ffe | 7f00 00ff 

  0x00000120c7da0c94: ;   {section_word}
  0x00000120c7da0c94: d0f4 49ba | 960c dac7 | 2001 0000 

  0x00000120c7da0ca0: ;   {runtime_call DeoptimizationBlob}
  0x00000120c7da0ca0: 4152 e979 | 3a21 07f4 
[/MachCode]


---------------  P R O C E S S  ---------------

Threads class SMR info:
_java_thread_list=0x00000120df357640, length=16, elements={
0x00000120c482aae0, 0x00000120dab91570, 0x00000120dab91de0, 0x00000120dab96e10,
0x00000120dab9f4a0, 0x00000120daba2050, 0x00000120daba66d0, 0x00000120daba8c20,
0x00000120dac81f50, 0x00000120daefe900, 0x00000120dafde710, 0x00000120df24c7a0,
0x00000120df7f4050, 0x00000120df8dbea0, 0x00000120dada2c80, 0x00000120dfa286c0
}

Java Threads: ( => current thread )
  0x00000120c482aae0 JavaThread "main"                              [_thread_blocked, id=12164, stack(0x0000000974500000,0x0000000974600000) (1024K)]
  0x00000120dab91570 JavaThread "Reference Handler"          daemon [_thread_blocked, id=6684, stack(0x0000000974d00000,0x0000000974e00000) (1024K)]
  0x00000120dab91de0 JavaThread "Finalizer"                  daemon [_thread_blocked, id=19304, stack(0x0000000974e00000,0x0000000974f00000) (1024K)]
  0x00000120dab96e10 JavaThread "Signal Dispatcher"          daemon [_thread_blocked, id=22608, stack(0x0000000974f00000,0x0000000975000000) (1024K)]
  0x00000120dab9f4a0 JavaThread "Attach Listener"            daemon [_thread_blocked, id=1656, stack(0x0000000975000000,0x0000000975100000) (1024K)]
  0x00000120daba2050 JavaThread "Service Thread"             daemon [_thread_blocked, id=18512, stack(0x0000000975100000,0x0000000975200000) (1024K)]
  0x00000120daba66d0 JavaThread "Monitor Deflation Thread"   daemon [_thread_blocked, id=18392, stack(0x0000000975200000,0x0000000975300000) (1024K)]
  0x00000120daba8c20 JavaThread "C2 CompilerThread0"         daemon [_thread_blocked, id=24352, stack(0x0000000975300000,0x0000000975400000) (1024K)]
  0x00000120dac81f50 JavaThread "C1 CompilerThread0"         daemon [_thread_blocked, id=25508, stack(0x0000000975400000,0x0000000975500000) (1024K)]
  0x00000120daefe900 JavaThread "Common-Cleaner"             daemon [_thread_blocked, id=9240, stack(0x0000000975600000,0x0000000975700000) (1024K)]
  0x00000120dafde710 JavaThread "Notification Thread"        daemon [_thread_blocked, id=21736, stack(0x0000000975700000,0x0000000975800000) (1024K)]
  0x00000120df24c7a0 JavaThread "Active Thread: Equinox Container: 926b8895-f8be-4060-b60a-748c29bfc264"        [_thread_blocked, id=24640, stack(0x0000000975f00000,0x0000000976000000) (1024K)]
  0x00000120df7f4050 JavaThread "Framework Event Dispatcher: Equinox Container: 926b8895-f8be-4060-b60a-748c29bfc264" daemon [_thread_blocked, id=5512, stack(0x0000000975500000,0x0000000975600000) (1024K)]
=>0x00000120df8dbea0 JavaThread "Start Level: Equinox Container: 926b8895-f8be-4060-b60a-748c29bfc264" daemon [_thread_in_vm, id=15996, stack(0x0000000975800000,0x0000000975900000) (1024K)]
  0x00000120dada2c80 JavaThread "SCR Component Actor"        daemon [_thread_blocked, id=12392, stack(0x0000000976100000,0x0000000976200000) (1024K)]
  0x00000120dfa286c0 JavaThread "C2 CompilerThread1"         daemon [_thread_blocked, id=24460, stack(0x0000000976200000,0x0000000976300000) (1024K)]
Total: 16

Other Threads:
  0x00000120dab71000 VMThread "VM Thread"                           [id=15096, stack(0x0000000974c00000,0x0000000974d00000) (1024K)]
  0x00000120dac619e0 WatcherThread "VM Periodic Task Thread"        [id=14972, stack(0x0000000974b00000,0x0000000974c00000) (1024K)]
  0x00000120c486bc80 WorkerThread "GC Thread#0"                     [id=4808, stack(0x0000000974600000,0x0000000974700000) (1024K)]
  0x00000120dab6fd90 WorkerThread "GC Thread#1"                     [id=18932, stack(0x0000000975900000,0x0000000975a00000) (1024K)]
  0x00000120dab70140 WorkerThread "GC Thread#2"                     [id=3856, stack(0x0000000975a00000,0x0000000975b00000) (1024K)]
  0x00000120dab704f0 WorkerThread "GC Thread#3"                     [id=18856, stack(0x0000000975b00000,0x0000000975c00000) (1024K)]
  0x00000120dab70c50 WorkerThread "GC Thread#4"                     [id=24740, stack(0x0000000975c00000,0x0000000975d00000) (1024K)]
  0x00000120dab713b0 WorkerThread "GC Thread#5"                     [id=14180, stack(0x0000000975d00000,0x0000000975e00000) (1024K)]
  0x00000120df804bb0 WorkerThread "GC Thread#6"                     [id=24080, stack(0x0000000975e00000,0x0000000975f00000) (1024K)]
  0x00000120df803cf0 WorkerThread "GC Thread#7"                     [id=152, stack(0x0000000976000000,0x0000000976100000) (1024K)]
  0x00000120c4874e90 ConcurrentGCThread "G1 Main Marker"            [id=1252, stack(0x0000000974700000,0x0000000974800000) (1024K)]
  0x00000120c4879a80 WorkerThread "G1 Conc#0"                       [id=23220, stack(0x0000000974800000,0x0000000974900000) (1024K)]
  0x00000120daa99a40 ConcurrentGCThread "G1 Refine#0"               [id=20436, stack(0x0000000974900000,0x0000000974a00000) (1024K)]
  0x00000120daa9be90 ConcurrentGCThread "G1 Service"                [id=6556, stack(0x0000000974a00000,0x0000000974b00000) (1024K)]
Total: 14

Threads with active compile tasks:
Total: 0

VM state: not at safepoint (normal execution)

VM Mutex/Monitor currently owned by a thread: None

Heap address: 0x00000000c0000000, size: 1024 MB, Compressed Oops mode: 32-bit

CDS archive(s) mapped at: [0x0000012080000000-0x0000012080ba0000-0x0000012080ba0000), size 12189696, SharedBaseAddress: 0x0000012080000000, ArchiveRelocationMode: 1.
Compressed class space mapped at: 0x0000012081000000-0x00000120c1000000, reserved size: 1073741824
Narrow klass base: 0x0000012080000000, Narrow klass shift: 0, Narrow klass range: 0x100000000

GC Precious Log:
 CardTable entry size: 512
 Card Set container configuration: InlinePtr #cards 5 size 8 Array Of Cards #cards 12 size 40 Howl #buckets 4 coarsen threshold 1843 Howl Bitmap #cards 512 size 80 coarsen threshold 460 Card regions per heap region 1 cards per card region 2048
 CPUs: 8 total, 8 available
 Memory: 8029M
 Large Page Support: Disabled
 NUMA Support: Disabled
 Compressed Oops: Enabled (32-bit)
 Heap Region Size: 1M
 Heap Min Capacity: 256M
 Heap Initial Capacity: 256M
 Heap Max Capacity: 1G
 Pre-touch: Disabled
 Parallel Workers: 8
 Concurrent Workers: 2
 Concurrent Refinement Workers: 8
 Periodic GC: Disabled

Heap:
 garbage-first heap   total 262144K, used 13060K [0x00000000c0000000, 0x0000000100000000)
  region size 1024K, 11 young (11264K), 3 survivors (3072K)
 Metaspace       used 10666K, committed 10944K, reserved 1114112K
  class space    used 1150K, committed 1280K, reserved 1048576K

Heap Regions: E=young(eden), S=young(survivor), O=old, HS=humongous(starts), HC=humongous(continues), CS=collection set, F=free, TAMS=top-at-mark-start, PB=parsable bottom
|   0|0x00000000c0000000, 0x00000000c0100000, 0x00000000c0100000|100%| O|  |TAMS 0x00000000c0000000| PB 0x00000000c0000000| Untracked 
|   1|0x00000000c0100000, 0x00000000c0200000, 0x00000000c0200000|100%| O|  |TAMS 0x00000000c0100000| PB 0x00000000c0100000| Untracked 
|   2|0x00000000c0200000, 0x00000000c0300000, 0x00000000c0300000|100%| O|  |TAMS 0x00000000c0200000| PB 0x00000000c0200000| Untracked 
|   3|0x00000000c0300000, 0x00000000c0331ab0, 0x00000000c0400000| 19%| O|  |TAMS 0x00000000c0300000| PB 0x00000000c0300000| Untracked 
|   4|0x00000000c0400000, 0x00000000c0400000, 0x00000000c0500000|  0%| F|  |TAMS 0x00000000c0400000| PB 0x00000000c0400000| Untracked 
|   5|0x00000000c0500000, 0x00000000c0500000, 0x00000000c0600000|  0%| F|  |TAMS 0x00000000c0500000| PB 0x00000000c0500000| Untracked 
|   6|0x00000000c0600000, 0x00000000c0600000, 0x00000000c0700000|  0%| F|  |TAMS 0x00000000c0600000| PB 0x00000000c0600000| Untracked 
|   7|0x00000000c0700000, 0x00000000c0700000, 0x00000000c0800000|  0%| F|  |TAMS 0x00000000c0700000| PB 0x00000000c0700000| Untracked 
|   8|0x00000000c0800000, 0x00000000c0800000, 0x00000000c0900000|  0%| F|  |TAMS 0x00000000c0800000| PB 0x00000000c0800000| Untracked 
|   9|0x00000000c0900000, 0x00000000c0900000, 0x00000000c0a00000|  0%| F|  |TAMS 0x00000000c0900000| PB 0x00000000c0900000| Untracked 
|  10|0x00000000c0a00000, 0x00000000c0a00000, 0x00000000c0b00000|  0%| F|  |TAMS 0x00000000c0a00000| PB 0x00000000c0a00000| Untracked 
|  11|0x00000000c0b00000, 0x00000000c0b00000, 0x00000000c0c00000|  0%| F|  |TAMS 0x00000000c0b00000| PB 0x00000000c0b00000| Untracked 
|  12|0x00000000c0c00000, 0x00000000c0c00000, 0x00000000c0d00000|  0%| F|  |TAMS 0x00000000c0c00000| PB 0x00000000c0c00000| Untracked 
|  13|0x00000000c0d00000, 0x00000000c0d00000, 0x00000000c0e00000|  0%| F|  |TAMS 0x00000000c0d00000| PB 0x00000000c0d00000| Untracked 
|  14|0x00000000c0e00000, 0x00000000c0e00000, 0x00000000c0f00000|  0%| F|  |TAMS 0x00000000c0e00000| PB 0x00000000c0e00000| Untracked 
|  15|0x00000000c0f00000, 0x00000000c0f00000, 0x00000000c1000000|  0%| F|  |TAMS 0x00000000c0f00000| PB 0x00000000c0f00000| Untracked 
|  16|0x00000000c1000000, 0x00000000c1000000, 0x00000000c1100000|  0%| F|  |TAMS 0x00000000c1000000| PB 0x00000000c1000000| Untracked 
|  17|0x00000000c1100000, 0x00000000c1100000, 0x00000000c1200000|  0%| F|  |TAMS 0x00000000c1100000| PB 0x00000000c1100000| Untracked 
|  18|0x00000000c1200000, 0x00000000c1200000, 0x00000000c1300000|  0%| F|  |TAMS 0x00000000c1200000| PB 0x00000000c1200000| Untracked 
|  19|0x00000000c1300000, 0x00000000c1300000, 0x00000000c1400000|  0%| F|  |TAMS 0x00000000c1300000| PB 0x00000000c1300000| Untracked 
|  20|0x00000000c1400000, 0x00000000c1400000, 0x00000000c1500000|  0%| F|  |TAMS 0x00000000c1400000| PB 0x00000000c1400000| Untracked 
|  21|0x00000000c1500000, 0x00000000c1500000, 0x00000000c1600000|  0%| F|  |TAMS 0x00000000c1500000| PB 0x00000000c1500000| Untracked 
|  22|0x00000000c1600000, 0x00000000c1600000, 0x00000000c1700000|  0%| F|  |TAMS 0x00000000c1600000| PB 0x00000000c1600000| Untracked 
|  23|0x00000000c1700000, 0x00000000c1700000, 0x00000000c1800000|  0%| F|  |TAMS 0x00000000c1700000| PB 0x00000000c1700000| Untracked 
|  24|0x00000000c1800000, 0x00000000c1800000, 0x00000000c1900000|  0%| F|  |TAMS 0x00000000c1800000| PB 0x00000000c1800000| Untracked 
|  25|0x00000000c1900000, 0x00000000c1900000, 0x00000000c1a00000|  0%| F|  |TAMS 0x00000000c1900000| PB 0x00000000c1900000| Untracked 
|  26|0x00000000c1a00000, 0x00000000c1a00000, 0x00000000c1b00000|  0%| F|  |TAMS 0x00000000c1a00000| PB 0x00000000c1a00000| Untracked 
|  27|0x00000000c1b00000, 0x00000000c1b00000, 0x00000000c1c00000|  0%| F|  |TAMS 0x00000000c1b00000| PB 0x00000000c1b00000| Untracked 
|  28|0x00000000c1c00000, 0x00000000c1c00000, 0x00000000c1d00000|  0%| F|  |TAMS 0x00000000c1c00000| PB 0x00000000c1c00000| Untracked 
|  29|0x00000000c1d00000, 0x00000000c1d00000, 0x00000000c1e00000|  0%| F|  |TAMS 0x00000000c1d00000| PB 0x00000000c1d00000| Untracked 
|  30|0x00000000c1e00000, 0x00000000c1e00000, 0x00000000c1f00000|  0%| F|  |TAMS 0x00000000c1e00000| PB 0x00000000c1e00000| Untracked 
|  31|0x00000000c1f00000, 0x00000000c1f00000, 0x00000000c2000000|  0%| F|  |TAMS 0x00000000c1f00000| PB 0x00000000c1f00000| Untracked 
|  32|0x00000000c2000000, 0x00000000c2000000, 0x00000000c2100000|  0%| F|  |TAMS 0x00000000c2000000| PB 0x00000000c2000000| Untracked 
|  33|0x00000000c2100000, 0x00000000c2100000, 0x00000000c2200000|  0%| F|  |TAMS 0x00000000c2100000| PB 0x00000000c2100000| Untracked 
|  34|0x00000000c2200000, 0x00000000c2200000, 0x00000000c2300000|  0%| F|  |TAMS 0x00000000c2200000| PB 0x00000000c2200000| Untracked 
|  35|0x00000000c2300000, 0x00000000c2300000, 0x00000000c2400000|  0%| F|  |TAMS 0x00000000c2300000| PB 0x00000000c2300000| Untracked 
|  36|0x00000000c2400000, 0x00000000c2400000, 0x00000000c2500000|  0%| F|  |TAMS 0x00000000c2400000| PB 0x00000000c2400000| Untracked 
|  37|0x00000000c2500000, 0x00000000c2500000, 0x00000000c2600000|  0%| F|  |TAMS 0x00000000c2500000| PB 0x00000000c2500000| Untracked 
|  38|0x00000000c2600000, 0x00000000c2600000, 0x00000000c2700000|  0%| F|  |TAMS 0x00000000c2600000| PB 0x00000000c2600000| Untracked 
|  39|0x00000000c2700000, 0x00000000c2700000, 0x00000000c2800000|  0%| F|  |TAMS 0x00000000c2700000| PB 0x00000000c2700000| Untracked 
|  40|0x00000000c2800000, 0x00000000c2800000, 0x00000000c2900000|  0%| F|  |TAMS 0x00000000c2800000| PB 0x00000000c2800000| Untracked 
|  41|0x00000000c2900000, 0x00000000c2900000, 0x00000000c2a00000|  0%| F|  |TAMS 0x00000000c2900000| PB 0x00000000c2900000| Untracked 
|  42|0x00000000c2a00000, 0x00000000c2a00000, 0x00000000c2b00000|  0%| F|  |TAMS 0x00000000c2a00000| PB 0x00000000c2a00000| Untracked 
|  43|0x00000000c2b00000, 0x00000000c2b00000, 0x00000000c2c00000|  0%| F|  |TAMS 0x00000000c2b00000| PB 0x00000000c2b00000| Untracked 
|  44|0x00000000c2c00000, 0x00000000c2c00000, 0x00000000c2d00000|  0%| F|  |TAMS 0x00000000c2c00000| PB 0x00000000c2c00000| Untracked 
|  45|0x00000000c2d00000, 0x00000000c2d00000, 0x00000000c2e00000|  0%| F|  |TAMS 0x00000000c2d00000| PB 0x00000000c2d00000| Untracked 
|  46|0x00000000c2e00000, 0x00000000c2e00000, 0x00000000c2f00000|  0%| F|  |TAMS 0x00000000c2e00000| PB 0x00000000c2e00000| Untracked 
|  47|0x00000000c2f00000, 0x00000000c2f00000, 0x00000000c3000000|  0%| F|  |TAMS 0x00000000c2f00000| PB 0x00000000c2f00000| Untracked 
|  48|0x00000000c3000000, 0x00000000c3000000, 0x00000000c3100000|  0%| F|  |TAMS 0x00000000c3000000| PB 0x00000000c3000000| Untracked 
|  49|0x00000000c3100000, 0x00000000c3100000, 0x00000000c3200000|  0%| F|  |TAMS 0x00000000c3100000| PB 0x00000000c3100000| Untracked 
|  50|0x00000000c3200000, 0x00000000c3200000, 0x00000000c3300000|  0%| F|  |TAMS 0x00000000c3200000| PB 0x00000000c3200000| Untracked 
|  51|0x00000000c3300000, 0x00000000c3300000, 0x00000000c3400000|  0%| F|  |TAMS 0x00000000c3300000| PB 0x00000000c3300000| Untracked 
|  52|0x00000000c3400000, 0x00000000c3400000, 0x00000000c3500000|  0%| F|  |TAMS 0x00000000c3400000| PB 0x00000000c3400000| Untracked 
|  53|0x00000000c3500000, 0x00000000c3500000, 0x00000000c3600000|  0%| F|  |TAMS 0x00000000c3500000| PB 0x00000000c3500000| Untracked 
|  54|0x00000000c3600000, 0x00000000c3600000, 0x00000000c3700000|  0%| F|  |TAMS 0x00000000c3600000| PB 0x00000000c3600000| Untracked 
|  55|0x00000000c3700000, 0x00000000c3700000, 0x00000000c3800000|  0%| F|  |TAMS 0x00000000c3700000| PB 0x00000000c3700000| Untracked 
|  56|0x00000000c3800000, 0x00000000c3800000, 0x00000000c3900000|  0%| F|  |TAMS 0x00000000c3800000| PB 0x00000000c3800000| Untracked 
|  57|0x00000000c3900000, 0x00000000c3900000, 0x00000000c3a00000|  0%| F|  |TAMS 0x00000000c3900000| PB 0x00000000c3900000| Untracked 
|  58|0x00000000c3a00000, 0x00000000c3a00000, 0x00000000c3b00000|  0%| F|  |TAMS 0x00000000c3a00000| PB 0x00000000c3a00000| Untracked 
|  59|0x00000000c3b00000, 0x00000000c3b00000, 0x00000000c3c00000|  0%| F|  |TAMS 0x00000000c3b00000| PB 0x00000000c3b00000| Untracked 
|  60|0x00000000c3c00000, 0x00000000c3c00000, 0x00000000c3d00000|  0%| F|  |TAMS 0x00000000c3c00000| PB 0x00000000c3c00000| Untracked 
|  61|0x00000000c3d00000, 0x00000000c3d00000, 0x00000000c3e00000|  0%| F|  |TAMS 0x00000000c3d00000| PB 0x00000000c3d00000| Untracked 
|  62|0x00000000c3e00000, 0x00000000c3e00000, 0x00000000c3f00000|  0%| F|  |TAMS 0x00000000c3e00000| PB 0x00000000c3e00000| Untracked 
|  63|0x00000000c3f00000, 0x00000000c3f00000, 0x00000000c4000000|  0%| F|  |TAMS 0x00000000c3f00000| PB 0x00000000c3f00000| Untracked 
|  64|0x00000000c4000000, 0x00000000c4000000, 0x00000000c4100000|  0%| F|  |TAMS 0x00000000c4000000| PB 0x00000000c4000000| Untracked 
|  65|0x00000000c4100000, 0x00000000c4100000, 0x00000000c4200000|  0%| F|  |TAMS 0x00000000c4100000| PB 0x00000000c4100000| Untracked 
|  66|0x00000000c4200000, 0x00000000c4200000, 0x00000000c4300000|  0%| F|  |TAMS 0x00000000c4200000| PB 0x00000000c4200000| Untracked 
|  67|0x00000000c4300000, 0x00000000c4300000, 0x00000000c4400000|  0%| F|  |TAMS 0x00000000c4300000| PB 0x00000000c4300000| Untracked 
|  68|0x00000000c4400000, 0x00000000c4400000, 0x00000000c4500000|  0%| F|  |TAMS 0x00000000c4400000| PB 0x00000000c4400000| Untracked 
|  69|0x00000000c4500000, 0x00000000c4500000, 0x00000000c4600000|  0%| F|  |TAMS 0x00000000c4500000| PB 0x00000000c4500000| Untracked 
|  70|0x00000000c4600000, 0x00000000c4600000, 0x00000000c4700000|  0%| F|  |TAMS 0x00000000c4600000| PB 0x00000000c4600000| Untracked 
|  71|0x00000000c4700000, 0x00000000c4700000, 0x00000000c4800000|  0%| F|  |TAMS 0x00000000c4700000| PB 0x00000000c4700000| Untracked 
|  72|0x00000000c4800000, 0x00000000c4800000, 0x00000000c4900000|  0%| F|  |TAMS 0x00000000c4800000| PB 0x00000000c4800000| Untracked 
|  73|0x00000000c4900000, 0x00000000c4900000, 0x00000000c4a00000|  0%| F|  |TAMS 0x00000000c4900000| PB 0x00000000c4900000| Untracked 
|  74|0x00000000c4a00000, 0x00000000c4a00000, 0x00000000c4b00000|  0%| F|  |TAMS 0x00000000c4a00000| PB 0x00000000c4a00000| Untracked 
|  75|0x00000000c4b00000, 0x00000000c4b00000, 0x00000000c4c00000|  0%| F|  |TAMS 0x00000000c4b00000| PB 0x00000000c4b00000| Untracked 
|  76|0x00000000c4c00000, 0x00000000c4c00000, 0x00000000c4d00000|  0%| F|  |TAMS 0x00000000c4c00000| PB 0x00000000c4c00000| Untracked 
|  77|0x00000000c4d00000, 0x00000000c4d00000, 0x00000000c4e00000|  0%| F|  |TAMS 0x00000000c4d00000| PB 0x00000000c4d00000| Untracked 
|  78|0x00000000c4e00000, 0x00000000c4e00000, 0x00000000c4f00000|  0%| F|  |TAMS 0x00000000c4e00000| PB 0x00000000c4e00000| Untracked 
|  79|0x00000000c4f00000, 0x00000000c4f00000, 0x00000000c5000000|  0%| F|  |TAMS 0x00000000c4f00000| PB 0x00000000c4f00000| Untracked 
|  80|0x00000000c5000000, 0x00000000c5000000, 0x00000000c5100000|  0%| F|  |TAMS 0x00000000c5000000| PB 0x00000000c5000000| Untracked 
|  81|0x00000000c5100000, 0x00000000c5100000, 0x00000000c5200000|  0%| F|  |TAMS 0x00000000c5100000| PB 0x00000000c5100000| Untracked 
|  82|0x00000000c5200000, 0x00000000c5200000, 0x00000000c5300000|  0%| F|  |TAMS 0x00000000c5200000| PB 0x00000000c5200000| Untracked 
|  83|0x00000000c5300000, 0x00000000c5300000, 0x00000000c5400000|  0%| F|  |TAMS 0x00000000c5300000| PB 0x00000000c5300000| Untracked 
|  84|0x00000000c5400000, 0x00000000c5400000, 0x00000000c5500000|  0%| F|  |TAMS 0x00000000c5400000| PB 0x00000000c5400000| Untracked 
|  85|0x00000000c5500000, 0x00000000c5500000, 0x00000000c5600000|  0%| F|  |TAMS 0x00000000c5500000| PB 0x00000000c5500000| Untracked 
|  86|0x00000000c5600000, 0x00000000c5600000, 0x00000000c5700000|  0%| F|  |TAMS 0x00000000c5600000| PB 0x00000000c5600000| Untracked 
|  87|0x00000000c5700000, 0x00000000c5700000, 0x00000000c5800000|  0%| F|  |TAMS 0x00000000c5700000| PB 0x00000000c5700000| Untracked 
|  88|0x00000000c5800000, 0x00000000c5800000, 0x00000000c5900000|  0%| F|  |TAMS 0x00000000c5800000| PB 0x00000000c5800000| Untracked 
|  89|0x00000000c5900000, 0x00000000c5900000, 0x00000000c5a00000|  0%| F|  |TAMS 0x00000000c5900000| PB 0x00000000c5900000| Untracked 
|  90|0x00000000c5a00000, 0x00000000c5a00000, 0x00000000c5b00000|  0%| F|  |TAMS 0x00000000c5a00000| PB 0x00000000c5a00000| Untracked 
|  91|0x00000000c5b00000, 0x00000000c5b00000, 0x00000000c5c00000|  0%| F|  |TAMS 0x00000000c5b00000| PB 0x00000000c5b00000| Untracked 
|  92|0x00000000c5c00000, 0x00000000c5c00000, 0x00000000c5d00000|  0%| F|  |TAMS 0x00000000c5c00000| PB 0x00000000c5c00000| Untracked 
|  93|0x00000000c5d00000, 0x00000000c5d00000, 0x00000000c5e00000|  0%| F|  |TAMS 0x00000000c5d00000| PB 0x00000000c5d00000| Untracked 
|  94|0x00000000c5e00000, 0x00000000c5e00000, 0x00000000c5f00000|  0%| F|  |TAMS 0x00000000c5e00000| PB 0x00000000c5e00000| Untracked 
|  95|0x00000000c5f00000, 0x00000000c5f00000, 0x00000000c6000000|  0%| F|  |TAMS 0x00000000c5f00000| PB 0x00000000c5f00000| Untracked 
|  96|0x00000000c6000000, 0x00000000c6000000, 0x00000000c6100000|  0%| F|  |TAMS 0x00000000c6000000| PB 0x00000000c6000000| Untracked 
|  97|0x00000000c6100000, 0x00000000c6100000, 0x00000000c6200000|  0%| F|  |TAMS 0x00000000c6100000| PB 0x00000000c6100000| Untracked 
|  98|0x00000000c6200000, 0x00000000c6200000, 0x00000000c6300000|  0%| F|  |TAMS 0x00000000c6200000| PB 0x00000000c6200000| Untracked 
|  99|0x00000000c6300000, 0x00000000c6300000, 0x00000000c6400000|  0%| F|  |TAMS 0x00000000c6300000| PB 0x00000000c6300000| Untracked 
| 100|0x00000000c6400000, 0x00000000c6400000, 0x00000000c6500000|  0%| F|  |TAMS 0x00000000c6400000| PB 0x00000000c6400000| Untracked 
| 101|0x00000000c6500000, 0x00000000c6500000, 0x00000000c6600000|  0%| F|  |TAMS 0x00000000c6500000| PB 0x00000000c6500000| Untracked 
| 102|0x00000000c6600000, 0x00000000c6600000, 0x00000000c6700000|  0%| F|  |TAMS 0x00000000c6600000| PB 0x00000000c6600000| Untracked 
| 103|0x00000000c6700000, 0x00000000c6700000, 0x00000000c6800000|  0%| F|  |TAMS 0x00000000c6700000| PB 0x00000000c6700000| Untracked 
| 104|0x00000000c6800000, 0x00000000c6800000, 0x00000000c6900000|  0%| F|  |TAMS 0x00000000c6800000| PB 0x00000000c6800000| Untracked 
| 105|0x00000000c6900000, 0x00000000c6900000, 0x00000000c6a00000|  0%| F|  |TAMS 0x00000000c6900000| PB 0x00000000c6900000| Untracked 
| 106|0x00000000c6a00000, 0x00000000c6a00000, 0x00000000c6b00000|  0%| F|  |TAMS 0x00000000c6a00000| PB 0x00000000c6a00000| Untracked 
| 107|0x00000000c6b00000, 0x00000000c6b00000, 0x00000000c6c00000|  0%| F|  |TAMS 0x00000000c6b00000| PB 0x00000000c6b00000| Untracked 
| 108|0x00000000c6c00000, 0x00000000c6c00000, 0x00000000c6d00000|  0%| F|  |TAMS 0x00000000c6c00000| PB 0x00000000c6c00000| Untracked 
| 109|0x00000000c6d00000, 0x00000000c6d00000, 0x00000000c6e00000|  0%| F|  |TAMS 0x00000000c6d00000| PB 0x00000000c6d00000| Untracked 
| 110|0x00000000c6e00000, 0x00000000c6e00000, 0x00000000c6f00000|  0%| F|  |TAMS 0x00000000c6e00000| PB 0x00000000c6e00000| Untracked 
| 111|0x00000000c6f00000, 0x00000000c6f00000, 0x00000000c7000000|  0%| F|  |TAMS 0x00000000c6f00000| PB 0x00000000c6f00000| Untracked 
| 112|0x00000000c7000000, 0x00000000c7000000, 0x00000000c7100000|  0%| F|  |TAMS 0x00000000c7000000| PB 0x00000000c7000000| Untracked 
| 113|0x00000000c7100000, 0x00000000c7100000, 0x00000000c7200000|  0%| F|  |TAMS 0x00000000c7100000| PB 0x00000000c7100000| Untracked 
| 114|0x00000000c7200000, 0x00000000c7200000, 0x00000000c7300000|  0%| F|  |TAMS 0x00000000c7200000| PB 0x00000000c7200000| Untracked 
| 115|0x00000000c7300000, 0x00000000c7300000, 0x00000000c7400000|  0%| F|  |TAMS 0x00000000c7300000| PB 0x00000000c7300000| Untracked 
| 116|0x00000000c7400000, 0x00000000c7400000, 0x00000000c7500000|  0%| F|  |TAMS 0x00000000c7400000| PB 0x00000000c7400000| Untracked 
| 117|0x00000000c7500000, 0x00000000c7500000, 0x00000000c7600000|  0%| F|  |TAMS 0x00000000c7500000| PB 0x00000000c7500000| Untracked 
| 118|0x00000000c7600000, 0x00000000c7600000, 0x00000000c7700000|  0%| F|  |TAMS 0x00000000c7600000| PB 0x00000000c7600000| Untracked 
| 119|0x00000000c7700000, 0x00000000c7700000, 0x00000000c7800000|  0%| F|  |TAMS 0x00000000c7700000| PB 0x00000000c7700000| Untracked 
| 120|0x00000000c7800000, 0x00000000c7800000, 0x00000000c7900000|  0%| F|  |TAMS 0x00000000c7800000| PB 0x00000000c7800000| Untracked 
| 121|0x00000000c7900000, 0x00000000c7900000, 0x00000000c7a00000|  0%| F|  |TAMS 0x00000000c7900000| PB 0x00000000c7900000| Untracked 
| 122|0x00000000c7a00000, 0x00000000c7a00000, 0x00000000c7b00000|  0%| F|  |TAMS 0x00000000c7a00000| PB 0x00000000c7a00000| Untracked 
| 123|0x00000000c7b00000, 0x00000000c7b00000, 0x00000000c7c00000|  0%| F|  |TAMS 0x00000000c7b00000| PB 0x00000000c7b00000| Untracked 
| 124|0x00000000c7c00000, 0x00000000c7c00000, 0x00000000c7d00000|  0%| F|  |TAMS 0x00000000c7c00000| PB 0x00000000c7c00000| Untracked 
| 125|0x00000000c7d00000, 0x00000000c7d00000, 0x00000000c7e00000|  0%| F|  |TAMS 0x00000000c7d00000| PB 0x00000000c7d00000| Untracked 
| 126|0x00000000c7e00000, 0x00000000c7e00000, 0x00000000c7f00000|  0%| F|  |TAMS 0x00000000c7e00000| PB 0x00000000c7e00000| Untracked 
| 127|0x00000000c7f00000, 0x00000000c7f00000, 0x00000000c8000000|  0%| F|  |TAMS 0x00000000c7f00000| PB 0x00000000c7f00000| Untracked 
| 128|0x00000000c8000000, 0x00000000c8000000, 0x00000000c8100000|  0%| F|  |TAMS 0x00000000c8000000| PB 0x00000000c8000000| Untracked 
| 129|0x00000000c8100000, 0x00000000c8100000, 0x00000000c8200000|  0%| F|  |TAMS 0x00000000c8100000| PB 0x00000000c8100000| Untracked 
| 130|0x00000000c8200000, 0x00000000c8200000, 0x00000000c8300000|  0%| F|  |TAMS 0x00000000c8200000| PB 0x00000000c8200000| Untracked 
| 131|0x00000000c8300000, 0x00000000c8300000, 0x00000000c8400000|  0%| F|  |TAMS 0x00000000c8300000| PB 0x00000000c8300000| Untracked 
| 132|0x00000000c8400000, 0x00000000c8400000, 0x00000000c8500000|  0%| F|  |TAMS 0x00000000c8400000| PB 0x00000000c8400000| Untracked 
| 133|0x00000000c8500000, 0x00000000c8500000, 0x00000000c8600000|  0%| F|  |TAMS 0x00000000c8500000| PB 0x00000000c8500000| Untracked 
| 134|0x00000000c8600000, 0x00000000c8600000, 0x00000000c8700000|  0%| F|  |TAMS 0x00000000c8600000| PB 0x00000000c8600000| Untracked 
| 135|0x00000000c8700000, 0x00000000c8700000, 0x00000000c8800000|  0%| F|  |TAMS 0x00000000c8700000| PB 0x00000000c8700000| Untracked 
| 136|0x00000000c8800000, 0x00000000c8800000, 0x00000000c8900000|  0%| F|  |TAMS 0x00000000c8800000| PB 0x00000000c8800000| Untracked 
| 137|0x00000000c8900000, 0x00000000c8900000, 0x00000000c8a00000|  0%| F|  |TAMS 0x00000000c8900000| PB 0x00000000c8900000| Untracked 
| 138|0x00000000c8a00000, 0x00000000c8a00000, 0x00000000c8b00000|  0%| F|  |TAMS 0x00000000c8a00000| PB 0x00000000c8a00000| Untracked 
| 139|0x00000000c8b00000, 0x00000000c8b00000, 0x00000000c8c00000|  0%| F|  |TAMS 0x00000000c8b00000| PB 0x00000000c8b00000| Untracked 
| 140|0x00000000c8c00000, 0x00000000c8c00000, 0x00000000c8d00000|  0%| F|  |TAMS 0x00000000c8c00000| PB 0x00000000c8c00000| Untracked 
| 141|0x00000000c8d00000, 0x00000000c8d00000, 0x00000000c8e00000|  0%| F|  |TAMS 0x00000000c8d00000| PB 0x00000000c8d00000| Untracked 
| 142|0x00000000c8e00000, 0x00000000c8e00000, 0x00000000c8f00000|  0%| F|  |TAMS 0x00000000c8e00000| PB 0x00000000c8e00000| Untracked 
| 143|0x00000000c8f00000, 0x00000000c8f00000, 0x00000000c9000000|  0%| F|  |TAMS 0x00000000c8f00000| PB 0x00000000c8f00000| Untracked 
| 144|0x00000000c9000000, 0x00000000c9000000, 0x00000000c9100000|  0%| F|  |TAMS 0x00000000c9000000| PB 0x00000000c9000000| Untracked 
| 145|0x00000000c9100000, 0x00000000c9100000, 0x00000000c9200000|  0%| F|  |TAMS 0x00000000c9100000| PB 0x00000000c9100000| Untracked 
| 146|0x00000000c9200000, 0x00000000c9200000, 0x00000000c9300000|  0%| F|  |TAMS 0x00000000c9200000| PB 0x00000000c9200000| Untracked 
| 147|0x00000000c9300000, 0x00000000c9300000, 0x00000000c9400000|  0%| F|  |TAMS 0x00000000c9300000| PB 0x00000000c9300000| Untracked 
| 148|0x00000000c9400000, 0x00000000c9400000, 0x00000000c9500000|  0%| F|  |TAMS 0x00000000c9400000| PB 0x00000000c9400000| Untracked 
| 149|0x00000000c9500000, 0x00000000c9500000, 0x00000000c9600000|  0%| F|  |TAMS 0x00000000c9500000| PB 0x00000000c9500000| Untracked 
| 150|0x00000000c9600000, 0x00000000c9600000, 0x00000000c9700000|  0%| F|  |TAMS 0x00000000c9600000| PB 0x00000000c9600000| Untracked 
| 151|0x00000000c9700000, 0x00000000c9700000, 0x00000000c9800000|  0%| F|  |TAMS 0x00000000c9700000| PB 0x00000000c9700000| Untracked 
| 152|0x00000000c9800000, 0x00000000c9800000, 0x00000000c9900000|  0%| F|  |TAMS 0x00000000c9800000| PB 0x00000000c9800000| Untracked 
| 153|0x00000000c9900000, 0x00000000c9900000, 0x00000000c9a00000|  0%| F|  |TAMS 0x00000000c9900000| PB 0x00000000c9900000| Untracked 
| 154|0x00000000c9a00000, 0x00000000c9a00000, 0x00000000c9b00000|  0%| F|  |TAMS 0x00000000c9a00000| PB 0x00000000c9a00000| Untracked 
| 155|0x00000000c9b00000, 0x00000000c9b00000, 0x00000000c9c00000|  0%| F|  |TAMS 0x00000000c9b00000| PB 0x00000000c9b00000| Untracked 
| 156|0x00000000c9c00000, 0x00000000c9c00000, 0x00000000c9d00000|  0%| F|  |TAMS 0x00000000c9c00000| PB 0x00000000c9c00000| Untracked 
| 157|0x00000000c9d00000, 0x00000000c9d00000, 0x00000000c9e00000|  0%| F|  |TAMS 0x00000000c9d00000| PB 0x00000000c9d00000| Untracked 
| 158|0x00000000c9e00000, 0x00000000c9e00000, 0x00000000c9f00000|  0%| F|  |TAMS 0x00000000c9e00000| PB 0x00000000c9e00000| Untracked 
| 159|0x00000000c9f00000, 0x00000000c9f00000, 0x00000000ca000000|  0%| F|  |TAMS 0x00000000c9f00000| PB 0x00000000c9f00000| Untracked 
| 160|0x00000000ca000000, 0x00000000ca000000, 0x00000000ca100000|  0%| F|  |TAMS 0x00000000ca000000| PB 0x00000000ca000000| Untracked 
| 161|0x00000000ca100000, 0x00000000ca100000, 0x00000000ca200000|  0%| F|  |TAMS 0x00000000ca100000| PB 0x00000000ca100000| Untracked 
| 162|0x00000000ca200000, 0x00000000ca200000, 0x00000000ca300000|  0%| F|  |TAMS 0x00000000ca200000| PB 0x00000000ca200000| Untracked 
| 163|0x00000000ca300000, 0x00000000ca300000, 0x00000000ca400000|  0%| F|  |TAMS 0x00000000ca300000| PB 0x00000000ca300000| Untracked 
| 164|0x00000000ca400000, 0x00000000ca400000, 0x00000000ca500000|  0%| F|  |TAMS 0x00000000ca400000| PB 0x00000000ca400000| Untracked 
| 165|0x00000000ca500000, 0x00000000ca500000, 0x00000000ca600000|  0%| F|  |TAMS 0x00000000ca500000| PB 0x00000000ca500000| Untracked 
| 166|0x00000000ca600000, 0x00000000ca600000, 0x00000000ca700000|  0%| F|  |TAMS 0x00000000ca600000| PB 0x00000000ca600000| Untracked 
| 167|0x00000000ca700000, 0x00000000ca700000, 0x00000000ca800000|  0%| F|  |TAMS 0x00000000ca700000| PB 0x00000000ca700000| Untracked 
| 168|0x00000000ca800000, 0x00000000ca800000, 0x00000000ca900000|  0%| F|  |TAMS 0x00000000ca800000| PB 0x00000000ca800000| Untracked 
| 169|0x00000000ca900000, 0x00000000ca900000, 0x00000000caa00000|  0%| F|  |TAMS 0x00000000ca900000| PB 0x00000000ca900000| Untracked 
| 170|0x00000000caa00000, 0x00000000caa00000, 0x00000000cab00000|  0%| F|  |TAMS 0x00000000caa00000| PB 0x00000000caa00000| Untracked 
| 171|0x00000000cab00000, 0x00000000cab00000, 0x00000000cac00000|  0%| F|  |TAMS 0x00000000cab00000| PB 0x00000000cab00000| Untracked 
| 172|0x00000000cac00000, 0x00000000cac00000, 0x00000000cad00000|  0%| F|  |TAMS 0x00000000cac00000| PB 0x00000000cac00000| Untracked 
| 173|0x00000000cad00000, 0x00000000cad00000, 0x00000000cae00000|  0%| F|  |TAMS 0x00000000cad00000| PB 0x00000000cad00000| Untracked 
| 174|0x00000000cae00000, 0x00000000cae00000, 0x00000000caf00000|  0%| F|  |TAMS 0x00000000cae00000| PB 0x00000000cae00000| Untracked 
| 175|0x00000000caf00000, 0x00000000caf00000, 0x00000000cb000000|  0%| F|  |TAMS 0x00000000caf00000| PB 0x00000000caf00000| Untracked 
| 176|0x00000000cb000000, 0x00000000cb000000, 0x00000000cb100000|  0%| F|  |TAMS 0x00000000cb000000| PB 0x00000000cb000000| Untracked 
| 177|0x00000000cb100000, 0x00000000cb100000, 0x00000000cb200000|  0%| F|  |TAMS 0x00000000cb100000| PB 0x00000000cb100000| Untracked 
| 178|0x00000000cb200000, 0x00000000cb200000, 0x00000000cb300000|  0%| F|  |TAMS 0x00000000cb200000| PB 0x00000000cb200000| Untracked 
| 179|0x00000000cb300000, 0x00000000cb300000, 0x00000000cb400000|  0%| F|  |TAMS 0x00000000cb300000| PB 0x00000000cb300000| Untracked 
| 180|0x00000000cb400000, 0x00000000cb400000, 0x00000000cb500000|  0%| F|  |TAMS 0x00000000cb400000| PB 0x00000000cb400000| Untracked 
| 181|0x00000000cb500000, 0x00000000cb500000, 0x00000000cb600000|  0%| F|  |TAMS 0x00000000cb500000| PB 0x00000000cb500000| Untracked 
| 182|0x00000000cb600000, 0x00000000cb600000, 0x00000000cb700000|  0%| F|  |TAMS 0x00000000cb600000| PB 0x00000000cb600000| Untracked 
| 183|0x00000000cb700000, 0x00000000cb700000, 0x00000000cb800000|  0%| F|  |TAMS 0x00000000cb700000| PB 0x00000000cb700000| Untracked 
| 184|0x00000000cb800000, 0x00000000cb800000, 0x00000000cb900000|  0%| F|  |TAMS 0x00000000cb800000| PB 0x00000000cb800000| Untracked 
| 185|0x00000000cb900000, 0x00000000cb900000, 0x00000000cba00000|  0%| F|  |TAMS 0x00000000cb900000| PB 0x00000000cb900000| Untracked 
| 186|0x00000000cba00000, 0x00000000cba00000, 0x00000000cbb00000|  0%| F|  |TAMS 0x00000000cba00000| PB 0x00000000cba00000| Untracked 
| 187|0x00000000cbb00000, 0x00000000cbb00000, 0x00000000cbc00000|  0%| F|  |TAMS 0x00000000cbb00000| PB 0x00000000cbb00000| Untracked 
| 188|0x00000000cbc00000, 0x00000000cbc00000, 0x00000000cbd00000|  0%| F|  |TAMS 0x00000000cbc00000| PB 0x00000000cbc00000| Untracked 
| 189|0x00000000cbd00000, 0x00000000cbd00000, 0x00000000cbe00000|  0%| F|  |TAMS 0x00000000cbd00000| PB 0x00000000cbd00000| Untracked 
| 190|0x00000000cbe00000, 0x00000000cbe00000, 0x00000000cbf00000|  0%| F|  |TAMS 0x00000000cbe00000| PB 0x00000000cbe00000| Untracked 
| 191|0x00000000cbf00000, 0x00000000cbf00000, 0x00000000cc000000|  0%| F|  |TAMS 0x00000000cbf00000| PB 0x00000000cbf00000| Untracked 
| 192|0x00000000cc000000, 0x00000000cc000000, 0x00000000cc100000|  0%| F|  |TAMS 0x00000000cc000000| PB 0x00000000cc000000| Untracked 
| 193|0x00000000cc100000, 0x00000000cc100000, 0x00000000cc200000|  0%| F|  |TAMS 0x00000000cc100000| PB 0x00000000cc100000| Untracked 
| 194|0x00000000cc200000, 0x00000000cc200000, 0x00000000cc300000|  0%| F|  |TAMS 0x00000000cc200000| PB 0x00000000cc200000| Untracked 
| 195|0x00000000cc300000, 0x00000000cc300000, 0x00000000cc400000|  0%| F|  |TAMS 0x00000000cc300000| PB 0x00000000cc300000| Untracked 
| 196|0x00000000cc400000, 0x00000000cc400000, 0x00000000cc500000|  0%| F|  |TAMS 0x00000000cc400000| PB 0x00000000cc400000| Untracked 
| 197|0x00000000cc500000, 0x00000000cc500000, 0x00000000cc600000|  0%| F|  |TAMS 0x00000000cc500000| PB 0x00000000cc500000| Untracked 
| 198|0x00000000cc600000, 0x00000000cc600000, 0x00000000cc700000|  0%| F|  |TAMS 0x00000000cc600000| PB 0x00000000cc600000| Untracked 
| 199|0x00000000cc700000, 0x00000000cc700000, 0x00000000cc800000|  0%| F|  |TAMS 0x00000000cc700000| PB 0x00000000cc700000| Untracked 
| 200|0x00000000cc800000, 0x00000000cc800000, 0x00000000cc900000|  0%| F|  |TAMS 0x00000000cc800000| PB 0x00000000cc800000| Untracked 
| 201|0x00000000cc900000, 0x00000000cc900000, 0x00000000cca00000|  0%| F|  |TAMS 0x00000000cc900000| PB 0x00000000cc900000| Untracked 
| 202|0x00000000cca00000, 0x00000000cca00000, 0x00000000ccb00000|  0%| F|  |TAMS 0x00000000cca00000| PB 0x00000000cca00000| Untracked 
| 203|0x00000000ccb00000, 0x00000000ccb00000, 0x00000000ccc00000|  0%| F|  |TAMS 0x00000000ccb00000| PB 0x00000000ccb00000| Untracked 
| 204|0x00000000ccc00000, 0x00000000ccc00000, 0x00000000ccd00000|  0%| F|  |TAMS 0x00000000ccc00000| PB 0x00000000ccc00000| Untracked 
| 205|0x00000000ccd00000, 0x00000000ccd00000, 0x00000000cce00000|  0%| F|  |TAMS 0x00000000ccd00000| PB 0x00000000ccd00000| Untracked 
| 206|0x00000000cce00000, 0x00000000cce00000, 0x00000000ccf00000|  0%| F|  |TAMS 0x00000000cce00000| PB 0x00000000cce00000| Untracked 
| 207|0x00000000ccf00000, 0x00000000ccf00000, 0x00000000cd000000|  0%| F|  |TAMS 0x00000000ccf00000| PB 0x00000000ccf00000| Untracked 
| 208|0x00000000cd000000, 0x00000000cd000000, 0x00000000cd100000|  0%| F|  |TAMS 0x00000000cd000000| PB 0x00000000cd000000| Untracked 
| 209|0x00000000cd100000, 0x00000000cd100000, 0x00000000cd200000|  0%| F|  |TAMS 0x00000000cd100000| PB 0x00000000cd100000| Untracked 
| 210|0x00000000cd200000, 0x00000000cd200000, 0x00000000cd300000|  0%| F|  |TAMS 0x00000000cd200000| PB 0x00000000cd200000| Untracked 
| 211|0x00000000cd300000, 0x00000000cd300000, 0x00000000cd400000|  0%| F|  |TAMS 0x00000000cd300000| PB 0x00000000cd300000| Untracked 
| 212|0x00000000cd400000, 0x00000000cd400000, 0x00000000cd500000|  0%| F|  |TAMS 0x00000000cd400000| PB 0x00000000cd400000| Untracked 
| 213|0x00000000cd500000, 0x00000000cd500000, 0x00000000cd600000|  0%| F|  |TAMS 0x00000000cd500000| PB 0x00000000cd500000| Untracked 
| 214|0x00000000cd600000, 0x00000000cd600000, 0x00000000cd700000|  0%| F|  |TAMS 0x00000000cd600000| PB 0x00000000cd600000| Untracked 
| 215|0x00000000cd700000, 0x00000000cd700000, 0x00000000cd800000|  0%| F|  |TAMS 0x00000000cd700000| PB 0x00000000cd700000| Untracked 
| 216|0x00000000cd800000, 0x00000000cd800000, 0x00000000cd900000|  0%| F|  |TAMS 0x00000000cd800000| PB 0x00000000cd800000| Untracked 
| 217|0x00000000cd900000, 0x00000000cd900000, 0x00000000cda00000|  0%| F|  |TAMS 0x00000000cd900000| PB 0x00000000cd900000| Untracked 
| 218|0x00000000cda00000, 0x00000000cda00000, 0x00000000cdb00000|  0%| F|  |TAMS 0x00000000cda00000| PB 0x00000000cda00000| Untracked 
| 219|0x00000000cdb00000, 0x00000000cdb8f640, 0x00000000cdc00000| 56%| S|CS|TAMS 0x00000000cdb00000| PB 0x00000000cdb00000| Complete 
| 220|0x00000000cdc00000, 0x00000000cdd00000, 0x00000000cdd00000|100%| S|CS|TAMS 0x00000000cdc00000| PB 0x00000000cdc00000| Complete 
| 221|0x00000000cdd00000, 0x00000000cde00000, 0x00000000cde00000|100%| S|CS|TAMS 0x00000000cdd00000| PB 0x00000000cdd00000| Complete 
| 222|0x00000000cde00000, 0x00000000cde00000, 0x00000000cdf00000|  0%| F|  |TAMS 0x00000000cde00000| PB 0x00000000cde00000| Untracked 
| 223|0x00000000cdf00000, 0x00000000cdf00000, 0x00000000ce000000|  0%| F|  |TAMS 0x00000000cdf00000| PB 0x00000000cdf00000| Untracked 
| 224|0x00000000ce000000, 0x00000000ce000000, 0x00000000ce100000|  0%| F|  |TAMS 0x00000000ce000000| PB 0x00000000ce000000| Untracked 
| 225|0x00000000ce100000, 0x00000000ce100000, 0x00000000ce200000|  0%| F|  |TAMS 0x00000000ce100000| PB 0x00000000ce100000| Untracked 
| 226|0x00000000ce200000, 0x00000000ce200000, 0x00000000ce300000|  0%| F|  |TAMS 0x00000000ce200000| PB 0x00000000ce200000| Untracked 
| 227|0x00000000ce300000, 0x00000000ce300000, 0x00000000ce400000|  0%| F|  |TAMS 0x00000000ce300000| PB 0x00000000ce300000| Untracked 
| 228|0x00000000ce400000, 0x00000000ce400000, 0x00000000ce500000|  0%| F|  |TAMS 0x00000000ce400000| PB 0x00000000ce400000| Untracked 
| 229|0x00000000ce500000, 0x00000000ce500000, 0x00000000ce600000|  0%| F|  |TAMS 0x00000000ce500000| PB 0x00000000ce500000| Untracked 
| 230|0x00000000ce600000, 0x00000000ce600000, 0x00000000ce700000|  0%| F|  |TAMS 0x00000000ce600000| PB 0x00000000ce600000| Untracked 
| 231|0x00000000ce700000, 0x00000000ce700000, 0x00000000ce800000|  0%| F|  |TAMS 0x00000000ce700000| PB 0x00000000ce700000| Untracked 
| 232|0x00000000ce800000, 0x00000000ce800000, 0x00000000ce900000|  0%| F|  |TAMS 0x00000000ce800000| PB 0x00000000ce800000| Untracked 
| 233|0x00000000ce900000, 0x00000000ce900000, 0x00000000cea00000|  0%| F|  |TAMS 0x00000000ce900000| PB 0x00000000ce900000| Untracked 
| 234|0x00000000cea00000, 0x00000000cea00000, 0x00000000ceb00000|  0%| F|  |TAMS 0x00000000cea00000| PB 0x00000000cea00000| Untracked 
| 235|0x00000000ceb00000, 0x00000000ceb00000, 0x00000000cec00000|  0%| F|  |TAMS 0x00000000ceb00000| PB 0x00000000ceb00000| Untracked 
| 236|0x00000000cec00000, 0x00000000cec00000, 0x00000000ced00000|  0%| F|  |TAMS 0x00000000cec00000| PB 0x00000000cec00000| Untracked 
| 237|0x00000000ced00000, 0x00000000ced00000, 0x00000000cee00000|  0%| F|  |TAMS 0x00000000ced00000| PB 0x00000000ced00000| Untracked 
| 238|0x00000000cee00000, 0x00000000cee00000, 0x00000000cef00000|  0%| F|  |TAMS 0x00000000cee00000| PB 0x00000000cee00000| Untracked 
| 239|0x00000000cef00000, 0x00000000cef00000, 0x00000000cf000000|  0%| F|  |TAMS 0x00000000cef00000| PB 0x00000000cef00000| Untracked 
| 240|0x00000000cf000000, 0x00000000cf000000, 0x00000000cf100000|  0%| F|  |TAMS 0x00000000cf000000| PB 0x00000000cf000000| Untracked 
| 241|0x00000000cf100000, 0x00000000cf100000, 0x00000000cf200000|  0%| F|  |TAMS 0x00000000cf100000| PB 0x00000000cf100000| Untracked 
| 242|0x00000000cf200000, 0x00000000cf200000, 0x00000000cf300000|  0%| F|  |TAMS 0x00000000cf200000| PB 0x00000000cf200000| Untracked 
| 243|0x00000000cf300000, 0x00000000cf300000, 0x00000000cf400000|  0%| F|  |TAMS 0x00000000cf300000| PB 0x00000000cf300000| Untracked 
| 244|0x00000000cf400000, 0x00000000cf400000, 0x00000000cf500000|  0%| F|  |TAMS 0x00000000cf400000| PB 0x00000000cf400000| Untracked 
| 245|0x00000000cf500000, 0x00000000cf500000, 0x00000000cf600000|  0%| F|  |TAMS 0x00000000cf500000| PB 0x00000000cf500000| Untracked 
| 246|0x00000000cf600000, 0x00000000cf600000, 0x00000000cf700000|  0%| F|  |TAMS 0x00000000cf600000| PB 0x00000000cf600000| Untracked 
| 247|0x00000000cf700000, 0x00000000cf700000, 0x00000000cf800000|  0%| F|  |TAMS 0x00000000cf700000| PB 0x00000000cf700000| Untracked 
| 248|0x00000000cf800000, 0x00000000cf87a5c0, 0x00000000cf900000| 47%| E|  |TAMS 0x00000000cf800000| PB 0x00000000cf800000| Complete 
| 249|0x00000000cf900000, 0x00000000cfa00000, 0x00000000cfa00000|100%| E|CS|TAMS 0x00000000cf900000| PB 0x00000000cf900000| Complete 
| 250|0x00000000cfa00000, 0x00000000cfb00000, 0x00000000cfb00000|100%| E|CS|TAMS 0x00000000cfa00000| PB 0x00000000cfa00000| Complete 
| 251|0x00000000cfb00000, 0x00000000cfc00000, 0x00000000cfc00000|100%| E|CS|TAMS 0x00000000cfb00000| PB 0x00000000cfb00000| Complete 
| 252|0x00000000cfc00000, 0x00000000cfd00000, 0x00000000cfd00000|100%| E|CS|TAMS 0x00000000cfc00000| PB 0x00000000cfc00000| Complete 
| 253|0x00000000cfd00000, 0x00000000cfe00000, 0x00000000cfe00000|100%| E|CS|TAMS 0x00000000cfd00000| PB 0x00000000cfd00000| Complete 
| 254|0x00000000cfe00000, 0x00000000cff00000, 0x00000000cff00000|100%| E|CS|TAMS 0x00000000cfe00000| PB 0x00000000cfe00000| Complete 
| 255|0x00000000cff00000, 0x00000000d0000000, 0x00000000d0000000|100%| E|CS|TAMS 0x00000000cff00000| PB 0x00000000cff00000| Complete 

Card table byte_map: [0x00000120d6f60000,0x00000120d7160000] _byte_map_base: 0x00000120d6960000

Marking Bits: (CMBitMap*) 0x00000120c486c2a0
 Bits: [0x00000120d7160000, 0x00000120d8160000)

Polling page: 0x00000120c2710000

Metaspace:

Usage:
  Non-class:      9.29 MB used.
      Class:      1.12 MB used.
       Both:     10.42 MB used.

Virtual space:
  Non-class space:       64.00 MB reserved,       9.44 MB ( 15%) committed,  1 nodes.
      Class space:        1.00 GB reserved,       1.25 MB ( <1%) committed,  1 nodes.
             Both:        1.06 GB reserved,      10.69 MB ( <1%) committed. 

Chunk freelists:
   Non-Class:  6.14 MB
       Class:  14.69 MB
        Both:  20.84 MB

MaxMetaspaceSize: unlimited
CompressedClassSpaceSize: 1.00 GB
Initial GC threshold: 21.00 MB
Current GC threshold: 21.00 MB
CDS: on
 - commit_granule_bytes: 65536.
 - commit_granule_words: 8192.
 - virtual_space_node_default_size: 8388608.
 - enlarge_chunks_in_place: 1.
 - use_allocation_guard: 0.


Internal statistics:

num_allocs_failed_limit: 0.
num_arena_births: 250.
num_arena_deaths: 0.
num_vsnodes_births: 2.
num_vsnodes_deaths: 0.
num_space_committed: 171.
num_space_uncommitted: 0.
num_chunks_returned_to_freelist: 0.
num_chunks_taken_from_freelist: 543.
num_chunk_merges: 0.
num_chunk_splits: 353.
num_chunks_enlarged: 238.
num_inconsistent_stats: 0.

CodeHeap 'non-profiled nmethods': size=120000Kb used=903Kb max_used=903Kb free=119096Kb
 bounds [0x00000120cf500000, 0x00000120cf770000, 0x00000120d6a30000]
CodeHeap 'profiled nmethods': size=120000Kb used=3606Kb max_used=3606Kb free=116393Kb
 bounds [0x00000120c7a30000, 0x00000120c7dc0000, 0x00000120cef60000]
CodeHeap 'non-nmethods': size=5760Kb used=1329Kb max_used=1355Kb free=4430Kb
 bounds [0x00000120cef60000, 0x00000120cf1d0000, 0x00000120cf500000]
CodeCache: size=245760Kb, used=5838Kb, max_used=5864Kb, free=239919Kb
 total_blobs=2452, nmethods=1959, adapters=398, full_count=0
Compilation: enabled, stopped_count=0, restarted_count=0

Compilation events (20 events):
Event: 7.524 Thread 0x00000120dac81f50 1943   !   3       org.eclipse.osgi.storage.bundlefile.MRUBundleFileList::use (55 bytes)
Event: 7.524 Thread 0x00000120dac81f50 nmethod 1943 0x00000120c7da7f10 code [0x00000120c7da80e0, 0x00000120c7da84d0]
Event: 7.524 Thread 0x00000120dac81f50 1945       3       org.eclipse.osgi.internal.hookregistry.ClassLoaderHook::recordClassDefine (1 bytes)
Event: 7.524 Thread 0x00000120dac81f50 nmethod 1945 0x00000120c7da8690 code [0x00000120c7da8820, 0x00000120c7da8928]
Event: 7.525 Thread 0x00000120daba8c20 nmethod 1944 0x00000120cf5d8d10 code [0x00000120cf5d8ea0, 0x00000120cf5d90e0]
Event: 7.537 Thread 0x00000120daba8c20 1946       4       java.util.zip.ZipFile$Source::zipCoderForPos (39 bytes)
Event: 7.538 Thread 0x00000120daba8c20 nmethod 1946 0x00000120cf5d9210 code [0x00000120cf5d93a0, 0x00000120cf5d9470]
Event: 7.543 Thread 0x00000120dac81f50 1947       3       java.io.WinNTFileSystem::normalize (143 bytes)
Event: 7.544 Thread 0x00000120dac81f50 nmethod 1947 0x00000120c7da8a10 code [0x00000120c7da8ca0, 0x00000120c7da9700]
Event: 7.592 Thread 0x00000120dac81f50 1949       3       java.lang.invoke.InnerClassLambdaMetafactory::getOpcodeOffset (38 bytes)
Event: 7.592 Thread 0x00000120dac81f50 nmethod 1949 0x00000120c7da9b10 code [0x00000120c7da9ce0, 0x00000120c7da9f98]
Event: 7.593 Thread 0x00000120dac81f50 1950       3       sun.invoke.util.Wrapper::isDoubleWord (15 bytes)
Event: 7.593 Thread 0x00000120dac81f50 nmethod 1950 0x00000120c7daa090 code [0x00000120c7daa220, 0x00000120c7daa388]
Event: 7.595 Thread 0x00000120daba8c20 1952       4       java.lang.Object::equals (11 bytes)
Event: 7.596 Thread 0x00000120daba8c20 nmethod 1952 0x00000120cf5d9b10 code [0x00000120cf5d9ca0, 0x00000120cf5d9d38]
Event: 7.597 Thread 0x00000120daba8c20 1954       4       java.io.DataInputStream::readFully (59 bytes)
Event: 7.598 Thread 0x00000120dac81f50 1959   !   3       org.eclipse.osgi.container.ModuleDatabase::getWiring (31 bytes)
Event: 7.598 Thread 0x00000120dac81f50 nmethod 1959 0x00000120c7daa410 code [0x00000120c7daa680, 0x00000120c7daaff0]
Event: 7.599 Thread 0x00000120dfa286c0 1955 %     4       java.io.DataInputStream::readUTF @ 92 (501 bytes)
Event: 8.618 Thread 0x00000120dac81f50 1960   !   3       org.eclipse.osgi.internal.framework.BundleContextImpl::dispatchEvent (577 bytes)

GC Heap History (4 events):
Event: 0.758 GC heap before
{Heap before GC invocations=0 (full 0):
 garbage-first heap   total 262144K, used 22528K [0x00000000c0000000, 0x0000000100000000)
  region size 1024K, 23 young (23552K), 0 survivors (0K)
 Metaspace       used 4110K, committed 4416K, reserved 1114112K
  class space    used 453K, committed 576K, reserved 1048576K
}
Event: 0.765 GC heap after
{Heap after GC invocations=1 (full 0):
 garbage-first heap   total 262144K, used 3722K [0x00000000c0000000, 0x0000000100000000)
  region size 1024K, 3 young (3072K), 3 survivors (3072K)
 Metaspace       used 4110K, committed 4416K, reserved 1114112K
  class space    used 453K, committed 576K, reserved 1048576K
}
Event: 7.429 GC heap before
{Heap before GC invocations=1 (full 0):
 garbage-first heap   total 262144K, used 35466K [0x00000000c0000000, 0x0000000100000000)
  region size 1024K, 34 young (34816K), 3 survivors (3072K)
 Metaspace       used 9339K, committed 9728K, reserved 1114112K
  class space    used 998K, committed 1216K, reserved 1048576K
}
Event: 7.435 GC heap after
{Heap after GC invocations=2 (full 0):
 garbage-first heap   total 262144K, used 5892K [0x00000000c0000000, 0x0000000100000000)
  region size 1024K, 3 young (3072K), 3 survivors (3072K)
 Metaspace       used 9339K, committed 9728K, reserved 1114112K
  class space    used 998K, committed 1216K, reserved 1048576K
}

Dll operation events (9 events):
Event: 0.011 Loaded shared library c:\Users\anshm\.vscode\extensions\redhat.java-1.53.0-win32-x64\jre\21.0.10-win32-x86_64\bin\java.dll
Event: 0.101 Loaded shared library c:\Users\anshm\.vscode\extensions\redhat.java-1.53.0-win32-x64\jre\21.0.10-win32-x86_64\bin\zip.dll
Event: 0.120 Loaded shared library C:\Users\anshm\.vscode\extensions\redhat.java-1.53.0-win32-x64\jre\21.0.10-win32-x86_64\bin\instrument.dll
Event: 0.125 Loaded shared library C:\Users\anshm\.vscode\extensions\redhat.java-1.53.0-win32-x64\jre\21.0.10-win32-x86_64\bin\net.dll
Event: 0.127 Loaded shared library C:\Users\anshm\.vscode\extensions\redhat.java-1.53.0-win32-x64\jre\21.0.10-win32-x86_64\bin\nio.dll
Event: 0.130 Loaded shared library C:\Users\anshm\.vscode\extensions\redhat.java-1.53.0-win32-x64\jre\21.0.10-win32-x86_64\bin\zip.dll
Event: 0.148 Loaded shared library C:\Users\anshm\.vscode\extensions\redhat.java-1.53.0-win32-x64\jre\21.0.10-win32-x86_64\bin\jimage.dll
Event: 0.219 Loaded shared library c:\Users\anshm\.vscode\extensions\redhat.java-1.53.0-win32-x64\jre\21.0.10-win32-x86_64\bin\verify.dll
Event: 7.329 Loaded shared library C:\Users\anshm\AppData\Roaming\Code\User\globalStorage\redhat.java\1.53.0\config_ss_win\org.eclipse.equinox.launcher\org.eclipse.equinox.launcher.win32.win32.x86_64_1.3.0.v20260203-2149\eclipse_11919.dll

Deoptimization events (20 events):
Event: 1.367 Thread 0x00000120c482aae0 DEOPT PACKING pc=0x00000120c7b2e486 sp=0x00000009745fc1b0
Event: 1.367 Thread 0x00000120c482aae0 DEOPT UNPACKING pc=0x00000120cefb4bc2 sp=0x00000009745fb630 mode 0
Event: 1.368 Thread 0x00000120c482aae0 DEOPT PACKING pc=0x00000120c7b2e486 sp=0x00000009745fc400
Event: 1.368 Thread 0x00000120c482aae0 DEOPT UNPACKING pc=0x00000120cefb4bc2 sp=0x00000009745fb880 mode 0
Event: 7.234 Thread 0x00000120df8dbea0 Uncommon trap: trap_request=0xffffff6e fr.pc=0x00000120cf57b194 relative=0x0000000000000454
Event: 7.234 Thread 0x00000120df8dbea0 Uncommon trap: reason=loop_limit_check action=maybe_recompile pc=0x00000120cf57b194 method=java.lang.StringLatin1.indexOf([BI[BII)I @ 37 c2
Event: 7.234 Thread 0x00000120df8dbea0 DEOPT PACKING pc=0x00000120cf57b194 sp=0x00000009758f9150
Event: 7.234 Thread 0x00000120df8dbea0 DEOPT UNPACKING pc=0x00000120cefb4422 sp=0x00000009758f90b0 mode 2
Event: 7.510 Thread 0x00000120df8dbea0 Uncommon trap: trap_request=0xffffff45 fr.pc=0x00000120cf5b87d0 relative=0x0000000000000e50
Event: 7.510 Thread 0x00000120df8dbea0 Uncommon trap: reason=unstable_if action=reinterpret pc=0x00000120cf5b87d0 method=java.util.concurrent.ConcurrentHashMap.putVal(Ljava/lang/Object;Ljava/lang/Object;Z)Ljava/lang/Object; @ 148 c2
Event: 7.510 Thread 0x00000120df8dbea0 DEOPT PACKING pc=0x00000120cf5b87d0 sp=0x00000009758f9270
Event: 7.510 Thread 0x00000120df8dbea0 DEOPT UNPACKING pc=0x00000120cefb4422 sp=0x00000009758f91f0 mode 2
Event: 7.516 Thread 0x00000120df8dbea0 Uncommon trap: trap_request=0xffffff45 fr.pc=0x00000120cf5cb074 relative=0x0000000000001774
Event: 7.516 Thread 0x00000120df8dbea0 Uncommon trap: reason=unstable_if action=reinterpret pc=0x00000120cf5cb074 method=java.io.WinNTFileSystem.normalize(Ljava/lang/String;II)Ljava/lang/String; @ 100 c2
Event: 7.516 Thread 0x00000120df8dbea0 DEOPT PACKING pc=0x00000120cf5cb074 sp=0x00000009758f95a0
Event: 7.516 Thread 0x00000120df8dbea0 DEOPT UNPACKING pc=0x00000120cefb4422 sp=0x00000009758f94f0 mode 2
Event: 7.552 Thread 0x00000120df8dbea0 Uncommon trap: trap_request=0xffffff45 fr.pc=0x00000120cf586c34 relative=0x0000000000000094
Event: 7.552 Thread 0x00000120df8dbea0 Uncommon trap: reason=unstable_if action=reinterpret pc=0x00000120cf586c34 method=java.io.BufferedInputStream.getBufIfOpen(Z)[B @ 13 c2
Event: 7.552 Thread 0x00000120df8dbea0 DEOPT PACKING pc=0x00000120cf586c34 sp=0x00000009758f8e90
Event: 7.552 Thread 0x00000120df8dbea0 DEOPT UNPACKING pc=0x00000120cefb4422 sp=0x00000009758f8e10 mode 2

Classes loaded (20 events):
Event: 7.540 Loading class java/lang/CloneNotSupportedException
Event: 7.540 Loading class java/lang/CloneNotSupportedException done
Event: 7.592 Loading class java/util/stream/ReferencePipeline$5
Event: 7.592 Loading class java/util/stream/LongPipeline$StatelessOp
Event: 7.593 Loading class java/util/stream/LongPipeline
Event: 7.593 Loading class java/util/stream/LongStream
Event: 7.593 Loading class java/util/stream/LongStream done
Event: 7.593 Loading class java/util/stream/LongPipeline done
Event: 7.593 Loading class java/util/stream/LongPipeline$StatelessOp done
Event: 7.593 Loading class java/util/stream/ReferencePipeline$5 done
Event: 7.593 Loading class java/util/function/LongBinaryOperator
Event: 7.593 Loading class java/util/function/LongBinaryOperator done
Event: 7.594 Loading class java/util/stream/ReduceOps$10
Event: 7.594 Loading class java/util/stream/ReduceOps$10 done
Event: 7.594 Loading class java/util/stream/ReduceOps$8ReducingSink
Event: 7.594 Loading class java/util/stream/Sink$OfLong
Event: 7.594 Loading class java/util/stream/Sink$OfLong done
Event: 7.594 Loading class java/util/stream/ReduceOps$8ReducingSink done
Event: 7.594 Loading class java/util/stream/ReferencePipeline$5$1
Event: 7.594 Loading class java/util/stream/ReferencePipeline$5$1 done

Classes unloaded (0 events):
No events

Classes redefined (0 events):
No events

Internal exceptions (20 events):
Event: 0.803 Thread 0x00000120c482aae0 Exception <a 'java/lang/ClassNotFoundException'{0x00000000cfebbee0}: sun/net/www/protocol/c/Handler> (0x00000000cfebbee0) 
thrown [s\src\hotspot\share\classfile\systemDictionary.cpp, line 312]
Event: 0.813 Thread 0x00000120c482aae0 Exception <a 'java/io/FileNotFoundException'{0x00000000cfee4378}> (0x00000000cfee4378) 
thrown [s\src\hotspot\share\prims\jni.cpp, line 520]
Event: 0.855 Thread 0x00000120c482aae0 Implicit null exception at 0x00000120cf57620d to 0x00000120cf57785e
Event: 0.856 Thread 0x00000120c482aae0 Implicit null exception at 0x00000120cf564e9a to 0x00000120cf5650bc
Event: 0.856 Thread 0x00000120c482aae0 Exception <a 'java/lang/NoSuchMethodError'{0x00000000cfc14620}: 'void java.lang.invoke.DirectMethodHandle$Holder.invokeStatic(java.lang.Object, java.lang.Object, java.lang.Object, java.lang.Object)'> (0x00000000cfc14620) 
thrown [s\src\hotspot\share\interpreter\linkResolver.cpp, line 773]
Event: 0.858 Thread 0x00000120c482aae0 Implicit null exception at 0x00000120cf56a99a to 0x00000120cf56abbc
Event: 0.858 Thread 0x00000120c482aae0 Implicit null exception at 0x00000120cf563040 to 0x00000120cf5630c5
Event: 0.945 Thread 0x00000120c482aae0 Exception <a 'java/lang/NoSuchMethodError'{0x00000000cfa97d18}: 'void java.lang.invoke.DirectMethodHandle$Holder.invokeSpecial(java.lang.Object, java.lang.Object, java.lang.Object)'> (0x00000000cfa97d18) 
thrown [s\src\hotspot\share\interpreter\linkResolver.cpp, line 773]
Event: 1.231 Thread 0x00000120c482aae0 Exception <a 'java/lang/NoSuchMethodError'{0x00000000cf1b0cb8}: 'int java.lang.invoke.DirectMethodHandle$Holder.invokeVirtual(java.lang.Object, java.lang.Object)'> (0x00000000cf1b0cb8) 
thrown [s\src\hotspot\share\interpreter\linkResolver.cpp, line 773]
Event: 1.275 Thread 0x00000120c482aae0 Exception <a 'java/lang/NoSuchMethodError'{0x00000000cef26718}: 'int java.lang.invoke.DirectMethodHandle$Holder.invokeStaticInit(java.lang.Object, java.lang.Object, java.lang.Object, java.lang.Object)'> (0x00000000cef26718) 
thrown [s\src\hotspot\share\interpreter\linkResolver.cpp, line 773]
Event: 1.276 Thread 0x00000120c482aae0 Exception <a 'java/lang/IncompatibleClassChangeError'{0x00000000cef2eb20}: Found class java.lang.Object, but interface was expected> (0x00000000cef2eb20) 
thrown [s\src\hotspot\share\interpreter\linkResolver.cpp, line 840]
Event: 1.276 Thread 0x00000120c482aae0 Exception <a 'java/lang/NoSuchMethodError'{0x00000000cef350d0}: 'void java.lang.invoke.DirectMethodHandle$Holder.invokeStaticInit(java.lang.Object, java.lang.Object)'> (0x00000000cef350d0) 
thrown [s\src\hotspot\share\interpreter\linkResolver.cpp, line 773]
Event: 1.277 Thread 0x00000120c482aae0 Exception <a 'java/lang/NoSuchMethodError'{0x00000000cef3e288}: 'int java.lang.invoke.DirectMethodHandle$Holder.invokeStaticInit(java.lang.Object, java.lang.Object)'> (0x00000000cef3e288) 
thrown [s\src\hotspot\share\interpreter\linkResolver.cpp, line 773]
Event: 1.316 Thread 0x00000120c482aae0 Exception <a 'java/lang/NoSuchMethodError'{0x00000000ced8fef0}: 'java.lang.Object java.lang.invoke.DirectMethodHandle$Holder.newInvokeSpecial(java.lang.Object, int, java.lang.Object)'> (0x00000000ced8fef0) 
thrown [s\src\hotspot\share\interpreter\linkResolver.cpp, line 773]
Event: 1.343 Thread 0x00000120c482aae0 Exception <a 'java/lang/ClassNotFoundException'{0x00000000ceba96c0}: sun/net/www/protocol/plurl/Handler> (0x00000000ceba96c0) 
thrown [s\src\hotspot\share\classfile\systemDictionary.cpp, line 312]
Event: 1.344 Thread 0x00000120c482aae0 Exception <a 'java/lang/ClassNotFoundException'{0x00000000cebaa540}: sun/net/www/protocol/plurl/Handler> (0x00000000cebaa540) 
thrown [s\src\hotspot\share\classfile\systemDictionary.cpp, line 312]
Event: 7.210 Thread 0x00000120c482aae0 Exception <a 'java/lang/UnsatisfiedLinkError'{0x00000000ce330370}: 'void org.eclipse.equinox.launcher.JNIBridge._update_splash()'> (0x00000000ce330370) 
thrown [s\src\hotspot\share\prims\nativeLookup.cpp, line 415]
Event: 7.319 Thread 0x00000120df8dbea0 Exception <a 'java/lang/NullPointerException'{0x00000000ce0605c8}> (0x00000000ce0605c8) 
thrown [s\src\hotspot\share\interpreter\linkResolver.cpp, line 1372]
Event: 7.319 Thread 0x00000120df8dbea0 Exception <a 'java/lang/NullPointerException'{0x00000000ce0608a8}> (0x00000000ce0608a8) 
thrown [s\src\hotspot\share\interpreter\linkResolver.cpp, line 1372]
Event: 7.592 Thread 0x00000120df8dbea0 Exception <a 'java/lang/NoSuchMethodError'{0x00000000cf9e2fb0}: 'long java.lang.invoke.DirectMethodHandle$Holder.invokeSpecial(java.lang.Object, java.lang.Object)'> (0x00000000cf9e2fb0) 
thrown [s\src\hotspot\share\interpreter\linkResolver.cpp, line 773]

ZGC Phase Switch (0 events):
No events

VM Operations (20 events):
Event: 1.294 Executing non-safepoint VM operation: HandshakeAllThreads (Deoptimize)
Event: 1.294 Executing non-safepoint VM operation: HandshakeAllThreads (Deoptimize) done
Event: 1.307 Executing non-safepoint VM operation: HandshakeAllThreads (Deoptimize)
Event: 1.307 Executing non-safepoint VM operation: HandshakeAllThreads (Deoptimize) done
Event: 1.332 Executing safepoint VM operation: ICBufferFull
Event: 1.332 Executing safepoint VM operation: ICBufferFull done
Event: 1.334 Executing non-safepoint VM operation: HandshakeAllThreads (Deoptimize)
Event: 1.334 Executing non-safepoint VM operation: HandshakeAllThreads (Deoptimize) done
Event: 1.341 Executing non-safepoint VM operation: HandshakeAllThreads (Deoptimize)
Event: 1.341 Executing non-safepoint VM operation: HandshakeAllThreads (Deoptimize) done
Event: 2.345 Executing safepoint VM operation: Cleanup
Event: 2.345 Executing safepoint VM operation: Cleanup done
Event: 7.374 Executing safepoint VM operation: Cleanup
Event: 7.375 Executing safepoint VM operation: Cleanup done
Event: 7.429 Executing safepoint VM operation: G1CollectForAllocation (G1 Evacuation Pause)
Event: 7.435 Executing safepoint VM operation: G1CollectForAllocation (G1 Evacuation Pause) done
Event: 7.487 Executing non-safepoint VM operation: HandshakeAllThreads (Deoptimize)
Event: 7.487 Executing non-safepoint VM operation: HandshakeAllThreads (Deoptimize) done
Event: 8.487 Executing safepoint VM operation: Cleanup
Event: 8.617 Executing safepoint VM operation: Cleanup done

Memory protections (0 events):
No events

Nmethod flushes (0 events):
No events

Events (20 events):
Event: 0.051 Thread 0x00000120c482aae0 Thread added: 0x00000120c482aae0
Event: 0.066 Thread 0x00000120c482aae0 Thread added: 0x00000120dab91570
Event: 0.067 Thread 0x00000120c482aae0 Thread added: 0x00000120dab91de0
Event: 0.067 Thread 0x00000120c482aae0 Thread added: 0x00000120dab96e10
Event: 0.067 Thread 0x00000120c482aae0 Thread added: 0x00000120dab9f4a0
Event: 0.067 Thread 0x00000120c482aae0 Thread added: 0x00000120daba2050
Event: 0.067 Thread 0x00000120c482aae0 Thread added: 0x00000120daba66d0
Event: 0.067 Thread 0x00000120c482aae0 Thread added: 0x00000120daba8c20
Event: 0.067 Thread 0x00000120c482aae0 Thread added: 0x00000120dac81f50
Event: 0.111 Thread 0x00000120dac81f50 Thread added: 0x00000120dad64e20
Event: 0.122 Thread 0x00000120c482aae0 Thread added: 0x00000120daefe900
Event: 0.298 Thread 0x00000120c482aae0 Thread added: 0x00000120dafde710
Event: 0.427 Thread 0x00000120dac81f50 Thread added: 0x00000120df25da60
Event: 1.286 Thread 0x00000120c482aae0 Thread added: 0x00000120df24c7a0
Event: 1.524 Thread 0x00000120df25da60 Thread exited: 0x00000120df25da60
Event: 1.524 Thread 0x00000120dad64e20 Thread exited: 0x00000120dad64e20
Event: 7.203 Thread 0x00000120c482aae0 Thread added: 0x00000120df7f4050
Event: 7.208 Thread 0x00000120c482aae0 Thread added: 0x00000120df8dbea0
Event: 7.475 Thread 0x00000120df8dbea0 Thread added: 0x00000120dada2c80
Event: 7.599 Thread 0x00000120dac81f50 Thread added: 0x00000120dfa286c0


Dynamic libraries:
0x00007ff6a1900000 - 0x00007ff6a190e000 	c:\Users\anshm\.vscode\extensions\redhat.java-1.53.0-win32-x64\jre\21.0.10-win32-x86_64\bin\java.exe
0x00007ffecbd80000 - 0x00007ffecbfe7000 	C:\WINDOWS\SYSTEM32\ntdll.dll
0x00007ffeca7c0000 - 0x00007ffeca889000 	C:\WINDOWS\System32\KERNEL32.DLL
0x00007ffec8720000 - 0x00007ffec8b11000 	C:\WINDOWS\System32\KERNELBASE.dll
0x00007ffec8df0000 - 0x00007ffec8f3b000 	C:\WINDOWS\System32\ucrtbase.dll
0x00007ffe97130000 - 0x00007ffe9714e000 	c:\Users\anshm\.vscode\extensions\redhat.java-1.53.0-win32-x64\jre\21.0.10-win32-x86_64\bin\VCRUNTIME140.dll
0x00007ffea8360000 - 0x00007ffea8378000 	c:\Users\anshm\.vscode\extensions\redhat.java-1.53.0-win32-x64\jre\21.0.10-win32-x86_64\bin\jli.dll
0x00007ffecb4c0000 - 0x00007ffecb685000 	C:\WINDOWS\System32\USER32.dll
0x00007ffec9af0000 - 0x00007ffec9b17000 	C:\WINDOWS\System32\win32u.dll
0x00007ffeaf330000 - 0x00007ffeaf5c3000 	C:\WINDOWS\WinSxS\amd64_microsoft.windows.common-controls_6595b64144ccf1df_6.0.26100.8037_none_3e092faae333b53b\COMCTL32.dll
0x00007ffecb490000 - 0x00007ffecb4bb000 	C:\WINDOWS\System32\GDI32.dll
0x00007ffec9b20000 - 0x00007ffec9bc9000 	C:\WINDOWS\System32\msvcrt.dll
0x00007ffec90c0000 - 0x00007ffec91eb000 	C:\WINDOWS\System32\gdi32full.dll
0x00007ffec8d40000 - 0x00007ffec8de3000 	C:\WINDOWS\System32\msvcp_win.dll
0x00007ffecba90000 - 0x00007ffecbac1000 	C:\WINDOWS\System32\IMM32.DLL
0x00007ffeafba0000 - 0x00007ffeafbac000 	c:\Users\anshm\.vscode\extensions\redhat.java-1.53.0-win32-x64\jre\21.0.10-win32-x86_64\bin\vcruntime140_1.dll
0x00007ffe5f920000 - 0x00007ffe5f9ad000 	c:\Users\anshm\.vscode\extensions\redhat.java-1.53.0-win32-x64\jre\21.0.10-win32-x86_64\bin\msvcp140.dll
0x00007ffe3edc0000 - 0x00007ffe3fb61000 	c:\Users\anshm\.vscode\extensions\redhat.java-1.53.0-win32-x64\jre\21.0.10-win32-x86_64\bin\server\jvm.dll
0x00007ffecab40000 - 0x00007ffecabfb000 	C:\WINDOWS\System32\ADVAPI32.dll
0x00007ffecbb50000 - 0x00007ffecbbf7000 	C:\WINDOWS\System32\sechost.dll
0x00007ffecb810000 - 0x00007ffecb928000 	C:\WINDOWS\System32\RPCRT4.dll
0x00007ffecb690000 - 0x00007ffecb704000 	C:\WINDOWS\System32\WS2_32.dll
0x00007ffec84c0000 - 0x00007ffec851e000 	C:\WINDOWS\SYSTEM32\POWRPROF.dll
0x00007ffeb3a80000 - 0x00007ffeb3ab5000 	C:\WINDOWS\SYSTEM32\WINMM.dll
0x00007ffebab40000 - 0x00007ffebab4b000 	C:\WINDOWS\SYSTEM32\VERSION.dll
0x00007ffec84a0000 - 0x00007ffec84b4000 	C:\WINDOWS\SYSTEM32\UMPDC.dll
0x00007ffec73d0000 - 0x00007ffec73eb000 	C:\WINDOWS\SYSTEM32\kernel.appcore.dll
0x00007ffeabe10000 - 0x00007ffeabe1a000 	c:\Users\anshm\.vscode\extensions\redhat.java-1.53.0-win32-x64\jre\21.0.10-win32-x86_64\bin\jimage.dll
0x00007ffec6570000 - 0x00007ffec67b2000 	C:\WINDOWS\SYSTEM32\DBGHELP.DLL
0x00007ffecb090000 - 0x00007ffecb412000 	C:\WINDOWS\System32\combase.dll
0x00007ffecb9b0000 - 0x00007ffecba87000 	C:\WINDOWS\System32\OLEAUT32.dll
0x00007ffeac220000 - 0x00007ffeac25b000 	C:\WINDOWS\SYSTEM32\dbgcore.DLL
0x00007ffec8b20000 - 0x00007ffec8bc5000 	C:\WINDOWS\System32\bcryptPrimitives.dll
0x00007ffeabdb0000 - 0x00007ffeabdbf000 	c:\Users\anshm\.vscode\extensions\redhat.java-1.53.0-win32-x64\jre\21.0.10-win32-x86_64\bin\instrument.dll
0x00007ffe8cc50000 - 0x00007ffe8cc70000 	c:\Users\anshm\.vscode\extensions\redhat.java-1.53.0-win32-x64\jre\21.0.10-win32-x86_64\bin\java.dll
0x00007ffec9f70000 - 0x00007ffeca6cf000 	C:\WINDOWS\System32\SHELL32.dll
0x00007ffec8bd0000 - 0x00007ffec8d3a000 	C:\WINDOWS\System32\wintypes.dll
0x00007ffec91f0000 - 0x00007ffec9a54000 	C:\WINDOWS\System32\windows.storage.dll
0x00007ffecb710000 - 0x00007ffecb807000 	C:\WINDOWS\System32\SHCORE.dll
0x00007ffecb420000 - 0x00007ffecb487000 	C:\WINDOWS\System32\shlwapi.dll
0x00007ffec8580000 - 0x00007ffec85a9000 	C:\WINDOWS\SYSTEM32\profapi.dll
0x00007ffe61f70000 - 0x00007ffe61f88000 	c:\Users\anshm\.vscode\extensions\redhat.java-1.53.0-win32-x64\jre\21.0.10-win32-x86_64\bin\zip.dll
0x00007ffea6370000 - 0x00007ffea6380000 	C:\Users\anshm\.vscode\extensions\redhat.java-1.53.0-win32-x64\jre\21.0.10-win32-x86_64\bin\net.dll
0x00007ffeba950000 - 0x00007ffebaa77000 	C:\WINDOWS\SYSTEM32\WINHTTP.dll
0x00007ffec7960000 - 0x00007ffec79cb000 	C:\WINDOWS\system32\mswsock.dll
0x00007ffe5fc80000 - 0x00007ffe5fc96000 	C:\Users\anshm\.vscode\extensions\redhat.java-1.53.0-win32-x64\jre\21.0.10-win32-x86_64\bin\nio.dll
0x00007ffe9e5f0000 - 0x00007ffe9e600000 	c:\Users\anshm\.vscode\extensions\redhat.java-1.53.0-win32-x64\jre\21.0.10-win32-x86_64\bin\verify.dll
0x00007ffe60780000 - 0x00007ffe607c5000 	C:\Users\anshm\AppData\Roaming\Code\User\globalStorage\redhat.java\1.53.0\config_ss_win\org.eclipse.equinox.launcher\org.eclipse.equinox.launcher.win32.win32.x86_64_1.3.0.v20260203-2149\eclipse_11919.dll
0x00007ffeca890000 - 0x00007ffecaa25000 	C:\WINDOWS\System32\ole32.dll

JVMTI agents:
c:\Users\anshm\.vscode\extensions\redhat.java-1.53.0-win32-x64\lombok\lombok-1.18.39-4050.jar path:c:\Users\anshm\.vscode\extensions\redhat.java-1.53.0-win32-x64\jre\21.0.10-win32-x86_64\bin\instrument.dll, loaded, initialized, instrumentlib options:none

dbghelp: loaded successfully - version: 4.0.5 - missing functions: none
symbol engine: initialized successfully - sym options: 0x614 - pdb path: .;c:\Users\anshm\.vscode\extensions\redhat.java-1.53.0-win32-x64\jre\21.0.10-win32-x86_64\bin;C:\WINDOWS\SYSTEM32;C:\WINDOWS\WinSxS\amd64_microsoft.windows.common-controls_6595b64144ccf1df_6.0.26100.8037_none_3e092faae333b53b;c:\Users\anshm\.vscode\extensions\redhat.java-1.53.0-win32-x64\jre\21.0.10-win32-x86_64\bin\server;C:\Users\anshm\AppData\Roaming\Code\User\globalStorage\redhat.java\1.53.0\config_ss_win\org.eclipse.equinox.launcher\org.eclipse.equinox.launcher.win32.win32.x86_64_1.3.0.v20260203-2149

VM Arguments:
jvm_args: --add-modules=ALL-SYSTEM --add-opens=java.base/java.util=ALL-UNNAMED --add-opens=java.base/java.lang=ALL-UNNAMED --add-opens=java.base/sun.nio.fs=ALL-UNNAMED -Declipse.application=org.eclipse.jdt.ls.core.id1 -Dosgi.bundles.defaultStartLevel=4 -Declipse.product=org.eclipse.jdt.ls.core.product -Djava.import.generatesMetadataFilesAtProjectRoot=false -DDetectVMInstallationsJob.disabled=true -Dfile.encoding=utf8 -Xlog:disable -Xms256m -Xmx1024m -javaagent:c:\Users\anshm\.vscode\extensions\redhat.java-1.53.0-win32-x64\lombok\lombok-1.18.39-4050.jar 
java_command: c:\Users\anshm\.vscode\extensions\redhat.java-1.53.0-win32-x64\server\plugins\org.eclipse.equinox.launcher_1.7.100.v20251111-0406.jar -configuration c:\Users\anshm\AppData\Roaming\Code\User\globalStorage\redhat.java\1.53.0\config_ss_win -data c:\Users\anshm\AppData\Roaming\Code\User\workspaceStorage\ebb9056eb621576684825bd64064f457\redhat.java\ss_ws --pipe=\\.\pipe\lsp-9595033c3ea4ac223e022ad2b27e9c99-sock
java_class_path (initial): c:\Users\anshm\.vscode\extensions\redhat.java-1.53.0-win32-x64\server\plugins\org.eclipse.equinox.launcher_1.7.100.v20251111-0406.jar
Launcher Type: SUN_STANDARD

[Global flags]
     intx CICompilerCount                          = 4                                         {product} {ergonomic}
     uint ConcGCThreads                            = 2                                         {product} {ergonomic}
     uint G1ConcRefinementThreads                  = 8                                         {product} {ergonomic}
   size_t G1HeapRegionSize                         = 1048576                                   {product} {ergonomic}
    uintx GCDrainStackTargetSize                   = 64                                        {product} {ergonomic}
   size_t InitialHeapSize                          = 268435456                                 {product} {command line}
   size_t MarkStackSize                            = 4194304                                   {product} {ergonomic}
   size_t MaxHeapSize                              = 1073741824                                {product} {command line}
   size_t MaxNewSize                               = 643825664                                 {product} {ergonomic}
   size_t MinHeapDeltaBytes                        = 1048576                                   {product} {ergonomic}
   size_t MinHeapSize                              = 268435456                                 {product} {command line}
    uintx NonNMethodCodeHeapSize                   = 5839372                                {pd product} {ergonomic}
    uintx NonProfiledCodeHeapSize                  = 122909434                              {pd product} {ergonomic}
    uintx ProfiledCodeHeapSize                     = 122909434                              {pd product} {ergonomic}
    uintx ReservedCodeCacheSize                    = 251658240                              {pd product} {ergonomic}
     bool SegmentedCodeCache                       = true                                      {product} {ergonomic}
   size_t SoftMaxHeapSize                          = 1073741824                             {manageable} {ergonomic}
     bool UseCompressedOops                        = true                           {product lp64_product} {ergonomic}
     bool UseG1GC                                  = true                                      {product} {ergonomic}
     bool UseLargePagesIndividualAllocation        = false                                  {pd product} {ergonomic}

Logging:
Log output configuration:
 #0: stdout all=off uptime,level,tags foldmultilines=false
 #1: stderr all=off uptime,level,tags foldmultilines=false

Release file:
JAVA_VERSION="21.0.10" 
MODULES="java.base java.compiler java.datatransfer java.xml java.prefs java.desktop java.instrument java.logging java.management java.security.sasl java.naming java.rmi java.management.rmi java.net.http java.scripting java.security.jgss java.transaction.xa java.sql java.sql.rowset java.xml.crypto java.se java.smartcardio jdk.accessibility jdk.internal.jvmstat jdk.attach jdk.charsets jdk.internal.opt jdk.zipfs jdk.compiler jdk.crypto.ec jdk.crypto.cryptoki jdk.crypto.mscapi jdk.dynalink jdk.internal.ed jdk.editpad jdk.hotspot.agent jdk.httpserver jdk.internal.le jdk.internal.vm.ci jdk.internal.vm.compiler jdk.internal.vm.compiler.management jdk.jartool jdk.javadoc jdk.jcmd jdk.management jdk.management.agent jdk.jconsole jdk.jdeps jdk.jdwp.agent jdk.jdi jdk.jfr jdk.jshell jdk.jsobject jdk.jstatd jdk.localedata jdk.management.jfr jdk.naming.dns jdk.naming.rmi jdk.net jdk.nio.mapmode jdk.random jdk.sctp jdk.security.auth jdk.security.jgss jdk.unsupported jdk.unsupported.desktop jdk.xml.dom" 

Environment Variables:
PATH=C:\Users\anshm\AppData\Local\Programs\Microsoft VS Code;C:\Program Files\Common Files\Oracle\Java\javapath;C:\Python313\Scripts\;C:\Python313\;C:\Windows\system32;C:\Windows;C:\Windows\System32\Wbem;C:\Windows\System32\WindowsPowerShell\v1.0\;C:\Windows\System32\OpenSSH\;C:\Program Files (x86)\NVIDIA Corporation\PhysX\Common;C:\Program Files\NVIDIA Corporation\NVIDIA NvDLISR;C:\WINDOWS\system32;C:\WINDOWS;C:\WINDOWS\System32\Wbem;C:\WINDOWS\System32\WindowsPowerShell\v1.0\;C:\WINDOWS\System32\OpenSSH\;C:\Program Files\Git\cmd;C:\Program Files\nodejs\;C:\ProgramData\chocolatey\bin;C:\Program Files\MongoDB\Server\8.0\bin;C:\Program Files\MySQL\MySQL Shell 8.0\bin\;C:\Users\anshm\AppData\Local\Microsoft\WindowsApps;C:\Users\anshm\AppData\Local\Programs\Microsoft VS Code\bin;C:\Users\anshm\AppData\Roaming\npm;C:\Users\anshm\AppData\Local\Programs\mongosh\;
USERNAME=anshm
OS=Windows_NT
PROCESSOR_IDENTIFIER=Intel64 Family 6 Model 165 Stepping 2, GenuineIntel
TMP=C:\Users\anshm\AppData\Local\Temp
TEMP=C:\Users\anshm\AppData\Local\Temp




Periodic native trim disabled

---------------  S Y S T E M  ---------------

OS:
 Windows 11 , 64 bit Build 26100 (10.0.26100.7920)
OS uptime: 0 days 12:58 hours
Hyper-V role detected

CPU: total 8 (initial active 8) (4 cores per cpu, 2 threads per core) family 6 model 165 stepping 2 microcode 0xe0, cx8, cmov, fxsr, ht, mmx, 3dnowpref, sse, sse2, sse3, ssse3, sse4.1, sse4.2, popcnt, lzcnt, tsc, tscinvbit, avx, avx2, aes, erms, clmul, bmi1, bmi2, adx, fma, vzeroupper, clflush, clflushopt, hv, rdtscp, f16c
Processor Information for the first 8 processors :
  Max Mhz: 2400, Current Mhz: 2400, Mhz Limit: 2400

Memory: 4k page, system-wide physical 8029M (724M free)
TotalPageFile size 32605M (AvailPageFile size 352M)
current process WorkingSet (physical memory assigned to process): 106M, peak: 108M
current process commit charge ("private bytes"): 360M, peak: 363M

vm_info: OpenJDK 64-Bit Server VM (21.0.10+7-LTS) for windows-amd64 JRE (21.0.10+7-LTS), built on 2026-01-20T00:00:00Z by "admin" with MS VC++ 17.12 (VS2022)

END.
